{"type" : "FeatureCollection", "features" : [{"type" : "Feature", "geometry" : {"type":"Polygon","coordinates":[[[-77.604918406,39.301761799],[-77.604918406,39.336509919],[-77.560002642,39.336509919],[-77.560002642,39.301761799],[-77.604918406,39.301761799]]]}, "properties" : {"grid_id" : 1, "ev_density" : 0.05074002322629528}}, {"type" : "Feature", "geometry" : {"type":"Polygon","coordinates":[[[-77.604918406,39.301761799],[-77.604918406,39.336509919],[-77.560002642,39.336509919],[-77.560002642,39.301761799],[-77.604918406,39.301761799]]]}, "properties" : {"grid_id" : 2, "ev_density" : 0.05074002322629528}}, {"type" : "Feature", "geometry" : {"type":"Polygon","coordinates":[[[-77.917011102,39.032967606],[-77.917011102,39.067848827],[-77.872095338,39.067848827],[-77.872095338,39.032967606],[-77.917011102,39.032967606]]]}, "properties" : {"grid_id" : 3, "ev_density" : 0.16001090803396842}}, {"type" : "Feature", "geometry" : {"type":"Polygon","coordinates":[[[-77.872095338,39.032967606],[-77.872095338,39.067848827],[-77.827179574,39.067848827],[-77.827179574,39.032967606],[-77.872095338,39.032967606]]]}, "properties" : {"grid_id" : 4, "ev_density" : 0.22275067162362713}}, {"type" : "Feature", "geometry" : {"type":"Polygon","coordinates":[[[-77.827179574,39.032967606],[-77.827179574,39.067848827],[-77.782263809,39.067848827],[-77.782263809,39.032967606],[-77.827179574,39.032967606]]]}, "properties" : {"grid_id" : 5, "ev_density" : 0.7337484326088833}}, {"type" : "Feature", "geometry" : {"type":"Polygon","coordinates":[[[-77.827179574,39.032967606],[-77.827179574,39.067848827],[-77.782263809,39.067848827],[-77.782263809,39.032967606],[-77.827179574,39.032967606]]]}, "properties" : {"grid_id" : 6, "ev_density" : 0.7337484326088833}}, {"type" : "Feature", "geometry" : {"type":"Polygon","coordinates":[[[-77.917011102,39.032967606],[-77.917011102,39.067848827],[-77.872095338,39.067848827],[-77.872095338,39.032967606],[-77.917011102,39.032967606]]]}, "properties" : {"grid_id" : 7, "ev_density" : 0.16001090803396842}}, {"type" : "Feature", "geometry" : {"type":"Polygon","coordinates":[[[-77.917011102,39.032967606],[-77.917011102,39.067848827],[-77.872095338,39.067848827],[-77.872095338,39.032967606],[-77.917011102,39.032967606]]]}, "properties" : {"grid_id" : 8, "ev_density" : 0.16001090803396842}}, {"type" : "Feature", "geometry" : {"type":"Polygon","coordinates":[[[-77.872095338,39.032967606],[-77.872095338,39.067848827],[-77.827179574,39.067848827],[-77.827179574,39.032967606],[-77.872095338,39.032967606]]]}, "properties" : {"grid_id" : 9, "ev_density" : 0.22275067162362713}}, {"type" : "Feature", "geometry" : {"type":"Polygon","coordinates":[[[-77.917011102,39.067848827],[-77.917011102,39.10271282],[-77.872095338,39.10271282],[-77.872095338,39.067848827],[-77.917011102,39.067848827]]]}, "properties" : {"grid_id" : 10, "ev_density" : 0.015217832053335332}}, {"type" : "Feature", "geometry" : {"type":"Polygon","coordinates":[[[-77.872095338,39.067848827],[-77.872095338,39.10271282],[-77.827179574,39.10271282],[-77.827179574,39.067848827],[-77.872095338,39.067848827]]]}, "properties" : {"grid_id" : 11, "ev_density" : 0.0581673266910673}}, {"type" : "Feature", "geometry" : {"type":"Polygon","coordinates":[[[-77.827179574,39.067848827],[-77.827179574,39.10271282],[-77.782263809,39.10271282],[-77.782263809,39.067848827],[-77.827179574,39.067848827]]]}, "properties" : {"grid_id" : 12, "ev_density" : 1.0603001063558615}}, {"type" : "Feature", "geometry" : {"type":"Polygon","coordinates":[[[-77.827179574,39.067848827],[-77.827179574,39.10271282],[-77.782263809,39.10271282],[-77.782263809,39.067848827],[-77.827179574,39.067848827]]]}, "properties" : {"grid_id" : 13, "ev_density" : 1.0603001063558615}}, {"type" : "Feature", "geometry" : {"type":"Polygon","coordinates":[[[-77.827179574,39.067848827],[-77.827179574,39.10271282],[-77.782263809,39.10271282],[-77.782263809,39.067848827],[-77.827179574,39.067848827]]]}, "properties" : {"grid_id" : 14, "ev_density" : 1.0603001063558615}}, {"type" : "Feature", "geometry" : {"type":"Polygon","coordinates":[[[-77.872095338,39.10271282],[-77.872095338,39.137559578],[-77.827179574,39.137559578],[-77.827179574,39.10271282],[-77.872095338,39.10271282]]]}, "properties" : {"grid_id" : 15, "ev_density" : 0.002934655194007745}}, {"type" : "Feature", "geometry" : {"type":"Polygon","coordinates":[[[-77.827179574,39.10271282],[-77.827179574,39.137559578],[-77.782263809,39.137559578],[-77.782263809,39.10271282],[-77.827179574,39.10271282]]]}, "properties" : {"grid_id" : 16, "ev_density" : 0.24644502668165352}}, {"type" : "Feature", "geometry" : {"type":"Polygon","coordinates":[[[-77.872095338,39.10271282],[-77.872095338,39.137559578],[-77.827179574,39.137559578],[-77.827179574,39.10271282],[-77.872095338,39.10271282]]]}, "properties" : {"grid_id" : 17, "ev_density" : 0.002934655194007745}}, {"type" : "Feature", "geometry" : {"type":"Polygon","coordinates":[[[-77.827179574,39.10271282],[-77.827179574,39.137559578],[-77.782263809,39.137559578],[-77.782263809,39.10271282],[-77.827179574,39.10271282]]]}, "properties" : {"grid_id" : 18, "ev_density" : 0.24644502668165352}}, {"type" : "Feature", "geometry" : {"type":"Polygon","coordinates":[[[-77.827179574,39.137559578],[-77.827179574,39.172389099],[-77.782263809,39.172389099],[-77.782263809,39.137559578],[-77.827179574,39.137559578]]]}, "properties" : {"grid_id" : 19, "ev_density" : 1.7218792743129798}}, {"type" : "Feature", "geometry" : {"type":"Polygon","coordinates":[[[-77.827179574,39.137559578],[-77.827179574,39.172389099],[-77.782263809,39.172389099],[-77.782263809,39.137559578],[-77.827179574,39.137559578]]]}, "properties" : {"grid_id" : 20, "ev_density" : 1.7218792743129798}}, {"type" : "Feature", "geometry" : {"type":"Polygon","coordinates":[[[-77.827179574,39.137559578],[-77.827179574,39.172389099],[-77.782263809,39.172389099],[-77.782263809,39.137559578],[-77.827179574,39.137559578]]]}, "properties" : {"grid_id" : 21, "ev_density" : 1.7218792743129798}}, {"type" : "Feature", "geometry" : {"type":"Polygon","coordinates":[[[-77.781670921,38.762453715],[-77.781670921,38.797468115],[-77.736755157,38.797468115],[-77.736755157,38.762453715],[-77.781670921,38.762453715]]]}, "properties" : {"grid_id" : 22, "ev_density" : 0.3033805043576679}}, {"type" : "Feature", "geometry" : {"type":"Polygon","coordinates":[[[-77.736755157,38.762453715],[-77.736755157,38.797468115],[-77.691839393,38.797468115],[-77.691839393,38.762453715],[-77.736755157,38.762453715]]]}, "properties" : {"grid_id" : 23, "ev_density" : 0.44097909306818794}}, {"type" : "Feature", "geometry" : {"type":"Polygon","coordinates":[[[-77.736755157,38.762453715],[-77.736755157,38.797468115],[-77.691839393,38.797468115],[-77.691839393,38.762453715],[-77.736755157,38.762453715]]]}, "properties" : {"grid_id" : 24, "ev_density" : 0.44097909306818794}}, {"type" : "Feature", "geometry" : {"type":"Polygon","coordinates":[[[-77.691839393,38.762453715],[-77.691839393,38.797468115],[-77.646923629,38.797468115],[-77.646923629,38.762453715],[-77.691839393,38.762453715]]]}, "properties" : {"grid_id" : 25, "ev_density" : 2.347112075099892}}, {"type" : "Feature", "geometry" : {"type":"Polygon","coordinates":[[[-77.781670921,38.762453715],[-77.781670921,38.797468115],[-77.736755157,38.797468115],[-77.736755157,38.762453715],[-77.781670921,38.762453715]]]}, "properties" : {"grid_id" : 26, "ev_density" : 0.3033805043576679}}, {"type" : "Feature", "geometry" : {"type":"Polygon","coordinates":[[[-77.736755157,38.762453715],[-77.736755157,38.797468115],[-77.691839393,38.797468115],[-77.691839393,38.762453715],[-77.736755157,38.762453715]]]}, "properties" : {"grid_id" : 27, "ev_density" : 0.44097909306818794}}, {"type" : "Feature", "geometry" : {"type":"Polygon","coordinates":[[[-77.691839393,38.762453715],[-77.691839393,38.797468115],[-77.646923629,38.797468115],[-77.646923629,38.762453715],[-77.691839393,38.762453715]]]}, "properties" : {"grid_id" : 28, "ev_density" : 2.347112075099892}}, {"type" : "Feature", "geometry" : {"type":"Polygon","coordinates":[[[-77.691839393,38.762453715],[-77.691839393,38.797468115],[-77.646923629,38.797468115],[-77.646923629,38.762453715],[-77.691839393,38.762453715]]]}, "properties" : {"grid_id" : 29, "ev_density" : 2.347112075099892}}, {"type" : "Feature", "geometry" : {"type":"Polygon","coordinates":[[[-77.781670921,38.762453715],[-77.781670921,38.797468115],[-77.736755157,38.797468115],[-77.736755157,38.762453715],[-77.781670921,38.762453715]]]}, "properties" : {"grid_id" : 30, "ev_density" : 0.3033805043576679}}, {"type" : "Feature", "geometry" : {"type":"Polygon","coordinates":[[[-77.781670921,38.797468115],[-77.781670921,38.832465321],[-77.736755157,38.832465321],[-77.736755157,38.797468115],[-77.781670921,38.797468115]]]}, "properties" : {"grid_id" : 31, "ev_density" : 0.4746121957801166}}, {"type" : "Feature", "geometry" : {"type":"Polygon","coordinates":[[[-77.736755157,38.797468115],[-77.736755157,38.832465321],[-77.691839393,38.832465321],[-77.691839393,38.797468115],[-77.736755157,38.797468115]]]}, "properties" : {"grid_id" : 32, "ev_density" : 1.138933756853093}}, {"type" : "Feature", "geometry" : {"type":"Polygon","coordinates":[[[-77.691839393,38.797468115],[-77.691839393,38.832465321],[-77.646923629,38.832465321],[-77.646923629,38.797468115],[-77.691839393,38.797468115]]]}, "properties" : {"grid_id" : 33, "ev_density" : 3.8461969048200007}}, {"type" : "Feature", "geometry" : {"type":"Polygon","coordinates":[[[-77.736755157,38.797468115],[-77.736755157,38.832465321],[-77.691839393,38.832465321],[-77.691839393,38.797468115],[-77.736755157,38.797468115]]]}, "properties" : {"grid_id" : 34, "ev_density" : 1.138933756853093}}, {"type" : "Feature", "geometry" : {"type":"Polygon","coordinates":[[[-77.691839393,38.797468115],[-77.691839393,38.832465321],[-77.646923629,38.832465321],[-77.646923629,38.797468115],[-77.691839393,38.797468115]]]}, "properties" : {"grid_id" : 35, "ev_density" : 3.8461969048200007}}, {"type" : "Feature", "geometry" : {"type":"Polygon","coordinates":[[[-77.691839393,38.797468115],[-77.691839393,38.832465321],[-77.646923629,38.832465321],[-77.646923629,38.797468115],[-77.691839393,38.797468115]]]}, "properties" : {"grid_id" : 36, "ev_density" : 3.8461969048200007}}, {"type" : "Feature", "geometry" : {"type":"Polygon","coordinates":[[[-77.781670921,38.797468115],[-77.781670921,38.832465321],[-77.736755157,38.832465321],[-77.736755157,38.797468115],[-77.781670921,38.797468115]]]}, "properties" : {"grid_id" : 37, "ev_density" : 0.4746121957801166}}, {"type" : "Feature", "geometry" : {"type":"Polygon","coordinates":[[[-77.736755157,38.797468115],[-77.736755157,38.832465321],[-77.691839393,38.832465321],[-77.691839393,38.797468115],[-77.736755157,38.797468115]]]}, "properties" : {"grid_id" : 38, "ev_density" : 1.138933756853093}}, {"type" : "Feature", "geometry" : {"type":"Polygon","coordinates":[[[-77.781670921,38.832465321],[-77.781670921,38.867445328],[-77.736755157,38.867445328],[-77.736755157,38.832465321],[-77.781670921,38.832465321]]]}, "properties" : {"grid_id" : 39, "ev_density" : 0.05031806670928065}}, {"type" : "Feature", "geometry" : {"type":"Polygon","coordinates":[[[-77.736755157,38.832465321],[-77.736755157,38.867445328],[-77.691839393,38.867445328],[-77.691839393,38.832465321],[-77.736755157,38.832465321]]]}, "properties" : {"grid_id" : 40, "ev_density" : 0.9542686210940671}}, {"type" : "Feature", "geometry" : {"type":"Polygon","coordinates":[[[-77.691839393,38.832465321],[-77.691839393,38.867445328],[-77.646923629,38.867445328],[-77.646923629,38.832465321],[-77.691839393,38.832465321]]]}, "properties" : {"grid_id" : 41, "ev_density" : 4.554603660388676}}, {"type" : "Feature", "geometry" : {"type":"Polygon","coordinates":[[[-77.736755157,38.832465321],[-77.736755157,38.867445328],[-77.691839393,38.867445328],[-77.691839393,38.832465321],[-77.736755157,38.832465321]]]}, "properties" : {"grid_id" : 42, "ev_density" : 0.9542686210940671}}, {"type" : "Feature", "geometry" : {"type":"Polygon","coordinates":[[[-77.691839393,38.832465321],[-77.691839393,38.867445328],[-77.646923629,38.867445328],[-77.646923629,38.832465321],[-77.691839393,38.832465321]]]}, "properties" : {"grid_id" : 43, "ev_density" : 4.554603660388676}}, {"type" : "Feature", "geometry" : {"type":"Polygon","coordinates":[[[-77.781670921,38.832465321],[-77.781670921,38.867445328],[-77.736755157,38.867445328],[-77.736755157,38.832465321],[-77.781670921,38.832465321]]]}, "properties" : {"grid_id" : 44, "ev_density" : 0.05031806670928065}}, {"type" : "Feature", "geometry" : {"type":"Polygon","coordinates":[[[-77.736755157,38.832465321],[-77.736755157,38.867445328],[-77.691839393,38.867445328],[-77.691839393,38.832465321],[-77.736755157,38.832465321]]]}, "properties" : {"grid_id" : 45, "ev_density" : 0.9542686210940671}}, {"type" : "Feature", "geometry" : {"type":"Polygon","coordinates":[[[-77.545611631,38.918778791],[-77.545611631,38.953716325],[-77.500695867,38.953716325],[-77.500695867,38.918778791],[-77.545611631,38.918778791]]]}, "properties" : {"grid_id" : 46, "ev_density" : 7.38262999015494}}, {"type" : "Feature", "geometry" : {"type":"Polygon","coordinates":[[[-77.500695867,38.918778791],[-77.500695867,38.953716325],[-77.455780102,38.953716325],[-77.455780102,38.918778791],[-77.500695867,38.918778791]]]}, "properties" : {"grid_id" : 47, "ev_density" : 2.974543619336853}}, {"type" : "Feature", "geometry" : {"type":"Polygon","coordinates":[[[-77.545611631,38.918778791],[-77.545611631,38.953716325],[-77.500695867,38.953716325],[-77.500695867,38.918778791],[-77.545611631,38.918778791]]]}, "properties" : {"grid_id" : 48, "ev_density" : 7.38262999015494}}, {"type" : "Feature", "geometry" : {"type":"Polygon","coordinates":[[[-77.545611631,38.918778791],[-77.545611631,38.953716325],[-77.500695867,38.953716325],[-77.500695867,38.918778791],[-77.545611631,38.918778791]]]}, "properties" : {"grid_id" : 49, "ev_density" : 7.38262999015494}}, {"type" : "Feature", "geometry" : {"type":"Polygon","coordinates":[[[-77.500695867,38.918778791],[-77.500695867,38.953716325],[-77.455780102,38.953716325],[-77.455780102,38.918778791],[-77.500695867,38.918778791]]]}, "properties" : {"grid_id" : 50, "ev_density" : 2.974543619336853}}, {"type" : "Feature", "geometry" : {"type":"Polygon","coordinates":[[[-77.545611631,38.918778791],[-77.545611631,38.953716325],[-77.500695867,38.953716325],[-77.500695867,38.918778791],[-77.545611631,38.918778791]]]}, "properties" : {"grid_id" : 51, "ev_density" : 7.38262999015494}}, {"type" : "Feature", "geometry" : {"type":"Polygon","coordinates":[[[-77.500695867,38.918778791],[-77.500695867,38.953716325],[-77.455780102,38.953716325],[-77.455780102,38.918778791],[-77.500695867,38.918778791]]]}, "properties" : {"grid_id" : 52, "ev_density" : 2.974543619336853}}, {"type" : "Feature", "geometry" : {"type":"Polygon","coordinates":[[[-77.455780102,38.918778791],[-77.455780102,38.953716325],[-77.410864338,38.953716325],[-77.410864338,38.918778791],[-77.455780102,38.918778791]]]}, "properties" : {"grid_id" : 53, "ev_density" : 0.0968818277763416}}, {"type" : "Feature", "geometry" : {"type":"Polygon","coordinates":[[[-77.545611631,38.953716325],[-77.545611631,38.988636644],[-77.500695867,38.988636644],[-77.500695867,38.953716325],[-77.545611631,38.953716325]]]}, "properties" : {"grid_id" : 54, "ev_density" : 31.2792933877209}}, {"type" : "Feature", "geometry" : {"type":"Polygon","coordinates":[[[-77.500695867,38.953716325],[-77.500695867,38.988636644],[-77.455780102,38.988636644],[-77.455780102,38.953716325],[-77.500695867,38.953716325]]]}, "properties" : {"grid_id" : 55, "ev_density" : 2.729176362317369}}, {"type" : "Feature", "geometry" : {"type":"Polygon","coordinates":[[[-77.455780102,38.953716325],[-77.455780102,38.988636644],[-77.410864338,38.988636644],[-77.410864338,38.953716325],[-77.455780102,38.953716325]]]}, "properties" : {"grid_id" : 56, "ev_density" : 1.7517233609735203}}, {"type" : "Feature", "geometry" : {"type":"Polygon","coordinates":[[[-77.410864338,38.953716325],[-77.410864338,38.988636644],[-77.365948574,38.988636644],[-77.365948574,38.953716325],[-77.410864338,38.953716325]]]}, "properties" : {"grid_id" : 57, "ev_density" : 0.10763352426851147}}, {"type" : "Feature", "geometry" : {"type":"Polygon","coordinates":[[[-77.545611631,38.953716325],[-77.545611631,38.988636644],[-77.500695867,38.988636644],[-77.500695867,38.953716325],[-77.545611631,38.953716325]]]}, "properties" : {"grid_id" : 58, "ev_density" : 31.2792933877209}}, {"type" : "Feature", "geometry" : {"type":"Polygon","coordinates":[[[-77.500695867,38.953716325],[-77.500695867,38.988636644],[-77.455780102,38.988636644],[-77.455780102,38.953716325],[-77.500695867,38.953716325]]]}, "properties" : {"grid_id" : 59, "ev_density" : 2.729176362317369}}, {"type" : "Feature", "geometry" : {"type":"Polygon","coordinates":[[[-77.545611631,38.953716325],[-77.545611631,38.988636644],[-77.500695867,38.988636644],[-77.500695867,38.953716325],[-77.545611631,38.953716325]]]}, "properties" : {"grid_id" : 60, "ev_density" : 31.2792933877209}}, {"type" : "Feature", "geometry" : {"type":"Polygon","coordinates":[[[-77.455780102,38.953716325],[-77.455780102,38.988636644],[-77.410864338,38.988636644],[-77.410864338,38.953716325],[-77.455780102,38.953716325]]]}, "properties" : {"grid_id" : 61, "ev_density" : 1.7517233609735203}}, {"type" : "Feature", "geometry" : {"type":"Polygon","coordinates":[[[-77.545611631,38.953716325],[-77.545611631,38.988636644],[-77.500695867,38.988636644],[-77.500695867,38.953716325],[-77.545611631,38.953716325]]]}, "properties" : {"grid_id" : 62, "ev_density" : 31.2792933877209}}, {"type" : "Feature", "geometry" : {"type":"Polygon","coordinates":[[[-77.455780102,38.953716325],[-77.455780102,38.988636644],[-77.410864338,38.988636644],[-77.410864338,38.953716325],[-77.455780102,38.953716325]]]}, "properties" : {"grid_id" : 63, "ev_density" : 1.7517233609735203}}, {"type" : "Feature", "geometry" : {"type":"Polygon","coordinates":[[[-77.455780102,38.953716325],[-77.455780102,38.988636644],[-77.410864338,38.988636644],[-77.410864338,38.953716325],[-77.455780102,38.953716325]]]}, "properties" : {"grid_id" : 64, "ev_density" : 1.7517233609735203}}, {"type" : "Feature", "geometry" : {"type":"Polygon","coordinates":[[[-77.410864338,38.953716325],[-77.410864338,38.988636644],[-77.365948574,38.988636644],[-77.365948574,38.953716325],[-77.410864338,38.953716325]]]}, "properties" : {"grid_id" : 65, "ev_density" : 0.10763352426851147}}, {"type" : "Feature", "geometry" : {"type":"Polygon","coordinates":[[[-77.500695867,38.988636644],[-77.500695867,39.023539744],[-77.455780102,39.023539744],[-77.455780102,38.988636644],[-77.500695867,38.988636644]]]}, "properties" : {"grid_id" : 66, "ev_density" : 0.010427065637679136}}, {"type" : "Feature", "geometry" : {"type":"Polygon","coordinates":[[[-77.545611631,38.988636644],[-77.545611631,39.023539744],[-77.500695867,39.023539744],[-77.500695867,38.988636644],[-77.545611631,38.988636644]]]}, "properties" : {"grid_id" : 67, "ev_density" : 5.031372021430506}}, {"type" : "Feature", "geometry" : {"type":"Polygon","coordinates":[[[-77.545611631,38.988636644],[-77.545611631,39.023539744],[-77.500695867,39.023539744],[-77.500695867,38.988636644],[-77.545611631,38.988636644]]]}, "properties" : {"grid_id" : 68, "ev_density" : 5.031372021430506}}, {"type" : "Feature", "geometry" : {"type":"Polygon","coordinates":[[[-77.500695867,38.988636644],[-77.500695867,39.023539744],[-77.455780102,39.023539744],[-77.455780102,38.988636644],[-77.500695867,38.988636644]]]}, "properties" : {"grid_id" : 69, "ev_density" : 0.010427065637679136}}, {"type" : "Feature", "geometry" : {"type":"Polygon","coordinates":[[[-77.455780102,38.988636644],[-77.455780102,39.023539744],[-77.410864338,39.023539744],[-77.410864338,38.988636644],[-77.455780102,38.988636644]]]}, "properties" : {"grid_id" : 70, "ev_density" : 0}}, {"type" : "Feature", "geometry" : {"type":"Polygon","coordinates":[[[-77.643545963,38.963942777],[-77.643545963,38.998858054],[-77.598630199,38.998858054],[-77.598630199,38.963942777],[-77.643545963,38.963942777]]]}, "properties" : {"grid_id" : 71, "ev_density" : 4.7756462585112365}}, {"type" : "Feature", "geometry" : {"type":"Polygon","coordinates":[[[-77.598630199,38.963942777],[-77.598630199,38.998858054],[-77.553714435,38.998858054],[-77.553714435,38.963942777],[-77.598630199,38.963942777]]]}, "properties" : {"grid_id" : 72, "ev_density" : 18.940514614959735}}, {"type" : "Feature", "geometry" : {"type":"Polygon","coordinates":[[[-77.598630199,38.963942777],[-77.598630199,38.998858054],[-77.553714435,38.998858054],[-77.553714435,38.963942777],[-77.598630199,38.963942777]]]}, "properties" : {"grid_id" : 73, "ev_density" : 18.940514614959735}}, {"type" : "Feature", "geometry" : {"type":"Polygon","coordinates":[[[-77.553714435,38.963942777],[-77.553714435,38.998858054],[-77.508798671,38.998858054],[-77.508798671,38.963942777],[-77.553714435,38.963942777]]]}, "properties" : {"grid_id" : 74, "ev_density" : 29.30841310292698}}, {"type" : "Feature", "geometry" : {"type":"Polygon","coordinates":[[[-77.688461727,38.963942777],[-77.688461727,38.998858054],[-77.643545963,38.998858054],[-77.643545963,38.963942777],[-77.688461727,38.963942777]]]}, "properties" : {"grid_id" : 75, "ev_density" : 0.6780014234514856}}, {"type" : "Feature", "geometry" : {"type":"Polygon","coordinates":[[[-77.688461727,38.963942777],[-77.688461727,38.998858054],[-77.643545963,38.998858054],[-77.643545963,38.963942777],[-77.688461727,38.963942777]]]}, "properties" : {"grid_id" : 76, "ev_density" : 0.6780014234514856}}, {"type" : "Feature", "geometry" : {"type":"Polygon","coordinates":[[[-77.643545963,38.963942777],[-77.643545963,38.998858054],[-77.598630199,38.998858054],[-77.598630199,38.963942777],[-77.643545963,38.963942777]]]}, "properties" : {"grid_id" : 77, "ev_density" : 4.7756462585112365}}, {"type" : "Feature", "geometry" : {"type":"Polygon","coordinates":[[[-77.598630199,38.963942777],[-77.598630199,38.998858054],[-77.553714435,38.998858054],[-77.553714435,38.963942777],[-77.598630199,38.963942777]]]}, "properties" : {"grid_id" : 78, "ev_density" : 18.940514614959735}}, {"type" : "Feature", "geometry" : {"type":"Polygon","coordinates":[[[-77.553714435,38.963942777],[-77.553714435,38.998858054],[-77.508798671,38.998858054],[-77.508798671,38.963942777],[-77.553714435,38.963942777]]]}, "properties" : {"grid_id" : 79, "ev_density" : 29.30841310292698}}, {"type" : "Feature", "geometry" : {"type":"Polygon","coordinates":[[[-77.688461727,38.998858054],[-77.688461727,39.033756112],[-77.643545963,39.033756112],[-77.643545963,38.998858054],[-77.688461727,38.998858054]]]}, "properties" : {"grid_id" : 80, "ev_density" : 0.8716710840521141}}, {"type" : "Feature", "geometry" : {"type":"Polygon","coordinates":[[[-77.643545963,38.998858054],[-77.643545963,39.033756112],[-77.598630199,39.033756112],[-77.598630199,38.998858054],[-77.643545963,38.998858054]]]}, "properties" : {"grid_id" : 81, "ev_density" : 1.3929553938242214}}, {"type" : "Feature", "geometry" : {"type":"Polygon","coordinates":[[[-77.598630199,38.998858054],[-77.598630199,39.033756112],[-77.553714435,39.033756112],[-77.553714435,38.998858054],[-77.598630199,38.998858054]]]}, "properties" : {"grid_id" : 82, "ev_density" : 10.15261783562009}}, {"type" : "Feature", "geometry" : {"type":"Polygon","coordinates":[[[-77.553714435,38.998858054],[-77.553714435,39.033756112],[-77.508798671,39.033756112],[-77.508798671,38.998858054],[-77.553714435,38.998858054]]]}, "properties" : {"grid_id" : 83, "ev_density" : 8.182807391503989}}, {"type" : "Feature", "geometry" : {"type":"Polygon","coordinates":[[[-77.598630199,38.998858054],[-77.598630199,39.033756112],[-77.553714435,39.033756112],[-77.553714435,38.998858054],[-77.598630199,38.998858054]]]}, "properties" : {"grid_id" : 84, "ev_density" : 10.15261783562009}}, {"type" : "Feature", "geometry" : {"type":"Polygon","coordinates":[[[-77.553714435,38.998858054],[-77.553714435,39.033756112],[-77.508798671,39.033756112],[-77.508798671,38.998858054],[-77.553714435,38.998858054]]]}, "properties" : {"grid_id" : 85, "ev_density" : 8.182807391503989}}, {"type" : "Feature", "geometry" : {"type":"Polygon","coordinates":[[[-77.688461727,38.998858054],[-77.688461727,39.033756112],[-77.643545963,39.033756112],[-77.643545963,38.998858054],[-77.688461727,38.998858054]]]}, "properties" : {"grid_id" : 86, "ev_density" : 0.8716710840521141}}, {"type" : "Feature", "geometry" : {"type":"Polygon","coordinates":[[[-77.688461727,38.998858054],[-77.688461727,39.033756112],[-77.643545963,39.033756112],[-77.643545963,38.998858054],[-77.688461727,38.998858054]]]}, "properties" : {"grid_id" : 87, "ev_density" : 0.8716710840521141}}, {"type" : "Feature", "geometry" : {"type":"Polygon","coordinates":[[[-77.643545963,38.998858054],[-77.643545963,39.033756112],[-77.598630199,39.033756112],[-77.598630199,38.998858054],[-77.643545963,38.998858054]]]}, "properties" : {"grid_id" : 88, "ev_density" : 1.3929553938242214}}, {"type" : "Feature", "geometry" : {"type":"Polygon","coordinates":[[[-77.688461727,39.033756112],[-77.688461727,39.068636944],[-77.643545963,39.068636944],[-77.643545963,39.033756112],[-77.688461727,39.033756112]]]}, "properties" : {"grid_id" : 89, "ev_density" : 1.9052360572209743}}, {"type" : "Feature", "geometry" : {"type":"Polygon","coordinates":[[[-77.643545963,39.033756112],[-77.643545963,39.068636944],[-77.598630199,39.068636944],[-77.598630199,39.033756112],[-77.643545963,39.033756112]]]}, "properties" : {"grid_id" : 90, "ev_density" : 2.529167114315536}}, {"type" : "Feature", "geometry" : {"type":"Polygon","coordinates":[[[-77.598630199,39.033756112],[-77.598630199,39.068636944],[-77.553714435,39.068636944],[-77.553714435,39.033756112],[-77.598630199,39.033756112]]]}, "properties" : {"grid_id" : 91, "ev_density" : 4.573764482365934}}, {"type" : "Feature", "geometry" : {"type":"Polygon","coordinates":[[[-77.553714435,39.033756112],[-77.553714435,39.068636944],[-77.508798671,39.068636944],[-77.508798671,39.033756112],[-77.553714435,39.033756112]]]}, "properties" : {"grid_id" : 92, "ev_density" : 3.027763718377456}}, {"type" : "Feature", "geometry" : {"type":"Polygon","coordinates":[[[-77.553714435,39.033756112],[-77.553714435,39.068636944],[-77.508798671,39.068636944],[-77.508798671,39.033756112],[-77.553714435,39.033756112]]]}, "properties" : {"grid_id" : 93, "ev_density" : 3.027763718377456}}, {"type" : "Feature", "geometry" : {"type":"Polygon","coordinates":[[[-77.688461727,39.033756112],[-77.688461727,39.068636944],[-77.643545963,39.068636944],[-77.643545963,39.033756112],[-77.688461727,39.033756112]]]}, "properties" : {"grid_id" : 94, "ev_density" : 1.9052360572209743}}, {"type" : "Feature", "geometry" : {"type":"Polygon","coordinates":[[[-77.553714435,39.033756112],[-77.553714435,39.068636944],[-77.508798671,39.068636944],[-77.508798671,39.033756112],[-77.553714435,39.033756112]]]}, "properties" : {"grid_id" : 95, "ev_density" : 3.027763718377456}}, {"type" : "Feature", "geometry" : {"type":"Polygon","coordinates":[[[-77.688461727,39.033756112],[-77.688461727,39.068636944],[-77.643545963,39.068636944],[-77.643545963,39.033756112],[-77.688461727,39.033756112]]]}, "properties" : {"grid_id" : 96, "ev_density" : 1.9052360572209743}}, {"type" : "Feature", "geometry" : {"type":"Polygon","coordinates":[[[-77.643545963,39.033756112],[-77.643545963,39.068636944],[-77.598630199,39.068636944],[-77.598630199,39.033756112],[-77.643545963,39.033756112]]]}, "properties" : {"grid_id" : 97, "ev_density" : 2.529167114315536}}, {"type" : "Feature", "geometry" : {"type":"Polygon","coordinates":[[[-77.688461727,39.068636944],[-77.688461727,39.103500547],[-77.643545963,39.103500547],[-77.643545963,39.068636944],[-77.688461727,39.068636944]]]}, "properties" : {"grid_id" : 98, "ev_density" : 2.081339189227778}}, {"type" : "Feature", "geometry" : {"type":"Polygon","coordinates":[[[-77.643545963,39.068636944],[-77.643545963,39.103500547],[-77.598630199,39.103500547],[-77.598630199,39.068636944],[-77.643545963,39.068636944]]]}, "properties" : {"grid_id" : 99, "ev_density" : 1.30522876943328}}, {"type" : "Feature", "geometry" : {"type":"Polygon","coordinates":[[[-77.598630199,39.068636944],[-77.598630199,39.103500547],[-77.553714435,39.103500547],[-77.553714435,39.068636944],[-77.598630199,39.068636944]]]}, "properties" : {"grid_id" : 100, "ev_density" : 2.229455561384007}}, {"type" : "Feature", "geometry" : {"type":"Polygon","coordinates":[[[-77.553714435,39.068636944],[-77.553714435,39.103500547],[-77.508798671,39.103500547],[-77.508798671,39.068636944],[-77.553714435,39.068636944]]]}, "properties" : {"grid_id" : 101, "ev_density" : 1.411649085529197}}, {"type" : "Feature", "geometry" : {"type":"Polygon","coordinates":[[[-77.688461727,39.068636944],[-77.688461727,39.103500547],[-77.643545963,39.103500547],[-77.643545963,39.068636944],[-77.688461727,39.068636944]]]}, "properties" : {"grid_id" : 102, "ev_density" : 2.081339189227778}}, {"type" : "Feature", "geometry" : {"type":"Polygon","coordinates":[[[-77.688461727,39.103500547],[-77.688461727,39.138346916],[-77.643545963,39.138346916],[-77.643545963,39.103500547],[-77.688461727,39.103500547]]]}, "properties" : {"grid_id" : 103, "ev_density" : 0.27475540819598376}}, {"type" : "Feature", "geometry" : {"type":"Polygon","coordinates":[[[-77.643545963,39.103500547],[-77.643545963,39.138346916],[-77.598630199,39.138346916],[-77.598630199,39.103500547],[-77.643545963,39.103500547]]]}, "properties" : {"grid_id" : 104, "ev_density" : 2.34517389340623}}, {"type" : "Feature", "geometry" : {"type":"Polygon","coordinates":[[[-77.598630199,39.103500547],[-77.598630199,39.138346916],[-77.553714435,39.138346916],[-77.553714435,39.103500547],[-77.598630199,39.103500547]]]}, "properties" : {"grid_id" : 105, "ev_density" : 0.005127898984582433}}, {"type" : "Feature", "geometry" : {"type":"Polygon","coordinates":[[[-77.688461727,39.103500547],[-77.688461727,39.138346916],[-77.643545963,39.138346916],[-77.643545963,39.103500547],[-77.688461727,39.103500547]]]}, "properties" : {"grid_id" : 106, "ev_density" : 0.27475540819598376}}, {"type" : "Feature", "geometry" : {"type":"Polygon","coordinates":[[[-77.643545963,39.103500547],[-77.643545963,39.138346916],[-77.598630199,39.138346916],[-77.598630199,39.103500547],[-77.643545963,39.103500547]]]}, "properties" : {"grid_id" : 107, "ev_density" : 2.34517389340623}}, {"type" : "Feature", "geometry" : {"type":"Polygon","coordinates":[[[-77.634742473,38.385316319],[-77.634742473,38.420515088],[-77.589826709,38.420515088],[-77.589826709,38.385316319],[-77.634742473,38.385316319]]]}, "properties" : {"grid_id" : 108, "ev_density" : 0.5908806064464256}}, {"type" : "Feature", "geometry" : {"type":"Polygon","coordinates":[[[-77.634742473,38.385316319],[-77.634742473,38.420515088],[-77.589826709,38.420515088],[-77.589826709,38.385316319],[-77.634742473,38.385316319]]]}, "properties" : {"grid_id" : 109, "ev_density" : 0.5908806064464256}}, {"type" : "Feature", "geometry" : {"type":"Polygon","coordinates":[[[-77.445898634,38.596174462],[-77.445898634,38.631270337],[-77.40098287,38.631270337],[-77.40098287,38.596174462],[-77.445898634,38.596174462]]]}, "properties" : {"grid_id" : 110, "ev_density" : 2.992062734070835}}, {"type" : "Feature", "geometry" : {"type":"Polygon","coordinates":[[[-77.40098287,38.596174462],[-77.40098287,38.631270337],[-77.356067106,38.631270337],[-77.356067106,38.596174462],[-77.40098287,38.596174462]]]}, "properties" : {"grid_id" : 111, "ev_density" : 8.138334418310105}}, {"type" : "Feature", "geometry" : {"type":"Polygon","coordinates":[[[-77.490814399,38.596174462],[-77.490814399,38.631270337],[-77.445898634,38.631270337],[-77.445898634,38.596174462],[-77.490814399,38.596174462]]]}, "properties" : {"grid_id" : 112, "ev_density" : 0.5781088389951049}}, {"type" : "Feature", "geometry" : {"type":"Polygon","coordinates":[[[-77.445898634,38.596174462],[-77.445898634,38.631270337],[-77.40098287,38.631270337],[-77.40098287,38.596174462],[-77.445898634,38.596174462]]]}, "properties" : {"grid_id" : 113, "ev_density" : 2.992062734070835}}, {"type" : "Feature", "geometry" : {"type":"Polygon","coordinates":[[[-77.40098287,38.596174462],[-77.40098287,38.631270337],[-77.356067106,38.631270337],[-77.356067106,38.596174462],[-77.40098287,38.596174462]]]}, "properties" : {"grid_id" : 114, "ev_density" : 8.138334418310105}}, {"type" : "Feature", "geometry" : {"type":"Polygon","coordinates":[[[-77.40098287,38.596174462],[-77.40098287,38.631270337],[-77.356067106,38.631270337],[-77.356067106,38.596174462],[-77.40098287,38.596174462]]]}, "properties" : {"grid_id" : 115, "ev_density" : 8.138334418310105}}, {"type" : "Feature", "geometry" : {"type":"Polygon","coordinates":[[[-77.490814399,38.596174462],[-77.490814399,38.631270337],[-77.445898634,38.631270337],[-77.445898634,38.596174462],[-77.490814399,38.596174462]]]}, "properties" : {"grid_id" : 116, "ev_density" : 0.5781088389951049}}, {"type" : "Feature", "geometry" : {"type":"Polygon","coordinates":[[[-77.445898634,38.596174462],[-77.445898634,38.631270337],[-77.40098287,38.631270337],[-77.40098287,38.596174462],[-77.445898634,38.596174462]]]}, "properties" : {"grid_id" : 117, "ev_density" : 2.992062734070835}}, {"type" : "Feature", "geometry" : {"type":"Polygon","coordinates":[[[-77.445898634,38.596174462],[-77.445898634,38.631270337],[-77.40098287,38.631270337],[-77.40098287,38.596174462],[-77.445898634,38.596174462]]]}, "properties" : {"grid_id" : 118, "ev_density" : 2.992062734070835}}, {"type" : "Feature", "geometry" : {"type":"Polygon","coordinates":[[[-77.40098287,38.596174462],[-77.40098287,38.631270337],[-77.356067106,38.631270337],[-77.356067106,38.596174462],[-77.40098287,38.596174462]]]}, "properties" : {"grid_id" : 119, "ev_density" : 8.138334418310105}}, {"type" : "Feature", "geometry" : {"type":"Polygon","coordinates":[[[-77.490814399,38.631270337],[-77.490814399,38.666349041],[-77.445898634,38.666349041],[-77.445898634,38.631270337],[-77.490814399,38.631270337]]]}, "properties" : {"grid_id" : 120, "ev_density" : 1.3579381042746212}}, {"type" : "Feature", "geometry" : {"type":"Polygon","coordinates":[[[-77.445898634,38.631270337],[-77.445898634,38.666349041],[-77.40098287,38.666349041],[-77.40098287,38.631270337],[-77.445898634,38.631270337]]]}, "properties" : {"grid_id" : 121, "ev_density" : 3.9663172457457785}}, {"type" : "Feature", "geometry" : {"type":"Polygon","coordinates":[[[-77.40098287,38.631270337],[-77.40098287,38.666349041],[-77.356067106,38.666349041],[-77.356067106,38.631270337],[-77.40098287,38.631270337]]]}, "properties" : {"grid_id" : 122, "ev_density" : 10.605578286497597}}, {"type" : "Feature", "geometry" : {"type":"Polygon","coordinates":[[[-77.445898634,38.631270337],[-77.445898634,38.666349041],[-77.40098287,38.666349041],[-77.40098287,38.631270337],[-77.445898634,38.631270337]]]}, "properties" : {"grid_id" : 123, "ev_density" : 3.9663172457457785}}, {"type" : "Feature", "geometry" : {"type":"Polygon","coordinates":[[[-77.40098287,38.631270337],[-77.40098287,38.666349041],[-77.356067106,38.666349041],[-77.356067106,38.631270337],[-77.40098287,38.631270337]]]}, "properties" : {"grid_id" : 124, "ev_density" : 10.605578286497597}}, {"type" : "Feature", "geometry" : {"type":"Polygon","coordinates":[[[-77.490814399,38.631270337],[-77.490814399,38.666349041],[-77.445898634,38.666349041],[-77.445898634,38.631270337],[-77.490814399,38.631270337]]]}, "properties" : {"grid_id" : 125, "ev_density" : 1.3579381042746212}}, {"type" : "Feature", "geometry" : {"type":"Polygon","coordinates":[[[-77.445898634,38.631270337],[-77.445898634,38.666349041],[-77.40098287,38.666349041],[-77.40098287,38.631270337],[-77.445898634,38.631270337]]]}, "properties" : {"grid_id" : 126, "ev_density" : 3.9663172457457785}}, {"type" : "Feature", "geometry" : {"type":"Polygon","coordinates":[[[-77.490814399,38.666349041],[-77.490814399,38.701410568],[-77.445898634,38.701410568],[-77.445898634,38.666349041],[-77.490814399,38.666349041]]]}, "properties" : {"grid_id" : 127, "ev_density" : 2.53186507587399}}, {"type" : "Feature", "geometry" : {"type":"Polygon","coordinates":[[[-77.445898634,38.666349041],[-77.445898634,38.701410568],[-77.40098287,38.701410568],[-77.40098287,38.666349041],[-77.445898634,38.666349041]]]}, "properties" : {"grid_id" : 128, "ev_density" : 3.9395074951750138}}, {"type" : "Feature", "geometry" : {"type":"Polygon","coordinates":[[[-77.40098287,38.666349041],[-77.40098287,38.701410568],[-77.356067106,38.701410568],[-77.356067106,38.666349041],[-77.40098287,38.666349041]]]}, "properties" : {"grid_id" : 129, "ev_density" : 3.708043893644013}}, {"type" : "Feature", "geometry" : {"type":"Polygon","coordinates":[[[-77.445898634,38.666349041],[-77.445898634,38.701410568],[-77.40098287,38.701410568],[-77.40098287,38.666349041],[-77.445898634,38.666349041]]]}, "properties" : {"grid_id" : 130, "ev_density" : 3.9395074951750138}}, {"type" : "Feature", "geometry" : {"type":"Polygon","coordinates":[[[-77.40098287,38.666349041],[-77.40098287,38.701410568],[-77.356067106,38.701410568],[-77.356067106,38.666349041],[-77.40098287,38.666349041]]]}, "properties" : {"grid_id" : 131, "ev_density" : 3.708043893644013}}, {"type" : "Feature", "geometry" : {"type":"Polygon","coordinates":[[[-77.490814399,38.666349041],[-77.490814399,38.701410568],[-77.445898634,38.701410568],[-77.445898634,38.666349041],[-77.490814399,38.666349041]]]}, "properties" : {"grid_id" : 132, "ev_density" : 2.53186507587399}}, {"type" : "Feature", "geometry" : {"type":"Polygon","coordinates":[[[-77.40098287,38.666349041],[-77.40098287,38.701410568],[-77.356067106,38.701410568],[-77.356067106,38.666349041],[-77.40098287,38.666349041]]]}, "properties" : {"grid_id" : 133, "ev_density" : 3.708043893644013}}, {"type" : "Feature", "geometry" : {"type":"Polygon","coordinates":[[[-77.490814399,38.666349041],[-77.490814399,38.701410568],[-77.445898634,38.701410568],[-77.445898634,38.666349041],[-77.490814399,38.666349041]]]}, "properties" : {"grid_id" : 134, "ev_density" : 2.53186507587399}}, {"type" : "Feature", "geometry" : {"type":"Polygon","coordinates":[[[-77.490814399,38.701410568],[-77.490814399,38.736454913],[-77.445898634,38.736454913],[-77.445898634,38.701410568],[-77.490814399,38.701410568]]]}, "properties" : {"grid_id" : 135, "ev_density" : 0.8029771679226211}}, {"type" : "Feature", "geometry" : {"type":"Polygon","coordinates":[[[-77.445898634,38.701410568],[-77.445898634,38.736454913],[-77.40098287,38.736454913],[-77.40098287,38.701410568],[-77.445898634,38.701410568]]]}, "properties" : {"grid_id" : 136, "ev_density" : 3.5002921378247813}}, {"type" : "Feature", "geometry" : {"type":"Polygon","coordinates":[[[-77.40098287,38.701410568],[-77.40098287,38.736454913],[-77.356067106,38.736454913],[-77.356067106,38.701410568],[-77.40098287,38.701410568]]]}, "properties" : {"grid_id" : 137, "ev_density" : 0.12356527643699762}}, {"type" : "Feature", "geometry" : {"type":"Polygon","coordinates":[[[-77.490814399,38.701410568],[-77.490814399,38.736454913],[-77.445898634,38.736454913],[-77.445898634,38.701410568],[-77.490814399,38.701410568]]]}, "properties" : {"grid_id" : 138, "ev_density" : 0.8029771679226211}}, {"type" : "Feature", "geometry" : {"type":"Polygon","coordinates":[[[-77.445898634,38.701410568],[-77.445898634,38.736454913],[-77.40098287,38.736454913],[-77.40098287,38.701410568],[-77.445898634,38.701410568]]]}, "properties" : {"grid_id" : 139, "ev_density" : 3.5002921378247813}}, {"type" : "Feature", "geometry" : {"type":"Polygon","coordinates":[[[-77.40098287,38.701410568],[-77.40098287,38.736454913],[-77.356067106,38.736454913],[-77.356067106,38.701410568],[-77.40098287,38.701410568]]]}, "properties" : {"grid_id" : 140, "ev_density" : 0.12356527643699762}}, {"type" : "Feature", "geometry" : {"type":"Polygon","coordinates":[[[-77.828392299,39.048980225],[-77.828392299,39.083853539],[-77.783476535,39.083853539],[-77.783476535,39.048980225],[-77.828392299,39.048980225]]]}, "properties" : {"grid_id" : 141, "ev_density" : 1.366202436356339}}, {"type" : "Feature", "geometry" : {"type":"Polygon","coordinates":[[[-77.828392299,39.048980225],[-77.828392299,39.083853539],[-77.783476535,39.083853539],[-77.783476535,39.048980225],[-77.828392299,39.048980225]]]}, "properties" : {"grid_id" : 142, "ev_density" : 1.366202436356339}}, {"type" : "Feature", "geometry" : {"type":"Polygon","coordinates":[[[-77.783476535,39.048980225],[-77.783476535,39.083853539],[-77.738560771,39.083853539],[-77.738560771,39.048980225],[-77.783476535,39.048980225]]]}, "properties" : {"grid_id" : 143, "ev_density" : 0.7913812557558627}}, {"type" : "Feature", "geometry" : {"type":"Polygon","coordinates":[[[-77.828392299,39.048980225],[-77.828392299,39.083853539],[-77.783476535,39.083853539],[-77.783476535,39.048980225],[-77.828392299,39.048980225]]]}, "properties" : {"grid_id" : 144, "ev_density" : 1.366202436356339}}, {"type" : "Feature", "geometry" : {"type":"Polygon","coordinates":[[[-77.783476535,39.048980225],[-77.783476535,39.083853539],[-77.738560771,39.083853539],[-77.738560771,39.048980225],[-77.783476535,39.048980225]]]}, "properties" : {"grid_id" : 145, "ev_density" : 0.7913812557558627}}, {"type" : "Feature", "geometry" : {"type":"Polygon","coordinates":[[[-77.828392299,39.083853539],[-77.828392299,39.118709622],[-77.783476535,39.118709622],[-77.783476535,39.083853539],[-77.828392299,39.083853539]]]}, "properties" : {"grid_id" : 146, "ev_density" : 0.3628253244796357}}, {"type" : "Feature", "geometry" : {"type":"Polygon","coordinates":[[[-77.828392299,39.083853539],[-77.828392299,39.118709622],[-77.783476535,39.118709622],[-77.783476535,39.083853539],[-77.828392299,39.083853539]]]}, "properties" : {"grid_id" : 147, "ev_density" : 0.3628253244796357}}, {"type" : "Feature", "geometry" : {"type":"Polygon","coordinates":[[[-77.783476535,39.083853539],[-77.783476535,39.118709622],[-77.738560771,39.118709622],[-77.738560771,39.083853539],[-77.783476535,39.083853539]]]}, "properties" : {"grid_id" : 148, "ev_density" : 0.13440495189209278}}, {"type" : "Feature", "geometry" : {"type":"Polygon","coordinates":[[[-77.828392299,39.083853539],[-77.828392299,39.118709622],[-77.783476535,39.118709622],[-77.783476535,39.083853539],[-77.828392299,39.083853539]]]}, "properties" : {"grid_id" : 149, "ev_density" : 0.3628253244796357}}, {"type" : "Feature", "geometry" : {"type":"Polygon","coordinates":[[[-77.783476535,39.083853539],[-77.783476535,39.118709622],[-77.738560771,39.118709622],[-77.738560771,39.083853539],[-77.783476535,39.083853539]]]}, "properties" : {"grid_id" : 150, "ev_density" : 0.13440495189209278}}, {"type" : "Feature", "geometry" : {"type":"Polygon","coordinates":[[[-77.828392299,39.118709622],[-77.828392299,39.153548469],[-77.783476535,39.153548469],[-77.783476535,39.118709622],[-77.828392299,39.118709622]]]}, "properties" : {"grid_id" : 151, "ev_density" : 1.1352097880478969}}, {"type" : "Feature", "geometry" : {"type":"Polygon","coordinates":[[[-77.828392299,39.118709622],[-77.828392299,39.153548469],[-77.783476535,39.153548469],[-77.783476535,39.118709622],[-77.828392299,39.118709622]]]}, "properties" : {"grid_id" : 152, "ev_density" : 1.1352097880478969}}, {"type" : "Feature", "geometry" : {"type":"Polygon","coordinates":[[[-77.783476535,39.118709622],[-77.783476535,39.153548469],[-77.738560771,39.153548469],[-77.738560771,39.118709622],[-77.783476535,39.118709622]]]}, "properties" : {"grid_id" : 153, "ev_density" : 0.017875591447201092}}, {"type" : "Feature", "geometry" : {"type":"Polygon","coordinates":[[[-77.828392299,39.118709622],[-77.828392299,39.153548469],[-77.783476535,39.153548469],[-77.783476535,39.118709622],[-77.828392299,39.118709622]]]}, "properties" : {"grid_id" : 154, "ev_density" : 1.1352097880478969}}, {"type" : "Feature", "geometry" : {"type":"Polygon","coordinates":[[[-77.828392299,39.153548469],[-77.828392299,39.188370075],[-77.783476535,39.188370075],[-77.783476535,39.153548469],[-77.828392299,39.153548469]]]}, "properties" : {"grid_id" : 155, "ev_density" : 1.2142598528433273}}, {"type" : "Feature", "geometry" : {"type":"Polygon","coordinates":[[[-77.783476535,39.153548469],[-77.783476535,39.188370075],[-77.738560771,39.188370075],[-77.738560771,39.153548469],[-77.783476535,39.153548469]]]}, "properties" : {"grid_id" : 156, "ev_density" : 0.7640606494235466}}, {"type" : "Feature", "geometry" : {"type":"Polygon","coordinates":[[[-77.828392299,39.153548469],[-77.828392299,39.188370075],[-77.783476535,39.188370075],[-77.783476535,39.153548469],[-77.828392299,39.153548469]]]}, "properties" : {"grid_id" : 157, "ev_density" : 1.2142598528433273}}, {"type" : "Feature", "geometry" : {"type":"Polygon","coordinates":[[[-77.783476535,39.153548469],[-77.783476535,39.188370075],[-77.738560771,39.188370075],[-77.738560771,39.153548469],[-77.783476535,39.153548469]]]}, "properties" : {"grid_id" : 158, "ev_density" : 0.7640606494235466}}, {"type" : "Feature", "geometry" : {"type":"Polygon","coordinates":[[[-77.828392299,39.153548469],[-77.828392299,39.188370075],[-77.783476535,39.188370075],[-77.783476535,39.153548469],[-77.828392299,39.153548469]]]}, "properties" : {"grid_id" : 159, "ev_density" : 1.2142598528433273}}, {"type" : "Feature", "geometry" : {"type":"Polygon","coordinates":[[[-77.828392299,39.188370075],[-77.828392299,39.223174438],[-77.783476535,39.223174438],[-77.783476535,39.188370075],[-77.828392299,39.188370075]]]}, "properties" : {"grid_id" : 160, "ev_density" : 0.3483509275749966}}, {"type" : "Feature", "geometry" : {"type":"Polygon","coordinates":[[[-77.828392299,39.188370075],[-77.828392299,39.223174438],[-77.783476535,39.223174438],[-77.783476535,39.188370075],[-77.828392299,39.188370075]]]}, "properties" : {"grid_id" : 161, "ev_density" : 0.3483509275749966}}, {"type" : "Feature", "geometry" : {"type":"Polygon","coordinates":[[[-77.783476535,39.188370075],[-77.783476535,39.223174438],[-77.738560771,39.223174438],[-77.738560771,39.188370075],[-77.783476535,39.188370075]]]}, "properties" : {"grid_id" : 162, "ev_density" : 0.8307549032027459}}, {"type" : "Feature", "geometry" : {"type":"Polygon","coordinates":[[[-77.828392299,39.188370075],[-77.828392299,39.223174438],[-77.783476535,39.223174438],[-77.783476535,39.188370075],[-77.828392299,39.188370075]]]}, "properties" : {"grid_id" : 163, "ev_density" : 0.3483509275749966}}, {"type" : "Feature", "geometry" : {"type":"Polygon","coordinates":[[[-77.585892088,38.941657834],[-77.585892088,38.976584096],[-77.540976324,38.976584096],[-77.540976324,38.941657834],[-77.585892088,38.941657834]]]}, "properties" : {"grid_id" : 164, "ev_density" : 24.465633552655014}}, {"type" : "Feature", "geometry" : {"type":"Polygon","coordinates":[[[-77.540976324,38.941657834],[-77.540976324,38.976584096],[-77.49606056,38.976584096],[-77.49606056,38.941657834],[-77.540976324,38.941657834]]]}, "properties" : {"grid_id" : 165, "ev_density" : 20.04033510585448}}, {"type" : "Feature", "geometry" : {"type":"Polygon","coordinates":[[[-77.49606056,38.941657834],[-77.49606056,38.976584096],[-77.451144796,38.976584096],[-77.451144796,38.941657834],[-77.49606056,38.941657834]]]}, "properties" : {"grid_id" : 166, "ev_density" : 2.8644206633873215}}, {"type" : "Feature", "geometry" : {"type":"Polygon","coordinates":[[[-77.585892088,38.941657834],[-77.585892088,38.976584096],[-77.540976324,38.976584096],[-77.540976324,38.941657834],[-77.585892088,38.941657834]]]}, "properties" : {"grid_id" : 167, "ev_density" : 24.465633552655014}}, {"type" : "Feature", "geometry" : {"type":"Polygon","coordinates":[[[-77.540976324,38.941657834],[-77.540976324,38.976584096],[-77.49606056,38.976584096],[-77.49606056,38.941657834],[-77.540976324,38.941657834]]]}, "properties" : {"grid_id" : 168, "ev_density" : 20.04033510585448}}, {"type" : "Feature", "geometry" : {"type":"Polygon","coordinates":[[[-77.540976324,38.941657834],[-77.540976324,38.976584096],[-77.49606056,38.976584096],[-77.49606056,38.941657834],[-77.540976324,38.941657834]]]}, "properties" : {"grid_id" : 169, "ev_density" : 20.04033510585448}}, {"type" : "Feature", "geometry" : {"type":"Polygon","coordinates":[[[-77.585892088,38.941657834],[-77.585892088,38.976584096],[-77.540976324,38.976584096],[-77.540976324,38.941657834],[-77.585892088,38.941657834]]]}, "properties" : {"grid_id" : 170, "ev_density" : 24.465633552655014}}, {"type" : "Feature", "geometry" : {"type":"Polygon","coordinates":[[[-77.540976324,38.941657834],[-77.540976324,38.976584096],[-77.49606056,38.976584096],[-77.49606056,38.941657834],[-77.540976324,38.941657834]]]}, "properties" : {"grid_id" : 171, "ev_density" : 20.04033510585448}}, {"type" : "Feature", "geometry" : {"type":"Polygon","coordinates":[[[-77.540976324,38.976584096],[-77.540976324,39.01149314],[-77.49606056,39.01149314],[-77.49606056,38.976584096],[-77.540976324,38.976584096]]]}, "properties" : {"grid_id" : 172, "ev_density" : 9.728177533009385}}, {"type" : "Feature", "geometry" : {"type":"Polygon","coordinates":[[[-77.49606056,38.976584096],[-77.49606056,39.01149314],[-77.451144796,39.01149314],[-77.451144796,38.976584096],[-77.49606056,38.976584096]]]}, "properties" : {"grid_id" : 173, "ev_density" : 0.5830948091407392}}, {"type" : "Feature", "geometry" : {"type":"Polygon","coordinates":[[[-77.585892088,38.976584096],[-77.585892088,39.01149314],[-77.540976324,39.01149314],[-77.540976324,38.976584096],[-77.585892088,38.976584096]]]}, "properties" : {"grid_id" : 174, "ev_density" : 26.552993135377356}}, {"type" : "Feature", "geometry" : {"type":"Polygon","coordinates":[[[-77.585892088,38.976584096],[-77.585892088,39.01149314],[-77.540976324,39.01149314],[-77.540976324,38.976584096],[-77.585892088,38.976584096]]]}, "properties" : {"grid_id" : 175, "ev_density" : 26.552993135377356}}, {"type" : "Feature", "geometry" : {"type":"Polygon","coordinates":[[[-77.540976324,38.976584096],[-77.540976324,39.01149314],[-77.49606056,39.01149314],[-77.49606056,38.976584096],[-77.540976324,38.976584096]]]}, "properties" : {"grid_id" : 176, "ev_density" : 9.728177533009385}}, {"type" : "Feature", "geometry" : {"type":"Polygon","coordinates":[[[-77.49606056,38.976584096],[-77.49606056,39.01149314],[-77.451144796,39.01149314],[-77.451144796,38.976584096],[-77.49606056,38.976584096]]]}, "properties" : {"grid_id" : 177, "ev_density" : 0.5830948091407392}}, {"type" : "Feature", "geometry" : {"type":"Polygon","coordinates":[[[-77.585892088,38.976584096],[-77.585892088,39.01149314],[-77.540976324,39.01149314],[-77.540976324,38.976584096],[-77.585892088,38.976584096]]]}, "properties" : {"grid_id" : 178, "ev_density" : 26.552993135377356}}, {"type" : "Feature", "geometry" : {"type":"Polygon","coordinates":[[[-77.585892088,39.01149314],[-77.585892088,39.046384962],[-77.540976324,39.046384962],[-77.540976324,39.01149314],[-77.585892088,39.01149314]]]}, "properties" : {"grid_id" : 179, "ev_density" : 6.942932439241215}}, {"type" : "Feature", "geometry" : {"type":"Polygon","coordinates":[[[-77.540976324,39.01149314],[-77.540976324,39.046384962],[-77.49606056,39.046384962],[-77.49606056,39.01149314],[-77.540976324,39.01149314]]]}, "properties" : {"grid_id" : 180, "ev_density" : 1.4560152969105906}}, {"type" : "Feature", "geometry" : {"type":"Polygon","coordinates":[[[-77.585892088,39.01149314],[-77.585892088,39.046384962],[-77.540976324,39.046384962],[-77.540976324,39.01149314],[-77.585892088,39.01149314]]]}, "properties" : {"grid_id" : 181, "ev_density" : 6.942932439241215}}, {"type" : "Feature", "geometry" : {"type":"Polygon","coordinates":[[[-77.540976324,39.01149314],[-77.540976324,39.046384962],[-77.49606056,39.046384962],[-77.49606056,39.01149314],[-77.540976324,39.01149314]]]}, "properties" : {"grid_id" : 182, "ev_density" : 1.4560152969105906}}, {"type" : "Feature", "geometry" : {"type":"Polygon","coordinates":[[[-77.540976324,39.01149314],[-77.540976324,39.046384962],[-77.49606056,39.046384962],[-77.49606056,39.01149314],[-77.540976324,39.01149314]]]}, "properties" : {"grid_id" : 183, "ev_density" : 1.4560152969105906}}, {"type" : "Feature", "geometry" : {"type":"Polygon","coordinates":[[[-77.67188781,39.1610505],[-77.67188781,39.195868392],[-77.626972046,39.195868392],[-77.626972046,39.1610505],[-77.67188781,39.1610505]]]}, "properties" : {"grid_id" : 184, "ev_density" : 1.4820981538870819}}, {"type" : "Feature", "geometry" : {"type":"Polygon","coordinates":[[[-77.626972046,39.1610505],[-77.626972046,39.195868392],[-77.582056282,39.195868392],[-77.582056282,39.1610505],[-77.626972046,39.1610505]]]}, "properties" : {"grid_id" : 185, "ev_density" : 0.008965629129130223}}, {"type" : "Feature", "geometry" : {"type":"Polygon","coordinates":[[[-77.67188781,39.1610505],[-77.67188781,39.195868392],[-77.626972046,39.195868392],[-77.626972046,39.1610505],[-77.67188781,39.1610505]]]}, "properties" : {"grid_id" : 186, "ev_density" : 1.4820981538870819}}, {"type" : "Feature", "geometry" : {"type":"Polygon","coordinates":[[[-77.67188781,39.1610505],[-77.67188781,39.195868392],[-77.626972046,39.195868392],[-77.626972046,39.1610505],[-77.67188781,39.1610505]]]}, "properties" : {"grid_id" : 187, "ev_density" : 1.4820981538870819}}, {"type" : "Feature", "geometry" : {"type":"Polygon","coordinates":[[[-77.626972046,39.1610505],[-77.626972046,39.195868392],[-77.582056282,39.195868392],[-77.582056282,39.1610505],[-77.626972046,39.1610505]]]}, "properties" : {"grid_id" : 188, "ev_density" : 0.008965629129130223}}, {"type" : "Feature", "geometry" : {"type":"Polygon","coordinates":[[[-77.67188781,39.195868392],[-77.67188781,39.23066904],[-77.626972046,39.23066904],[-77.626972046,39.195868392],[-77.67188781,39.195868392]]]}, "properties" : {"grid_id" : 189, "ev_density" : 1.1365325791536056}}, {"type" : "Feature", "geometry" : {"type":"Polygon","coordinates":[[[-77.626972046,39.195868392],[-77.626972046,39.23066904],[-77.582056282,39.23066904],[-77.582056282,39.195868392],[-77.626972046,39.195868392]]]}, "properties" : {"grid_id" : 190, "ev_density" : 0.7069540859023566}}, {"type" : "Feature", "geometry" : {"type":"Polygon","coordinates":[[[-77.67188781,39.195868392],[-77.67188781,39.23066904],[-77.626972046,39.23066904],[-77.626972046,39.195868392],[-77.67188781,39.195868392]]]}, "properties" : {"grid_id" : 191, "ev_density" : 1.1365325791536056}}, {"type" : "Feature", "geometry" : {"type":"Polygon","coordinates":[[[-77.67188781,39.195868392],[-77.67188781,39.23066904],[-77.626972046,39.23066904],[-77.626972046,39.195868392],[-77.67188781,39.195868392]]]}, "properties" : {"grid_id" : 192, "ev_density" : 1.1365325791536056}}, {"type" : "Feature", "geometry" : {"type":"Polygon","coordinates":[[[-77.626972046,39.195868392],[-77.626972046,39.23066904],[-77.582056282,39.23066904],[-77.582056282,39.195868392],[-77.626972046,39.195868392]]]}, "properties" : {"grid_id" : 193, "ev_density" : 0.7069540859023566}}, {"type" : "Feature", "geometry" : {"type":"Polygon","coordinates":[[[-77.626972046,39.195868392],[-77.626972046,39.23066904],[-77.582056282,39.23066904],[-77.582056282,39.195868392],[-77.626972046,39.195868392]]]}, "properties" : {"grid_id" : 194, "ev_density" : 0.7069540859023566}}, {"type" : "Feature", "geometry" : {"type":"Polygon","coordinates":[[[-77.466038863,38.545943482],[-77.466038863,38.581063912],[-77.421123099,38.581063912],[-77.421123099,38.545943482],[-77.466038863,38.545943482]]]}, "properties" : {"grid_id" : 195, "ev_density" : 0.5434798732957492}}, {"type" : "Feature", "geometry" : {"type":"Polygon","coordinates":[[[-77.421123099,38.545943482],[-77.421123099,38.581063912],[-77.376207335,38.581063912],[-77.376207335,38.545943482],[-77.421123099,38.545943482]]]}, "properties" : {"grid_id" : 196, "ev_density" : 1.0952631659503558}}, {"type" : "Feature", "geometry" : {"type":"Polygon","coordinates":[[[-77.376207335,38.545943482],[-77.376207335,38.581063912],[-77.33129157,38.581063912],[-77.33129157,38.545943482],[-77.376207335,38.545943482]]]}, "properties" : {"grid_id" : 197, "ev_density" : 0.9998036102045325}}, {"type" : "Feature", "geometry" : {"type":"Polygon","coordinates":[[[-77.466038863,38.545943482],[-77.466038863,38.581063912],[-77.421123099,38.581063912],[-77.421123099,38.545943482],[-77.466038863,38.545943482]]]}, "properties" : {"grid_id" : 198, "ev_density" : 0.5434798732957492}}, {"type" : "Feature", "geometry" : {"type":"Polygon","coordinates":[[[-77.421123099,38.545943482],[-77.421123099,38.581063912],[-77.376207335,38.581063912],[-77.376207335,38.545943482],[-77.421123099,38.545943482]]]}, "properties" : {"grid_id" : 199, "ev_density" : 1.0952631659503558}}, {"type" : "Feature", "geometry" : {"type":"Polygon","coordinates":[[[-77.376207335,38.545943482],[-77.376207335,38.581063912],[-77.33129157,38.581063912],[-77.33129157,38.545943482],[-77.376207335,38.545943482]]]}, "properties" : {"grid_id" : 200, "ev_density" : 0.9998036102045325}}, {"type" : "Feature", "geometry" : {"type":"Polygon","coordinates":[[[-77.466038863,38.545943482],[-77.466038863,38.581063912],[-77.421123099,38.581063912],[-77.421123099,38.545943482],[-77.466038863,38.545943482]]]}, "properties" : {"grid_id" : 201, "ev_density" : 0.5434798732957492}}, {"type" : "Feature", "geometry" : {"type":"Polygon","coordinates":[[[-77.376207335,38.545943482],[-77.376207335,38.581063912],[-77.33129157,38.581063912],[-77.33129157,38.545943482],[-77.376207335,38.545943482]]]}, "properties" : {"grid_id" : 202, "ev_density" : 0.9998036102045325}}, {"type" : "Feature", "geometry" : {"type":"Polygon","coordinates":[[[-77.466038863,38.581063912],[-77.466038863,38.616167177],[-77.421123099,38.616167177],[-77.421123099,38.581063912],[-77.466038863,38.581063912]]]}, "properties" : {"grid_id" : 203, "ev_density" : 1.2905718360010343}}, {"type" : "Feature", "geometry" : {"type":"Polygon","coordinates":[[[-77.421123099,38.581063912],[-77.421123099,38.616167177],[-77.376207335,38.616167177],[-77.376207335,38.581063912],[-77.421123099,38.581063912]]]}, "properties" : {"grid_id" : 204, "ev_density" : 3.413517391354313}}, {"type" : "Feature", "geometry" : {"type":"Polygon","coordinates":[[[-77.376207335,38.581063912],[-77.376207335,38.616167177],[-77.33129157,38.616167177],[-77.33129157,38.581063912],[-77.376207335,38.581063912]]]}, "properties" : {"grid_id" : 205, "ev_density" : 8.564514284355283}}, {"type" : "Feature", "geometry" : {"type":"Polygon","coordinates":[[[-77.466038863,38.581063912],[-77.466038863,38.616167177],[-77.421123099,38.616167177],[-77.421123099,38.581063912],[-77.466038863,38.581063912]]]}, "properties" : {"grid_id" : 206, "ev_density" : 1.2905718360010343}}, {"type" : "Feature", "geometry" : {"type":"Polygon","coordinates":[[[-77.421123099,38.581063912],[-77.421123099,38.616167177],[-77.376207335,38.616167177],[-77.376207335,38.581063912],[-77.421123099,38.581063912]]]}, "properties" : {"grid_id" : 207, "ev_density" : 3.413517391354313}}, {"type" : "Feature", "geometry" : {"type":"Polygon","coordinates":[[[-77.376207335,38.581063912],[-77.376207335,38.616167177],[-77.33129157,38.616167177],[-77.33129157,38.581063912],[-77.376207335,38.581063912]]]}, "properties" : {"grid_id" : 208, "ev_density" : 8.564514284355283}}, {"type" : "Feature", "geometry" : {"type":"Polygon","coordinates":[[[-77.466038863,38.581063912],[-77.466038863,38.616167177],[-77.421123099,38.616167177],[-77.421123099,38.581063912],[-77.466038863,38.581063912]]]}, "properties" : {"grid_id" : 209, "ev_density" : 1.2905718360010343}}, {"type" : "Feature", "geometry" : {"type":"Polygon","coordinates":[[[-77.376207335,38.581063912],[-77.376207335,38.616167177],[-77.33129157,38.616167177],[-77.33129157,38.581063912],[-77.376207335,38.581063912]]]}, "properties" : {"grid_id" : 210, "ev_density" : 8.564514284355283}}, {"type" : "Feature", "geometry" : {"type":"Polygon","coordinates":[[[-77.466038863,38.581063912],[-77.466038863,38.616167177],[-77.421123099,38.616167177],[-77.421123099,38.581063912],[-77.466038863,38.581063912]]]}, "properties" : {"grid_id" : 211, "ev_density" : 1.2905718360010343}}, {"type" : "Feature", "geometry" : {"type":"Polygon","coordinates":[[[-77.421123099,38.581063912],[-77.421123099,38.616167177],[-77.376207335,38.616167177],[-77.376207335,38.581063912],[-77.421123099,38.581063912]]]}, "properties" : {"grid_id" : 212, "ev_density" : 3.413517391354313}}, {"type" : "Feature", "geometry" : {"type":"Polygon","coordinates":[[[-77.376207335,38.581063912],[-77.376207335,38.616167177],[-77.33129157,38.616167177],[-77.33129157,38.581063912],[-77.376207335,38.581063912]]]}, "properties" : {"grid_id" : 213, "ev_density" : 8.564514284355283}}, {"type" : "Feature", "geometry" : {"type":"Polygon","coordinates":[[[-77.466038863,38.616167177],[-77.466038863,38.651253272],[-77.421123099,38.651253272],[-77.421123099,38.616167177],[-77.466038863,38.616167177]]]}, "properties" : {"grid_id" : 214, "ev_density" : 2.652098804766209}}, {"type" : "Feature", "geometry" : {"type":"Polygon","coordinates":[[[-77.421123099,38.616167177],[-77.421123099,38.651253272],[-77.376207335,38.651253272],[-77.376207335,38.616167177],[-77.421123099,38.616167177]]]}, "properties" : {"grid_id" : 215, "ev_density" : 6.911850986372168}}, {"type" : "Feature", "geometry" : {"type":"Polygon","coordinates":[[[-77.376207335,38.616167177],[-77.376207335,38.651253272],[-77.33129157,38.651253272],[-77.33129157,38.616167177],[-77.376207335,38.616167177]]]}, "properties" : {"grid_id" : 216, "ev_density" : 10.479598209149282}}, {"type" : "Feature", "geometry" : {"type":"Polygon","coordinates":[[[-77.466038863,38.616167177],[-77.466038863,38.651253272],[-77.421123099,38.651253272],[-77.421123099,38.616167177],[-77.466038863,38.616167177]]]}, "properties" : {"grid_id" : 217, "ev_density" : 2.652098804766209}}, {"type" : "Feature", "geometry" : {"type":"Polygon","coordinates":[[[-77.421123099,38.616167177],[-77.421123099,38.651253272],[-77.376207335,38.651253272],[-77.376207335,38.616167177],[-77.421123099,38.616167177]]]}, "properties" : {"grid_id" : 218, "ev_density" : 6.911850986372168}}, {"type" : "Feature", "geometry" : {"type":"Polygon","coordinates":[[[-77.376207335,38.616167177],[-77.376207335,38.651253272],[-77.33129157,38.651253272],[-77.33129157,38.616167177],[-77.376207335,38.616167177]]]}, "properties" : {"grid_id" : 219, "ev_density" : 10.479598209149282}}, {"type" : "Feature", "geometry" : {"type":"Polygon","coordinates":[[[-77.466038863,38.616167177],[-77.466038863,38.651253272],[-77.421123099,38.651253272],[-77.421123099,38.616167177],[-77.466038863,38.616167177]]]}, "properties" : {"grid_id" : 220, "ev_density" : 2.652098804766209}}, {"type" : "Feature", "geometry" : {"type":"Polygon","coordinates":[[[-77.421123099,38.616167177],[-77.421123099,38.651253272],[-77.376207335,38.651253272],[-77.376207335,38.616167177],[-77.421123099,38.616167177]]]}, "properties" : {"grid_id" : 221, "ev_density" : 6.911850986372168}}, {"type" : "Feature", "geometry" : {"type":"Polygon","coordinates":[[[-77.376207335,38.616167177],[-77.376207335,38.651253272],[-77.33129157,38.651253272],[-77.33129157,38.616167177],[-77.376207335,38.616167177]]]}, "properties" : {"grid_id" : 222, "ev_density" : 10.479598209149282}}, {"type" : "Feature", "geometry" : {"type":"Polygon","coordinates":[[[-77.48346618,38.702371012],[-77.48346618,38.737414886],[-77.438550415,38.737414886],[-77.438550415,38.702371012],[-77.48346618,38.702371012]]]}, "properties" : {"grid_id" : 223, "ev_density" : 1.296802508552757}}, {"type" : "Feature", "geometry" : {"type":"Polygon","coordinates":[[[-77.438550415,38.702371012],[-77.438550415,38.737414886],[-77.393634651,38.737414886],[-77.393634651,38.702371012],[-77.438550415,38.702371012]]]}, "properties" : {"grid_id" : 224, "ev_density" : 2.9998032067196867}}, {"type" : "Feature", "geometry" : {"type":"Polygon","coordinates":[[[-77.48346618,38.702371012],[-77.48346618,38.737414886],[-77.438550415,38.737414886],[-77.438550415,38.702371012],[-77.48346618,38.702371012]]]}, "properties" : {"grid_id" : 225, "ev_density" : 1.296802508552757}}, {"type" : "Feature", "geometry" : {"type":"Polygon","coordinates":[[[-77.438550415,38.702371012],[-77.438550415,38.737414886],[-77.393634651,38.737414886],[-77.393634651,38.702371012],[-77.438550415,38.702371012]]]}, "properties" : {"grid_id" : 226, "ev_density" : 2.9998032067196867}}, {"type" : "Feature", "geometry" : {"type":"Polygon","coordinates":[[[-77.48346618,38.702371012],[-77.48346618,38.737414886],[-77.438550415,38.737414886],[-77.438550415,38.702371012],[-77.48346618,38.702371012]]]}, "properties" : {"grid_id" : 227, "ev_density" : 1.296802508552757}}, {"type" : "Feature", "geometry" : {"type":"Polygon","coordinates":[[[-77.48346618,38.737414886],[-77.48346618,38.772441574],[-77.438550415,38.772441574],[-77.438550415,38.737414886],[-77.48346618,38.737414886]]]}, "properties" : {"grid_id" : 228, "ev_density" : 1.2243024893847023}}, {"type" : "Feature", "geometry" : {"type":"Polygon","coordinates":[[[-77.438550415,38.737414886],[-77.438550415,38.772441574],[-77.393634651,38.772441574],[-77.393634651,38.737414886],[-77.438550415,38.737414886]]]}, "properties" : {"grid_id" : 229, "ev_density" : 4.594523086869468}}, {"type" : "Feature", "geometry" : {"type":"Polygon","coordinates":[[[-77.438550415,38.737414886],[-77.438550415,38.772441574],[-77.393634651,38.772441574],[-77.393634651,38.737414886],[-77.438550415,38.737414886]]]}, "properties" : {"grid_id" : 230, "ev_density" : 4.594523086869468}}, {"type" : "Feature", "geometry" : {"type":"Polygon","coordinates":[[[-77.48346618,38.737414886],[-77.48346618,38.772441574],[-77.438550415,38.772441574],[-77.438550415,38.737414886],[-77.48346618,38.737414886]]]}, "properties" : {"grid_id" : 231, "ev_density" : 1.2243024893847023}}, {"type" : "Feature", "geometry" : {"type":"Polygon","coordinates":[[[-77.48346618,38.772441574],[-77.48346618,38.807451071],[-77.438550415,38.807451071],[-77.438550415,38.772441574],[-77.48346618,38.772441574]]]}, "properties" : {"grid_id" : 232, "ev_density" : 5.647075149203768}}, {"type" : "Feature", "geometry" : {"type":"Polygon","coordinates":[[[-77.438550415,38.772441574],[-77.438550415,38.807451071],[-77.393634651,38.807451071],[-77.393634651,38.772441574],[-77.438550415,38.772441574]]]}, "properties" : {"grid_id" : 233, "ev_density" : 7.299465445822609}}, {"type" : "Feature", "geometry" : {"type":"Polygon","coordinates":[[[-77.438550415,38.772441574],[-77.438550415,38.807451071],[-77.393634651,38.807451071],[-77.393634651,38.772441574],[-77.438550415,38.772441574]]]}, "properties" : {"grid_id" : 234, "ev_density" : 7.299465445822609}}, {"type" : "Feature", "geometry" : {"type":"Polygon","coordinates":[[[-77.48346618,38.772441574],[-77.48346618,38.807451071],[-77.438550415,38.807451071],[-77.438550415,38.772441574],[-77.48346618,38.772441574]]]}, "properties" : {"grid_id" : 235, "ev_density" : 5.647075149203768}}, {"type" : "Feature", "geometry" : {"type":"Polygon","coordinates":[[[-77.438550415,38.772441574],[-77.438550415,38.807451071],[-77.393634651,38.807451071],[-77.393634651,38.772441574],[-77.438550415,38.772441574]]]}, "properties" : {"grid_id" : 236, "ev_density" : 7.299465445822609}}, {"type" : "Feature", "geometry" : {"type":"Polygon","coordinates":[[[-77.48346618,38.772441574],[-77.48346618,38.807451071],[-77.438550415,38.807451071],[-77.438550415,38.772441574],[-77.48346618,38.772441574]]]}, "properties" : {"grid_id" : 237, "ev_density" : 5.647075149203768}}, {"type" : "Feature", "geometry" : {"type":"Polygon","coordinates":[[[-77.48346618,38.772441574],[-77.48346618,38.807451071],[-77.438550415,38.807451071],[-77.438550415,38.772441574],[-77.48346618,38.772441574]]]}, "properties" : {"grid_id" : 238, "ev_density" : 5.647075149203768}}, {"type" : "Feature", "geometry" : {"type":"Polygon","coordinates":[[[-77.713174381,38.945996612],[-77.713174381,38.980920735],[-77.668258617,38.980920735],[-77.668258617,38.945996612],[-77.713174381,38.945996612]]]}, "properties" : {"grid_id" : 239, "ev_density" : 0.05508711874836699}}, {"type" : "Feature", "geometry" : {"type":"Polygon","coordinates":[[[-77.668258617,38.945996612],[-77.668258617,38.980920735],[-77.623342852,38.980920735],[-77.623342852,38.945996612],[-77.668258617,38.945996612]]]}, "properties" : {"grid_id" : 240, "ev_density" : 5.511306075175224}}, {"type" : "Feature", "geometry" : {"type":"Polygon","coordinates":[[[-77.713174381,38.945996612],[-77.713174381,38.980920735],[-77.668258617,38.980920735],[-77.668258617,38.945996612],[-77.713174381,38.945996612]]]}, "properties" : {"grid_id" : 241, "ev_density" : 0.05508711874836699}}, {"type" : "Feature", "geometry" : {"type":"Polygon","coordinates":[[[-77.668258617,38.945996612],[-77.668258617,38.980920735],[-77.623342852,38.980920735],[-77.623342852,38.945996612],[-77.668258617,38.945996612]]]}, "properties" : {"grid_id" : 242, "ev_density" : 5.511306075175224}}, {"type" : "Feature", "geometry" : {"type":"Polygon","coordinates":[[[-77.713174381,38.945996612],[-77.713174381,38.980920735],[-77.668258617,38.980920735],[-77.668258617,38.945996612],[-77.713174381,38.945996612]]]}, "properties" : {"grid_id" : 243, "ev_density" : 0.05508711874836699}}, {"type" : "Feature", "geometry" : {"type":"Polygon","coordinates":[[[-77.713174381,38.980920735],[-77.713174381,39.015827641],[-77.668258617,39.015827641],[-77.668258617,38.980920735],[-77.713174381,38.980920735]]]}, "properties" : {"grid_id" : 244, "ev_density" : 0.21116436746543196}}, {"type" : "Feature", "geometry" : {"type":"Polygon","coordinates":[[[-77.668258617,38.980920735],[-77.668258617,39.015827641],[-77.623342852,39.015827641],[-77.623342852,38.980920735],[-77.668258617,38.980920735]]]}, "properties" : {"grid_id" : 245, "ev_density" : 2.974651148097949}}, {"type" : "Feature", "geometry" : {"type":"Polygon","coordinates":[[[-77.713174381,38.980920735],[-77.713174381,39.015827641],[-77.668258617,39.015827641],[-77.668258617,38.980920735],[-77.713174381,38.980920735]]]}, "properties" : {"grid_id" : 246, "ev_density" : 0.21116436746543196}}, {"type" : "Feature", "geometry" : {"type":"Polygon","coordinates":[[[-77.668258617,38.980920735],[-77.668258617,39.015827641],[-77.623342852,39.015827641],[-77.623342852,38.980920735],[-77.668258617,38.980920735]]]}, "properties" : {"grid_id" : 247, "ev_density" : 2.974651148097949}}, {"type" : "Feature", "geometry" : {"type":"Polygon","coordinates":[[[-77.713174381,39.015827641],[-77.713174381,39.050717324],[-77.668258617,39.050717324],[-77.668258617,39.015827641],[-77.713174381,39.015827641]]]}, "properties" : {"grid_id" : 248, "ev_density" : 0.9509951589144326}}, {"type" : "Feature", "geometry" : {"type":"Polygon","coordinates":[[[-77.668258617,39.015827641],[-77.668258617,39.050717324],[-77.623342852,39.050717324],[-77.623342852,39.015827641],[-77.668258617,39.015827641]]]}, "properties" : {"grid_id" : 249, "ev_density" : 1.8246806550513686}}, {"type" : "Feature", "geometry" : {"type":"Polygon","coordinates":[[[-77.713174381,39.015827641],[-77.713174381,39.050717324],[-77.668258617,39.050717324],[-77.668258617,39.015827641],[-77.713174381,39.015827641]]]}, "properties" : {"grid_id" : 250, "ev_density" : 0.9509951589144326}}, {"type" : "Feature", "geometry" : {"type":"Polygon","coordinates":[[[-77.668258617,39.015827641],[-77.668258617,39.050717324],[-77.623342852,39.050717324],[-77.623342852,39.015827641],[-77.668258617,39.015827641]]]}, "properties" : {"grid_id" : 251, "ev_density" : 1.8246806550513686}}, {"type" : "Feature", "geometry" : {"type":"Polygon","coordinates":[[[-77.713174381,39.015827641],[-77.713174381,39.050717324],[-77.668258617,39.050717324],[-77.668258617,39.015827641],[-77.713174381,39.015827641]]]}, "properties" : {"grid_id" : 252, "ev_density" : 0.9509951589144326}}, {"type" : "Feature", "geometry" : {"type":"Polygon","coordinates":[[[-77.713174381,39.015827641],[-77.713174381,39.050717324],[-77.668258617,39.050717324],[-77.668258617,39.015827641],[-77.713174381,39.015827641]]]}, "properties" : {"grid_id" : 253, "ev_density" : 0.9509951589144326}}, {"type" : "Feature", "geometry" : {"type":"Polygon","coordinates":[[[-77.668258617,39.015827641],[-77.668258617,39.050717324],[-77.623342852,39.050717324],[-77.623342852,39.015827641],[-77.668258617,39.015827641]]]}, "properties" : {"grid_id" : 254, "ev_density" : 1.8246806550513686}}, {"type" : "Feature", "geometry" : {"type":"Polygon","coordinates":[[[-77.713174381,39.050717324],[-77.713174381,39.08558978],[-77.668258617,39.08558978],[-77.668258617,39.050717324],[-77.713174381,39.050717324]]]}, "properties" : {"grid_id" : 255, "ev_density" : 1.531552457190841}}, {"type" : "Feature", "geometry" : {"type":"Polygon","coordinates":[[[-77.668258617,39.050717324],[-77.668258617,39.08558978],[-77.623342852,39.08558978],[-77.623342852,39.050717324],[-77.668258617,39.050717324]]]}, "properties" : {"grid_id" : 256, "ev_density" : 2.1024709122871443}}, {"type" : "Feature", "geometry" : {"type":"Polygon","coordinates":[[[-77.713174381,39.050717324],[-77.713174381,39.08558978],[-77.668258617,39.08558978],[-77.668258617,39.050717324],[-77.713174381,39.050717324]]]}, "properties" : {"grid_id" : 257, "ev_density" : 1.531552457190841}}, {"type" : "Feature", "geometry" : {"type":"Polygon","coordinates":[[[-77.713174381,39.050717324],[-77.713174381,39.08558978],[-77.668258617,39.08558978],[-77.668258617,39.050717324],[-77.713174381,39.050717324]]]}, "properties" : {"grid_id" : 258, "ev_density" : 1.531552457190841}}, {"type" : "Feature", "geometry" : {"type":"Polygon","coordinates":[[[-77.437005313,38.740294728],[-77.437005313,38.775320003],[-77.392089549,38.775320003],[-77.392089549,38.740294728],[-77.437005313,38.740294728]]]}, "properties" : {"grid_id" : 259, "ev_density" : 4.870500563002357}}, {"type" : "Feature", "geometry" : {"type":"Polygon","coordinates":[[[-77.437005313,38.740294728],[-77.437005313,38.775320003],[-77.392089549,38.775320003],[-77.392089549,38.740294728],[-77.437005313,38.740294728]]]}, "properties" : {"grid_id" : 260, "ev_density" : 4.870500563002357}}, {"type" : "Feature", "geometry" : {"type":"Polygon","coordinates":[[[-77.392089549,38.740294728],[-77.392089549,38.775320003],[-77.347173785,38.775320003],[-77.347173785,38.740294728],[-77.392089549,38.740294728]]]}, "properties" : {"grid_id" : 261, "ev_density" : 5.9821940999529835}}, {"type" : "Feature", "geometry" : {"type":"Polygon","coordinates":[[[-77.347173785,38.740294728],[-77.347173785,38.775320003],[-77.30225802,38.775320003],[-77.30225802,38.740294728],[-77.347173785,38.740294728]]]}, "properties" : {"grid_id" : 262, "ev_density" : 2.9034756390002703}}, {"type" : "Feature", "geometry" : {"type":"Polygon","coordinates":[[[-77.392089549,38.740294728],[-77.392089549,38.775320003],[-77.347173785,38.775320003],[-77.347173785,38.740294728],[-77.392089549,38.740294728]]]}, "properties" : {"grid_id" : 263, "ev_density" : 5.9821940999529835}}, {"type" : "Feature", "geometry" : {"type":"Polygon","coordinates":[[[-77.347173785,38.740294728],[-77.347173785,38.775320003],[-77.30225802,38.775320003],[-77.30225802,38.740294728],[-77.347173785,38.740294728]]]}, "properties" : {"grid_id" : 264, "ev_density" : 2.9034756390002703}}, {"type" : "Feature", "geometry" : {"type":"Polygon","coordinates":[[[-77.437005313,38.775320003],[-77.437005313,38.810328087],[-77.392089549,38.810328087],[-77.392089549,38.775320003],[-77.437005313,38.775320003]]]}, "properties" : {"grid_id" : 265, "ev_density" : 7.495101054403369}}, {"type" : "Feature", "geometry" : {"type":"Polygon","coordinates":[[[-77.437005313,38.775320003],[-77.437005313,38.810328087],[-77.392089549,38.810328087],[-77.392089549,38.775320003],[-77.437005313,38.775320003]]]}, "properties" : {"grid_id" : 266, "ev_density" : 7.495101054403369}}, {"type" : "Feature", "geometry" : {"type":"Polygon","coordinates":[[[-77.392089549,38.775320003],[-77.392089549,38.810328087],[-77.347173785,38.810328087],[-77.347173785,38.775320003],[-77.392089549,38.775320003]]]}, "properties" : {"grid_id" : 267, "ev_density" : 9.868716842241097}}, {"type" : "Feature", "geometry" : {"type":"Polygon","coordinates":[[[-77.347173785,38.775320003],[-77.347173785,38.810328087],[-77.30225802,38.810328087],[-77.30225802,38.775320003],[-77.347173785,38.775320003]]]}, "properties" : {"grid_id" : 268, "ev_density" : 1.320080734681743}}, {"type" : "Feature", "geometry" : {"type":"Polygon","coordinates":[[[-77.437005313,38.775320003],[-77.437005313,38.810328087],[-77.392089549,38.810328087],[-77.392089549,38.775320003],[-77.437005313,38.775320003]]]}, "properties" : {"grid_id" : 269, "ev_density" : 7.495101054403369}}, {"type" : "Feature", "geometry" : {"type":"Polygon","coordinates":[[[-77.392089549,38.775320003],[-77.392089549,38.810328087],[-77.347173785,38.810328087],[-77.347173785,38.775320003],[-77.392089549,38.775320003]]]}, "properties" : {"grid_id" : 270, "ev_density" : 9.868716842241097}}, {"type" : "Feature", "geometry" : {"type":"Polygon","coordinates":[[[-77.347173785,38.775320003],[-77.347173785,38.810328087],[-77.30225802,38.810328087],[-77.30225802,38.775320003],[-77.347173785,38.775320003]]]}, "properties" : {"grid_id" : 271, "ev_density" : 1.320080734681743}}, {"type" : "Feature", "geometry" : {"type":"Polygon","coordinates":[[[-77.392089549,38.775320003],[-77.392089549,38.810328087],[-77.347173785,38.810328087],[-77.347173785,38.775320003],[-77.392089549,38.775320003]]]}, "properties" : {"grid_id" : 272, "ev_density" : 9.868716842241097}}, {"type" : "Feature", "geometry" : {"type":"Polygon","coordinates":[[[-77.347173785,38.775320003],[-77.347173785,38.810328087],[-77.30225802,38.810328087],[-77.30225802,38.775320003],[-77.347173785,38.775320003]]]}, "properties" : {"grid_id" : 273, "ev_density" : 1.320080734681743}}, {"type" : "Feature", "geometry" : {"type":"Polygon","coordinates":[[[-77.437005313,38.810328087],[-77.437005313,38.845318975],[-77.392089549,38.845318975],[-77.392089549,38.810328087],[-77.437005313,38.810328087]]]}, "properties" : {"grid_id" : 274, "ev_density" : 5.455778099827623}}, {"type" : "Feature", "geometry" : {"type":"Polygon","coordinates":[[[-77.392089549,38.810328087],[-77.392089549,38.845318975],[-77.347173785,38.845318975],[-77.347173785,38.810328087],[-77.392089549,38.810328087]]]}, "properties" : {"grid_id" : 275, "ev_density" : 12.808703538518444}}, {"type" : "Feature", "geometry" : {"type":"Polygon","coordinates":[[[-77.437005313,38.810328087],[-77.437005313,38.845318975],[-77.392089549,38.845318975],[-77.392089549,38.810328087],[-77.437005313,38.810328087]]]}, "properties" : {"grid_id" : 276, "ev_density" : 5.455778099827623}}, {"type" : "Feature", "geometry" : {"type":"Polygon","coordinates":[[[-77.437005313,38.810328087],[-77.437005313,38.845318975],[-77.392089549,38.845318975],[-77.392089549,38.810328087],[-77.437005313,38.810328087]]]}, "properties" : {"grid_id" : 277, "ev_density" : 5.455778099827623}}, {"type" : "Feature", "geometry" : {"type":"Polygon","coordinates":[[[-77.392089549,38.810328087],[-77.392089549,38.845318975],[-77.347173785,38.845318975],[-77.347173785,38.810328087],[-77.392089549,38.810328087]]]}, "properties" : {"grid_id" : 278, "ev_density" : 12.808703538518444}}, {"type" : "Feature", "geometry" : {"type":"Polygon","coordinates":[[[-77.347173785,38.810328087],[-77.347173785,38.845318975],[-77.30225802,38.845318975],[-77.30225802,38.810328087],[-77.347173785,38.810328087]]]}, "properties" : {"grid_id" : 279, "ev_density" : 1.7427881651871147}}, {"type" : "Feature", "geometry" : {"type":"Polygon","coordinates":[[[-77.437005313,38.810328087],[-77.437005313,38.845318975],[-77.392089549,38.845318975],[-77.392089549,38.810328087],[-77.437005313,38.810328087]]]}, "properties" : {"grid_id" : 280, "ev_density" : 5.455778099827623}}, {"type" : "Feature", "geometry" : {"type":"Polygon","coordinates":[[[-77.530888243,39.043559366],[-77.530888243,39.078435357],[-77.485972479,39.078435357],[-77.485972479,39.043559366],[-77.530888243,39.043559366]]]}, "properties" : {"grid_id" : 281, "ev_density" : 0.2841405734901188}}, {"type" : "Feature", "geometry" : {"type":"Polygon","coordinates":[[[-77.530888243,39.043559366],[-77.530888243,39.078435357],[-77.485972479,39.078435357],[-77.485972479,39.043559366],[-77.530888243,39.043559366]]]}, "properties" : {"grid_id" : 282, "ev_density" : 0.2841405734901188}}, {"type" : "Feature", "geometry" : {"type":"Polygon","coordinates":[[[-77.530888243,39.043559366],[-77.530888243,39.078435357],[-77.485972479,39.078435357],[-77.485972479,39.043559366],[-77.530888243,39.043559366]]]}, "properties" : {"grid_id" : 283, "ev_density" : 0.2841405734901188}}, {"type" : "Feature", "geometry" : {"type":"Polygon","coordinates":[[[-77.503911835,38.427362776],[-77.503911835,38.462541066],[-77.458996071,38.462541066],[-77.458996071,38.427362776],[-77.503911835,38.427362776]]]}, "properties" : {"grid_id" : 284, "ev_density" : 0.17255587676025877}}, {"type" : "Feature", "geometry" : {"type":"Polygon","coordinates":[[[-77.503911835,38.427362776],[-77.503911835,38.462541066],[-77.458996071,38.462541066],[-77.458996071,38.427362776],[-77.503911835,38.427362776]]]}, "properties" : {"grid_id" : 285, "ev_density" : 0.17255587676025877}}, {"type" : "Feature", "geometry" : {"type":"Polygon","coordinates":[[[-77.674645638,38.495459438],[-77.674645638,38.53060452],[-77.629729874,38.53060452],[-77.629729874,38.495459438],[-77.674645638,38.495459438]]]}, "properties" : {"grid_id" : 286, "ev_density" : 0.019455758765020998}}, {"type" : "Feature", "geometry" : {"type":"Polygon","coordinates":[[[-77.629729874,38.495459438],[-77.629729874,38.53060452],[-77.58481411,38.53060452],[-77.58481411,38.495459438],[-77.629729874,38.495459438]]]}, "properties" : {"grid_id" : 287, "ev_density" : 0.1920286568703439}}, {"type" : "Feature", "geometry" : {"type":"Polygon","coordinates":[[[-77.58481411,38.495459438],[-77.58481411,38.53060452],[-77.539898346,38.53060452],[-77.539898346,38.495459438],[-77.58481411,38.495459438]]]}, "properties" : {"grid_id" : 288, "ev_density" : 1.8547847860726143}}, {"type" : "Feature", "geometry" : {"type":"Polygon","coordinates":[[[-77.58481411,38.495459438],[-77.58481411,38.53060452],[-77.539898346,38.53060452],[-77.539898346,38.495459438],[-77.58481411,38.495459438]]]}, "properties" : {"grid_id" : 289, "ev_density" : 1.8547847860726143}}, {"type" : "Feature", "geometry" : {"type":"Polygon","coordinates":[[[-77.629729874,38.495459438],[-77.629729874,38.53060452],[-77.58481411,38.53060452],[-77.58481411,38.495459438],[-77.629729874,38.495459438]]]}, "properties" : {"grid_id" : 290, "ev_density" : 0.1920286568703439}}, {"type" : "Feature", "geometry" : {"type":"Polygon","coordinates":[[[-77.58481411,38.495459438],[-77.58481411,38.53060452],[-77.539898346,38.53060452],[-77.539898346,38.495459438],[-77.58481411,38.495459438]]]}, "properties" : {"grid_id" : 291, "ev_density" : 1.8547847860726143}}, {"type" : "Feature", "geometry" : {"type":"Polygon","coordinates":[[[-77.629729874,38.495459438],[-77.629729874,38.53060452],[-77.58481411,38.53060452],[-77.58481411,38.495459438],[-77.629729874,38.495459438]]]}, "properties" : {"grid_id" : 292, "ev_density" : 0.1920286568703439}}, {"type" : "Feature", "geometry" : {"type":"Polygon","coordinates":[[[-77.58481411,38.495459438],[-77.58481411,38.53060452],[-77.539898346,38.53060452],[-77.539898346,38.495459438],[-77.58481411,38.495459438]]]}, "properties" : {"grid_id" : 293, "ev_density" : 1.8547847860726143}}, {"type" : "Feature", "geometry" : {"type":"Polygon","coordinates":[[[-77.674645638,38.495459438],[-77.674645638,38.53060452],[-77.629729874,38.53060452],[-77.629729874,38.495459438],[-77.674645638,38.495459438]]]}, "properties" : {"grid_id" : 294, "ev_density" : 0.019455758765020998}}, {"type" : "Feature", "geometry" : {"type":"Polygon","coordinates":[[[-77.629729874,38.495459438],[-77.629729874,38.53060452],[-77.58481411,38.53060452],[-77.58481411,38.495459438],[-77.629729874,38.495459438]]]}, "properties" : {"grid_id" : 295, "ev_density" : 0.1920286568703439}}, {"type" : "Feature", "geometry" : {"type":"Polygon","coordinates":[[[-77.674645638,38.53060452],[-77.674645638,38.565732443],[-77.629729874,38.565732443],[-77.629729874,38.53060452],[-77.674645638,38.53060452]]]}, "properties" : {"grid_id" : 296, "ev_density" : 0.06983715207373623}}, {"type" : "Feature", "geometry" : {"type":"Polygon","coordinates":[[[-77.629729874,38.53060452],[-77.629729874,38.565732443],[-77.58481411,38.565732443],[-77.58481411,38.53060452],[-77.629729874,38.53060452]]]}, "properties" : {"grid_id" : 297, "ev_density" : 0.14296147386124985}}, {"type" : "Feature", "geometry" : {"type":"Polygon","coordinates":[[[-77.58481411,38.53060452],[-77.58481411,38.565732443],[-77.539898346,38.565732443],[-77.539898346,38.53060452],[-77.58481411,38.53060452]]]}, "properties" : {"grid_id" : 298, "ev_density" : 0.40624549734564663}}, {"type" : "Feature", "geometry" : {"type":"Polygon","coordinates":[[[-77.674645638,38.53060452],[-77.674645638,38.565732443],[-77.629729874,38.565732443],[-77.629729874,38.53060452],[-77.674645638,38.53060452]]]}, "properties" : {"grid_id" : 299, "ev_density" : 0.06983715207373623}}, {"type" : "Feature", "geometry" : {"type":"Polygon","coordinates":[[[-77.629729874,38.53060452],[-77.629729874,38.565732443],[-77.58481411,38.565732443],[-77.58481411,38.53060452],[-77.629729874,38.53060452]]]}, "properties" : {"grid_id" : 300, "ev_density" : 0.14296147386124985}}, {"type" : "Feature", "geometry" : {"type":"Polygon","coordinates":[[[-77.58481411,38.53060452],[-77.58481411,38.565732443],[-77.539898346,38.565732443],[-77.539898346,38.53060452],[-77.58481411,38.53060452]]]}, "properties" : {"grid_id" : 301, "ev_density" : 0.40624549734564663}}, {"type" : "Feature", "geometry" : {"type":"Polygon","coordinates":[[[-77.58481411,38.53060452],[-77.58481411,38.565732443],[-77.539898346,38.565732443],[-77.539898346,38.53060452],[-77.58481411,38.53060452]]]}, "properties" : {"grid_id" : 302, "ev_density" : 0.40624549734564663}}, {"type" : "Feature", "geometry" : {"type":"Polygon","coordinates":[[[-77.67504988,38.527055645],[-77.67504988,38.562185302],[-77.630134116,38.562185302],[-77.630134116,38.527055645],[-77.67504988,38.527055645]]]}, "properties" : {"grid_id" : 303, "ev_density" : 0.06720450916869623}}, {"type" : "Feature", "geometry" : {"type":"Polygon","coordinates":[[[-77.630134116,38.527055645],[-77.630134116,38.562185302],[-77.585218352,38.562185302],[-77.585218352,38.527055645],[-77.630134116,38.527055645]]]}, "properties" : {"grid_id" : 304, "ev_density" : 0.1272328209847402}}, {"type" : "Feature", "geometry" : {"type":"Polygon","coordinates":[[[-77.585218352,38.527055645],[-77.585218352,38.562185302],[-77.540302588,38.562185302],[-77.540302588,38.527055645],[-77.585218352,38.527055645]]]}, "properties" : {"grid_id" : 305, "ev_density" : 0.472090463615153}}, {"type" : "Feature", "geometry" : {"type":"Polygon","coordinates":[[[-77.67504988,38.527055645],[-77.67504988,38.562185302],[-77.630134116,38.562185302],[-77.630134116,38.527055645],[-77.67504988,38.527055645]]]}, "properties" : {"grid_id" : 306, "ev_density" : 0.06720450916869623}}, {"type" : "Feature", "geometry" : {"type":"Polygon","coordinates":[[[-77.630134116,38.527055645],[-77.630134116,38.562185302],[-77.585218352,38.562185302],[-77.585218352,38.527055645],[-77.630134116,38.527055645]]]}, "properties" : {"grid_id" : 307, "ev_density" : 0.1272328209847402}}, {"type" : "Feature", "geometry" : {"type":"Polygon","coordinates":[[[-77.585218352,38.527055645],[-77.585218352,38.562185302],[-77.540302588,38.562185302],[-77.540302588,38.527055645],[-77.585218352,38.527055645]]]}, "properties" : {"grid_id" : 308, "ev_density" : 0.472090463615153}}, {"type" : "Feature", "geometry" : {"type":"Polygon","coordinates":[[[-77.540302588,38.527055645],[-77.540302588,38.562185302],[-77.495386823,38.562185302],[-77.495386823,38.527055645],[-77.540302588,38.527055645]]]}, "properties" : {"grid_id" : 309, "ev_density" : 1.4705248612549402}}, {"type" : "Feature", "geometry" : {"type":"Polygon","coordinates":[[[-77.540302588,38.527055645],[-77.540302588,38.562185302],[-77.495386823,38.562185302],[-77.495386823,38.527055645],[-77.540302588,38.527055645]]]}, "properties" : {"grid_id" : 310, "ev_density" : 1.4705248612549402}}, {"type" : "Feature", "geometry" : {"type":"Polygon","coordinates":[[[-77.540302588,38.527055645],[-77.540302588,38.562185302],[-77.495386823,38.562185302],[-77.495386823,38.527055645],[-77.540302588,38.527055645]]]}, "properties" : {"grid_id" : 311, "ev_density" : 1.4705248612549402}}, {"type" : "Feature", "geometry" : {"type":"Polygon","coordinates":[[[-77.585218352,38.527055645],[-77.585218352,38.562185302],[-77.540302588,38.562185302],[-77.540302588,38.527055645],[-77.585218352,38.527055645]]]}, "properties" : {"grid_id" : 312, "ev_density" : 0.472090463615153}}, {"type" : "Feature", "geometry" : {"type":"Polygon","coordinates":[[[-77.540302588,38.527055645],[-77.540302588,38.562185302],[-77.495386823,38.562185302],[-77.495386823,38.527055645],[-77.540302588,38.527055645]]]}, "properties" : {"grid_id" : 313, "ev_density" : 1.4705248612549402}}, {"type" : "Feature", "geometry" : {"type":"Polygon","coordinates":[[[-77.67504988,38.562185302],[-77.67504988,38.597297796],[-77.630134116,38.597297796],[-77.630134116,38.562185302],[-77.67504988,38.562185302]]]}, "properties" : {"grid_id" : 314, "ev_density" : 0.00846843300766016}}, {"type" : "Feature", "geometry" : {"type":"Polygon","coordinates":[[[-77.67504988,38.562185302],[-77.67504988,38.597297796],[-77.630134116,38.597297796],[-77.630134116,38.562185302],[-77.67504988,38.562185302]]]}, "properties" : {"grid_id" : 315, "ev_density" : 0.00846843300766016}}, {"type" : "Feature", "geometry" : {"type":"Polygon","coordinates":[[[-77.630134116,38.562185302],[-77.630134116,38.597297796],[-77.585218352,38.597297796],[-77.585218352,38.562185302],[-77.630134116,38.562185302]]]}, "properties" : {"grid_id" : 316, "ev_density" : 0.14386936032283001}}, {"type" : "Feature", "geometry" : {"type":"Polygon","coordinates":[[[-77.585218352,38.562185302],[-77.585218352,38.597297796],[-77.540302588,38.597297796],[-77.540302588,38.562185302],[-77.585218352,38.562185302]]]}, "properties" : {"grid_id" : 317, "ev_density" : 0.270194309973798}}, {"type" : "Feature", "geometry" : {"type":"Polygon","coordinates":[[[-77.540302588,38.562185302],[-77.540302588,38.597297796],[-77.495386823,38.597297796],[-77.495386823,38.562185302],[-77.540302588,38.562185302]]]}, "properties" : {"grid_id" : 318, "ev_density" : 0.42727900430474897}}, {"type" : "Feature", "geometry" : {"type":"Polygon","coordinates":[[[-77.540302588,38.562185302],[-77.540302588,38.597297796],[-77.495386823,38.597297796],[-77.495386823,38.562185302],[-77.540302588,38.562185302]]]}, "properties" : {"grid_id" : 319, "ev_density" : 0.42727900430474897}}, {"type" : "Feature", "geometry" : {"type":"Polygon","coordinates":[[[-77.585218352,38.562185302],[-77.585218352,38.597297796],[-77.540302588,38.597297796],[-77.540302588,38.562185302],[-77.585218352,38.562185302]]]}, "properties" : {"grid_id" : 320, "ev_density" : 0.270194309973798}}, {"type" : "Feature", "geometry" : {"type":"Polygon","coordinates":[[[-77.540302588,38.562185302],[-77.540302588,38.597297796],[-77.495386823,38.597297796],[-77.495386823,38.562185302],[-77.540302588,38.562185302]]]}, "properties" : {"grid_id" : 321, "ev_density" : 0.42727900430474897}}, {"type" : "Feature", "geometry" : {"type":"Polygon","coordinates":[[[-77.630134116,38.597297796],[-77.630134116,38.632393122],[-77.585218352,38.632393122],[-77.585218352,38.597297796],[-77.630134116,38.597297796]]]}, "properties" : {"grid_id" : 322, "ev_density" : 0.0419992495214674}}, {"type" : "Feature", "geometry" : {"type":"Polygon","coordinates":[[[-77.585218352,38.597297796],[-77.585218352,38.632393122],[-77.540302588,38.632393122],[-77.540302588,38.597297796],[-77.585218352,38.597297796]]]}, "properties" : {"grid_id" : 323, "ev_density" : 0.3435024476235633}}, {"type" : "Feature", "geometry" : {"type":"Polygon","coordinates":[[[-77.585218352,38.597297796],[-77.585218352,38.632393122],[-77.540302588,38.632393122],[-77.540302588,38.597297796],[-77.585218352,38.597297796]]]}, "properties" : {"grid_id" : 324, "ev_density" : 0.3435024476235633}}, {"type" : "Feature", "geometry" : {"type":"Polygon","coordinates":[[[-77.540302588,38.597297796],[-77.540302588,38.632393122],[-77.495386823,38.632393122],[-77.495386823,38.597297796],[-77.540302588,38.597297796]]]}, "properties" : {"grid_id" : 325, "ev_density" : 0.447100093935107}}, {"type" : "Feature", "geometry" : {"type":"Polygon","coordinates":[[[-77.630134116,38.632393122],[-77.630134116,38.667471276],[-77.585218352,38.667471276],[-77.585218352,38.632393122],[-77.630134116,38.632393122]]]}, "properties" : {"grid_id" : 326, "ev_density" : 0.00047230548444837563}}, {"type" : "Feature", "geometry" : {"type":"Polygon","coordinates":[[[-77.585218352,38.632393122],[-77.585218352,38.667471276],[-77.540302588,38.667471276],[-77.540302588,38.632393122],[-77.585218352,38.632393122]]]}, "properties" : {"grid_id" : 327, "ev_density" : 0.10907719012684354}}, {"type" : "Feature", "geometry" : {"type":"Polygon","coordinates":[[[-77.540302588,38.632393122],[-77.540302588,38.667471276],[-77.495386823,38.667471276],[-77.495386823,38.632393122],[-77.540302588,38.632393122]]]}, "properties" : {"grid_id" : 328, "ev_density" : 0.3638587938878285}}, {"type" : "Feature", "geometry" : {"type":"Polygon","coordinates":[[[-77.719965644,38.667471276],[-77.719965644,38.702532253],[-77.67504988,38.702532253],[-77.67504988,38.667471276],[-77.719965644,38.667471276]]]}, "properties" : {"grid_id" : 329, "ev_density" : 0.70895209949147}}, {"type" : "Feature", "geometry" : {"type":"Polygon","coordinates":[[[-77.67504988,38.667471276],[-77.67504988,38.702532253],[-77.630134116,38.702532253],[-77.630134116,38.667471276],[-77.67504988,38.667471276]]]}, "properties" : {"grid_id" : 330, "ev_density" : 0.07884189134780276}}, {"type" : "Feature", "geometry" : {"type":"Polygon","coordinates":[[[-77.630134116,38.667471276],[-77.630134116,38.702532253],[-77.585218352,38.702532253],[-77.585218352,38.667471276],[-77.630134116,38.667471276]]]}, "properties" : {"grid_id" : 331, "ev_density" : 0.025120867228019705}}, {"type" : "Feature", "geometry" : {"type":"Polygon","coordinates":[[[-77.719965644,38.667471276],[-77.719965644,38.702532253],[-77.67504988,38.702532253],[-77.67504988,38.667471276],[-77.719965644,38.667471276]]]}, "properties" : {"grid_id" : 332, "ev_density" : 0.70895209949147}}, {"type" : "Feature", "geometry" : {"type":"Polygon","coordinates":[[[-77.540302588,38.667471276],[-77.540302588,38.702532253],[-77.495386823,38.702532253],[-77.495386823,38.667471276],[-77.540302588,38.667471276]]]}, "properties" : {"grid_id" : 333, "ev_density" : 0.2815541327007132}}, {"type" : "Feature", "geometry" : {"type":"Polygon","coordinates":[[[-77.630134116,38.667471276],[-77.630134116,38.702532253],[-77.585218352,38.702532253],[-77.585218352,38.667471276],[-77.630134116,38.667471276]]]}, "properties" : {"grid_id" : 334, "ev_density" : 0.025120867228019705}}, {"type" : "Feature", "geometry" : {"type":"Polygon","coordinates":[[[-77.540302588,38.667471276],[-77.540302588,38.702532253],[-77.495386823,38.702532253],[-77.495386823,38.667471276],[-77.540302588,38.667471276]]]}, "properties" : {"grid_id" : 335, "ev_density" : 0.2815541327007132}}, {"type" : "Feature", "geometry" : {"type":"Polygon","coordinates":[[[-77.719965644,38.702532253],[-77.719965644,38.737576048],[-77.67504988,38.737576048],[-77.67504988,38.702532253],[-77.719965644,38.702532253]]]}, "properties" : {"grid_id" : 336, "ev_density" : 0.8876791034613414}}, {"type" : "Feature", "geometry" : {"type":"Polygon","coordinates":[[[-77.67504988,38.702532253],[-77.67504988,38.737576048],[-77.630134116,38.737576048],[-77.630134116,38.702532253],[-77.67504988,38.702532253]]]}, "properties" : {"grid_id" : 337, "ev_density" : 0.40279637803185464}}, {"type" : "Feature", "geometry" : {"type":"Polygon","coordinates":[[[-77.630134116,38.702532253],[-77.630134116,38.737576048],[-77.585218352,38.737576048],[-77.585218352,38.702532253],[-77.630134116,38.702532253]]]}, "properties" : {"grid_id" : 338, "ev_density" : 0.49733425615426285}}, {"type" : "Feature", "geometry" : {"type":"Polygon","coordinates":[[[-77.719965644,38.702532253],[-77.719965644,38.737576048],[-77.67504988,38.737576048],[-77.67504988,38.702532253],[-77.719965644,38.702532253]]]}, "properties" : {"grid_id" : 339, "ev_density" : 0.8876791034613414}}, {"type" : "Feature", "geometry" : {"type":"Polygon","coordinates":[[[-77.630134116,38.702532253],[-77.630134116,38.737576048],[-77.585218352,38.737576048],[-77.585218352,38.702532253],[-77.630134116,38.702532253]]]}, "properties" : {"grid_id" : 340, "ev_density" : 0.49733425615426285}}, {"type" : "Feature", "geometry" : {"type":"Polygon","coordinates":[[[-77.585218352,38.702532253],[-77.585218352,38.737576048],[-77.540302588,38.737576048],[-77.540302588,38.702532253],[-77.585218352,38.702532253]]]}, "properties" : {"grid_id" : 341, "ev_density" : 3.9220829071084804}}, {"type" : "Feature", "geometry" : {"type":"Polygon","coordinates":[[[-77.540302588,38.702532253],[-77.540302588,38.737576048],[-77.495386823,38.737576048],[-77.495386823,38.702532253],[-77.540302588,38.702532253]]]}, "properties" : {"grid_id" : 342, "ev_density" : 0.3134538156428259}}, {"type" : "Feature", "geometry" : {"type":"Polygon","coordinates":[[[-77.719965644,38.702532253],[-77.719965644,38.737576048],[-77.67504988,38.737576048],[-77.67504988,38.702532253],[-77.719965644,38.702532253]]]}, "properties" : {"grid_id" : 343, "ev_density" : 0.8876791034613414}}, {"type" : "Feature", "geometry" : {"type":"Polygon","coordinates":[[[-77.67504988,38.702532253],[-77.67504988,38.737576048],[-77.630134116,38.737576048],[-77.630134116,38.702532253],[-77.67504988,38.702532253]]]}, "properties" : {"grid_id" : 344, "ev_density" : 0.40279637803185464}}, {"type" : "Feature", "geometry" : {"type":"Polygon","coordinates":[[[-77.630134116,38.702532253],[-77.630134116,38.737576048],[-77.585218352,38.737576048],[-77.585218352,38.702532253],[-77.630134116,38.702532253]]]}, "properties" : {"grid_id" : 345, "ev_density" : 0.49733425615426285}}, {"type" : "Feature", "geometry" : {"type":"Polygon","coordinates":[[[-77.585218352,38.702532253],[-77.585218352,38.737576048],[-77.540302588,38.737576048],[-77.540302588,38.702532253],[-77.585218352,38.702532253]]]}, "properties" : {"grid_id" : 346, "ev_density" : 3.9220829071084804}}, {"type" : "Feature", "geometry" : {"type":"Polygon","coordinates":[[[-77.540302588,38.702532253],[-77.540302588,38.737576048],[-77.495386823,38.737576048],[-77.495386823,38.702532253],[-77.540302588,38.702532253]]]}, "properties" : {"grid_id" : 347, "ev_density" : 0.3134538156428259}}, {"type" : "Feature", "geometry" : {"type":"Polygon","coordinates":[[[-77.71038062,39.035744782],[-77.71038062,39.070624632],[-77.665464856,39.070624632],[-77.665464856,39.035744782],[-77.71038062,39.035744782]]]}, "properties" : {"grid_id" : 348, "ev_density" : 1.3202461388103468}}, {"type" : "Feature", "geometry" : {"type":"Polygon","coordinates":[[[-77.665464856,39.035744782],[-77.665464856,39.070624632],[-77.620549092,39.070624632],[-77.620549092,39.035744782],[-77.665464856,39.035744782]]]}, "properties" : {"grid_id" : 349, "ev_density" : 2.465073289385275}}, {"type" : "Feature", "geometry" : {"type":"Polygon","coordinates":[[[-77.800212149,39.035744782],[-77.800212149,39.070624632],[-77.755296384,39.070624632],[-77.755296384,39.035744782],[-77.800212149,39.035744782]]]}, "properties" : {"grid_id" : 350, "ev_density" : 0.9147156461480942}}, {"type" : "Feature", "geometry" : {"type":"Polygon","coordinates":[[[-77.755296384,39.035744782],[-77.755296384,39.070624632],[-77.71038062,39.070624632],[-77.71038062,39.035744782],[-77.755296384,39.035744782]]]}, "properties" : {"grid_id" : 351, "ev_density" : 0.3778823434269269}}, {"type" : "Feature", "geometry" : {"type":"Polygon","coordinates":[[[-77.71038062,39.035744782],[-77.71038062,39.070624632],[-77.665464856,39.070624632],[-77.665464856,39.035744782],[-77.71038062,39.035744782]]]}, "properties" : {"grid_id" : 352, "ev_density" : 1.3202461388103468}}, {"type" : "Feature", "geometry" : {"type":"Polygon","coordinates":[[[-77.665464856,39.035744782],[-77.665464856,39.070624632],[-77.620549092,39.070624632],[-77.620549092,39.035744782],[-77.665464856,39.035744782]]]}, "properties" : {"grid_id" : 353, "ev_density" : 2.465073289385275}}, {"type" : "Feature", "geometry" : {"type":"Polygon","coordinates":[[[-77.800212149,39.035744782],[-77.800212149,39.070624632],[-77.755296384,39.070624632],[-77.755296384,39.035744782],[-77.800212149,39.035744782]]]}, "properties" : {"grid_id" : 354, "ev_density" : 0.9147156461480942}}, {"type" : "Feature", "geometry" : {"type":"Polygon","coordinates":[[[-77.755296384,39.035744782],[-77.755296384,39.070624632],[-77.71038062,39.070624632],[-77.71038062,39.035744782],[-77.755296384,39.035744782]]]}, "properties" : {"grid_id" : 355, "ev_density" : 0.3778823434269269}}, {"type" : "Feature", "geometry" : {"type":"Polygon","coordinates":[[[-77.71038062,39.035744782],[-77.71038062,39.070624632],[-77.665464856,39.070624632],[-77.665464856,39.035744782],[-77.71038062,39.035744782]]]}, "properties" : {"grid_id" : 356, "ev_density" : 1.3202461388103468}}, {"type" : "Feature", "geometry" : {"type":"Polygon","coordinates":[[[-77.71038062,39.070624632],[-77.71038062,39.105487253],[-77.665464856,39.105487253],[-77.665464856,39.070624632],[-77.71038062,39.070624632]]]}, "properties" : {"grid_id" : 357, "ev_density" : 1.1934878493496053}}, {"type" : "Feature", "geometry" : {"type":"Polygon","coordinates":[[[-77.665464856,39.070624632],[-77.665464856,39.105487253],[-77.620549092,39.105487253],[-77.620549092,39.070624632],[-77.665464856,39.070624632]]]}, "properties" : {"grid_id" : 358, "ev_density" : 1.89452802126784}}, {"type" : "Feature", "geometry" : {"type":"Polygon","coordinates":[[[-77.800212149,39.070624632],[-77.800212149,39.105487253],[-77.755296384,39.105487253],[-77.755296384,39.070624632],[-77.800212149,39.070624632]]]}, "properties" : {"grid_id" : 359, "ev_density" : 1.0085928649751994}}, {"type" : "Feature", "geometry" : {"type":"Polygon","coordinates":[[[-77.800212149,39.070624632],[-77.800212149,39.105487253],[-77.755296384,39.105487253],[-77.755296384,39.070624632],[-77.800212149,39.070624632]]]}, "properties" : {"grid_id" : 360, "ev_density" : 1.0085928649751994}}, {"type" : "Feature", "geometry" : {"type":"Polygon","coordinates":[[[-77.755296384,39.070624632],[-77.755296384,39.105487253],[-77.71038062,39.105487253],[-77.71038062,39.070624632],[-77.755296384,39.070624632]]]}, "properties" : {"grid_id" : 361, "ev_density" : 0.017586342522148628}}, {"type" : "Feature", "geometry" : {"type":"Polygon","coordinates":[[[-77.71038062,39.070624632],[-77.71038062,39.105487253],[-77.665464856,39.105487253],[-77.665464856,39.070624632],[-77.71038062,39.070624632]]]}, "properties" : {"grid_id" : 362, "ev_density" : 1.1934878493496053}}, {"type" : "Feature", "geometry" : {"type":"Polygon","coordinates":[[[-77.71038062,39.105487253],[-77.71038062,39.140332639],[-77.665464856,39.140332639],[-77.665464856,39.105487253],[-77.71038062,39.105487253]]]}, "properties" : {"grid_id" : 363, "ev_density" : 0.01159331618085869}}, {"type" : "Feature", "geometry" : {"type":"Polygon","coordinates":[[[-77.665464856,39.105487253],[-77.665464856,39.140332639],[-77.620549092,39.140332639],[-77.620549092,39.105487253],[-77.665464856,39.105487253]]]}, "properties" : {"grid_id" : 364, "ev_density" : 1.3840789298066547}}, {"type" : "Feature", "geometry" : {"type":"Polygon","coordinates":[[[-77.800212149,39.105487253],[-77.800212149,39.140332639],[-77.755296384,39.140332639],[-77.755296384,39.105487253],[-77.800212149,39.105487253]]]}, "properties" : {"grid_id" : 365, "ev_density" : 0.07538637649164855}}, {"type" : "Feature", "geometry" : {"type":"Polygon","coordinates":[[[-77.71038062,39.105487253],[-77.71038062,39.140332639],[-77.665464856,39.140332639],[-77.665464856,39.105487253],[-77.71038062,39.105487253]]]}, "properties" : {"grid_id" : 366, "ev_density" : 0.01159331618085869}}, {"type" : "Feature", "geometry" : {"type":"Polygon","coordinates":[[[-77.665464856,39.105487253],[-77.665464856,39.140332639],[-77.620549092,39.140332639],[-77.620549092,39.105487253],[-77.665464856,39.105487253]]]}, "properties" : {"grid_id" : 367, "ev_density" : 1.3840789298066547}}, {"type" : "Feature", "geometry" : {"type":"Polygon","coordinates":[[[-77.800212149,39.140332639],[-77.800212149,39.175160788],[-77.755296384,39.175160788],[-77.755296384,39.140332639],[-77.800212149,39.140332639]]]}, "properties" : {"grid_id" : 368, "ev_density" : 0.9924606671502434}}, {"type" : "Feature", "geometry" : {"type":"Polygon","coordinates":[[[-77.755296384,39.140332639],[-77.755296384,39.175160788],[-77.71038062,39.175160788],[-77.71038062,39.140332639],[-77.755296384,39.140332639]]]}, "properties" : {"grid_id" : 369, "ev_density" : 0.11143631825168426}}, {"type" : "Feature", "geometry" : {"type":"Polygon","coordinates":[[[-77.665464856,39.140332639],[-77.665464856,39.175160788],[-77.620549092,39.175160788],[-77.620549092,39.140332639],[-77.665464856,39.140332639]]]}, "properties" : {"grid_id" : 370, "ev_density" : 0.991001668655169}}, {"type" : "Feature", "geometry" : {"type":"Polygon","coordinates":[[[-77.800212149,39.140332639],[-77.800212149,39.175160788],[-77.755296384,39.175160788],[-77.755296384,39.140332639],[-77.800212149,39.140332639]]]}, "properties" : {"grid_id" : 371, "ev_density" : 0.9924606671502434}}, {"type" : "Feature", "geometry" : {"type":"Polygon","coordinates":[[[-77.755296384,39.140332639],[-77.755296384,39.175160788],[-77.71038062,39.175160788],[-77.71038062,39.140332639],[-77.755296384,39.140332639]]]}, "properties" : {"grid_id" : 372, "ev_density" : 0.11143631825168426}}, {"type" : "Feature", "geometry" : {"type":"Polygon","coordinates":[[[-77.71038062,39.140332639],[-77.71038062,39.175160788],[-77.665464856,39.175160788],[-77.665464856,39.140332639],[-77.71038062,39.140332639]]]}, "properties" : {"grid_id" : 373, "ev_density" : 1.2777200950774743}}, {"type" : "Feature", "geometry" : {"type":"Polygon","coordinates":[[[-77.71038062,39.140332639],[-77.71038062,39.175160788],[-77.665464856,39.175160788],[-77.665464856,39.140332639],[-77.71038062,39.140332639]]]}, "properties" : {"grid_id" : 374, "ev_density" : 1.2777200950774743}}, {"type" : "Feature", "geometry" : {"type":"Polygon","coordinates":[[[-77.665464856,39.140332639],[-77.665464856,39.175160788],[-77.620549092,39.175160788],[-77.620549092,39.140332639],[-77.665464856,39.140332639]]]}, "properties" : {"grid_id" : 375, "ev_density" : 0.991001668655169}}, {"type" : "Feature", "geometry" : {"type":"Polygon","coordinates":[[[-77.665464856,39.140332639],[-77.665464856,39.175160788],[-77.620549092,39.175160788],[-77.620549092,39.140332639],[-77.665464856,39.140332639]]]}, "properties" : {"grid_id" : 376, "ev_density" : 0.991001668655169}}, {"type" : "Feature", "geometry" : {"type":"Polygon","coordinates":[[[-77.800212149,39.175160788],[-77.800212149,39.209971693],[-77.755296384,39.209971693],[-77.755296384,39.175160788],[-77.800212149,39.175160788]]]}, "properties" : {"grid_id" : 377, "ev_density" : 1.4519334659740084}}, {"type" : "Feature", "geometry" : {"type":"Polygon","coordinates":[[[-77.71038062,39.175160788],[-77.71038062,39.209971693],[-77.665464856,39.209971693],[-77.665464856,39.175160788],[-77.71038062,39.175160788]]]}, "properties" : {"grid_id" : 378, "ev_density" : 0.790297570493951}}, {"type" : "Feature", "geometry" : {"type":"Polygon","coordinates":[[[-77.665464856,39.175160788],[-77.665464856,39.209971693],[-77.620549092,39.209971693],[-77.620549092,39.175160788],[-77.665464856,39.175160788]]]}, "properties" : {"grid_id" : 379, "ev_density" : 1.3784315625674461}}, {"type" : "Feature", "geometry" : {"type":"Polygon","coordinates":[[[-77.800212149,39.175160788],[-77.800212149,39.209971693],[-77.755296384,39.209971693],[-77.755296384,39.175160788],[-77.800212149,39.175160788]]]}, "properties" : {"grid_id" : 380, "ev_density" : 1.4519334659740084}}, {"type" : "Feature", "geometry" : {"type":"Polygon","coordinates":[[[-77.755296384,39.175160788],[-77.755296384,39.209971693],[-77.71038062,39.209971693],[-77.71038062,39.175160788],[-77.755296384,39.175160788]]]}, "properties" : {"grid_id" : 381, "ev_density" : 0.7191051800210844}}, {"type" : "Feature", "geometry" : {"type":"Polygon","coordinates":[[[-77.71038062,39.175160788],[-77.71038062,39.209971693],[-77.665464856,39.209971693],[-77.665464856,39.175160788],[-77.71038062,39.175160788]]]}, "properties" : {"grid_id" : 382, "ev_density" : 0.790297570493951}}, {"type" : "Feature", "geometry" : {"type":"Polygon","coordinates":[[[-77.665464856,39.175160788],[-77.665464856,39.209971693],[-77.620549092,39.209971693],[-77.620549092,39.175160788],[-77.665464856,39.175160788]]]}, "properties" : {"grid_id" : 383, "ev_density" : 1.3784315625674461}}, {"type" : "Feature", "geometry" : {"type":"Polygon","coordinates":[[[-77.71038062,39.175160788],[-77.71038062,39.209971693],[-77.665464856,39.209971693],[-77.665464856,39.175160788],[-77.71038062,39.175160788]]]}, "properties" : {"grid_id" : 384, "ev_density" : 0.790297570493951}}, {"type" : "Feature", "geometry" : {"type":"Polygon","coordinates":[[[-77.665464856,39.175160788],[-77.665464856,39.209971693],[-77.620549092,39.209971693],[-77.620549092,39.175160788],[-77.665464856,39.175160788]]]}, "properties" : {"grid_id" : 385, "ev_density" : 1.3784315625674461}}, {"type" : "Feature", "geometry" : {"type":"Polygon","coordinates":[[[-77.665464856,39.175160788],[-77.665464856,39.209971693],[-77.620549092,39.209971693],[-77.620549092,39.175160788],[-77.665464856,39.175160788]]]}, "properties" : {"grid_id" : 386, "ev_density" : 1.3784315625674461}}, {"type" : "Feature", "geometry" : {"type":"Polygon","coordinates":[[[-77.800212149,39.175160788],[-77.800212149,39.209971693],[-77.755296384,39.209971693],[-77.755296384,39.175160788],[-77.800212149,39.175160788]]]}, "properties" : {"grid_id" : 387, "ev_density" : 1.4519334659740084}}, {"type" : "Feature", "geometry" : {"type":"Polygon","coordinates":[[[-77.665464856,39.209971693],[-77.665464856,39.244765352],[-77.620549092,39.244765352],[-77.620549092,39.209971693],[-77.665464856,39.209971693]]]}, "properties" : {"grid_id" : 388, "ev_density" : 0.8346212821510999}}, {"type" : "Feature", "geometry" : {"type":"Polygon","coordinates":[[[-77.800212149,39.209971693],[-77.800212149,39.244765352],[-77.755296384,39.244765352],[-77.755296384,39.209971693],[-77.800212149,39.209971693]]]}, "properties" : {"grid_id" : 389, "ev_density" : 0.17147187090901803}}, {"type" : "Feature", "geometry" : {"type":"Polygon","coordinates":[[[-77.755296384,39.209971693],[-77.755296384,39.244765352],[-77.71038062,39.244765352],[-77.71038062,39.209971693],[-77.755296384,39.209971693]]]}, "properties" : {"grid_id" : 390, "ev_density" : 0.12985065150730407}}, {"type" : "Feature", "geometry" : {"type":"Polygon","coordinates":[[[-77.71038062,39.209971693],[-77.71038062,39.244765352],[-77.665464856,39.244765352],[-77.665464856,39.209971693],[-77.71038062,39.209971693]]]}, "properties" : {"grid_id" : 391, "ev_density" : 0.8171002407436979}}, {"type" : "Feature", "geometry" : {"type":"Polygon","coordinates":[[[-77.665464856,39.209971693],[-77.665464856,39.244765352],[-77.620549092,39.244765352],[-77.620549092,39.209971693],[-77.665464856,39.209971693]]]}, "properties" : {"grid_id" : 392, "ev_density" : 0.8346212821510999}}, {"type" : "Feature", "geometry" : {"type":"Polygon","coordinates":[[[-77.71038062,39.209971693],[-77.71038062,39.244765352],[-77.665464856,39.244765352],[-77.665464856,39.209971693],[-77.71038062,39.209971693]]]}, "properties" : {"grid_id" : 393, "ev_density" : 0.8171002407436979}}, {"type" : "Feature", "geometry" : {"type":"Polygon","coordinates":[[[-77.665464856,39.209971693],[-77.665464856,39.244765352],[-77.620549092,39.244765352],[-77.620549092,39.209971693],[-77.665464856,39.209971693]]]}, "properties" : {"grid_id" : 394, "ev_density" : 0.8346212821510999}}, {"type" : "Feature", "geometry" : {"type":"Polygon","coordinates":[[[-77.800212149,39.209971693],[-77.800212149,39.244765352],[-77.755296384,39.244765352],[-77.755296384,39.209971693],[-77.800212149,39.209971693]]]}, "properties" : {"grid_id" : 395, "ev_density" : 0.17147187090901803}}, {"type" : "Feature", "geometry" : {"type":"Polygon","coordinates":[[[-77.591290963,38.82688092],[-77.591290963,38.861863673],[-77.546375199,38.861863673],[-77.546375199,38.82688092],[-77.591290963,38.82688092]]]}, "properties" : {"grid_id" : 396, "ev_density" : 3.991913016163791}}, {"type" : "Feature", "geometry" : {"type":"Polygon","coordinates":[[[-77.546375199,38.82688092],[-77.546375199,38.861863673],[-77.501459435,38.861863673],[-77.501459435,38.82688092],[-77.546375199,38.82688092]]]}, "properties" : {"grid_id" : 397, "ev_density" : 12.708001416551827}}, {"type" : "Feature", "geometry" : {"type":"Polygon","coordinates":[[[-77.591290963,38.82688092],[-77.591290963,38.861863673],[-77.546375199,38.861863673],[-77.546375199,38.82688092],[-77.591290963,38.82688092]]]}, "properties" : {"grid_id" : 398, "ev_density" : 3.991913016163791}}, {"type" : "Feature", "geometry" : {"type":"Polygon","coordinates":[[[-77.591290963,38.82688092],[-77.591290963,38.861863673],[-77.546375199,38.861863673],[-77.546375199,38.82688092],[-77.591290963,38.82688092]]]}, "properties" : {"grid_id" : 399, "ev_density" : 3.991913016163791}}, {"type" : "Feature", "geometry" : {"type":"Polygon","coordinates":[[[-77.546375199,38.82688092],[-77.546375199,38.861863673],[-77.501459435,38.861863673],[-77.501459435,38.82688092],[-77.546375199,38.82688092]]]}, "properties" : {"grid_id" : 400, "ev_density" : 12.708001416551827}}, {"type" : "Feature", "geometry" : {"type":"Polygon","coordinates":[[[-77.591290963,38.82688092],[-77.591290963,38.861863673],[-77.546375199,38.861863673],[-77.546375199,38.82688092],[-77.591290963,38.82688092]]]}, "properties" : {"grid_id" : 401, "ev_density" : 3.991913016163791}}, {"type" : "Feature", "geometry" : {"type":"Polygon","coordinates":[[[-77.546375199,38.82688092],[-77.546375199,38.861863673],[-77.501459435,38.861863673],[-77.501459435,38.82688092],[-77.546375199,38.82688092]]]}, "properties" : {"grid_id" : 402, "ev_density" : 12.708001416551827}}, {"type" : "Feature", "geometry" : {"type":"Polygon","coordinates":[[[-77.546375199,38.82688092],[-77.546375199,38.861863673],[-77.501459435,38.861863673],[-77.501459435,38.82688092],[-77.546375199,38.82688092]]]}, "properties" : {"grid_id" : 403, "ev_density" : 12.708001416551827}}, {"type" : "Feature", "geometry" : {"type":"Polygon","coordinates":[[[-77.591290963,38.861863673],[-77.591290963,38.896829222],[-77.546375199,38.896829222],[-77.546375199,38.861863673],[-77.591290963,38.861863673]]]}, "properties" : {"grid_id" : 404, "ev_density" : 4.73555246680799}}, {"type" : "Feature", "geometry" : {"type":"Polygon","coordinates":[[[-77.591290963,38.861863673],[-77.591290963,38.896829222],[-77.546375199,38.896829222],[-77.546375199,38.861863673],[-77.591290963,38.861863673]]]}, "properties" : {"grid_id" : 405, "ev_density" : 4.73555246680799}}, {"type" : "Feature", "geometry" : {"type":"Polygon","coordinates":[[[-77.591290963,38.861863673],[-77.591290963,38.896829222],[-77.546375199,38.896829222],[-77.546375199,38.861863673],[-77.591290963,38.861863673]]]}, "properties" : {"grid_id" : 406, "ev_density" : 4.73555246680799}}, {"type" : "Feature", "geometry" : {"type":"Polygon","coordinates":[[[-77.546375199,38.861863673],[-77.546375199,38.896829222],[-77.501459435,38.896829222],[-77.501459435,38.861863673],[-77.546375199,38.861863673]]]}, "properties" : {"grid_id" : 407, "ev_density" : 22.211142251410454}}, {"type" : "Feature", "geometry" : {"type":"Polygon","coordinates":[[[-77.591290963,38.861863673],[-77.591290963,38.896829222],[-77.546375199,38.896829222],[-77.546375199,38.861863673],[-77.591290963,38.861863673]]]}, "properties" : {"grid_id" : 408, "ev_density" : 4.73555246680799}}, {"type" : "Feature", "geometry" : {"type":"Polygon","coordinates":[[[-77.546375199,38.861863673],[-77.546375199,38.896829222],[-77.501459435,38.896829222],[-77.501459435,38.861863673],[-77.546375199,38.861863673]]]}, "properties" : {"grid_id" : 409, "ev_density" : 22.211142251410454}}, {"type" : "Feature", "geometry" : {"type":"Polygon","coordinates":[[[-77.591290963,38.861863673],[-77.591290963,38.896829222],[-77.546375199,38.896829222],[-77.546375199,38.861863673],[-77.591290963,38.861863673]]]}, "properties" : {"grid_id" : 410, "ev_density" : 4.73555246680799}}, {"type" : "Feature", "geometry" : {"type":"Polygon","coordinates":[[[-77.546375199,38.861863673],[-77.546375199,38.896829222],[-77.501459435,38.896829222],[-77.501459435,38.861863673],[-77.546375199,38.861863673]]]}, "properties" : {"grid_id" : 411, "ev_density" : 22.211142251410454}}, {"type" : "Feature", "geometry" : {"type":"Polygon","coordinates":[[[-77.681041643,39.106323744],[-77.681041643,39.141168717],[-77.636125879,39.141168717],[-77.636125879,39.106323744],[-77.681041643,39.106323744]]]}, "properties" : {"grid_id" : 412, "ev_density" : 0.36545550127365345}}, {"type" : "Feature", "geometry" : {"type":"Polygon","coordinates":[[[-77.636125879,39.106323744],[-77.636125879,39.141168717],[-77.591210115,39.141168717],[-77.591210115,39.106323744],[-77.636125879,39.106323744]]]}, "properties" : {"grid_id" : 413, "ev_density" : 1.8347986014306008}}, {"type" : "Feature", "geometry" : {"type":"Polygon","coordinates":[[[-77.681041643,39.106323744],[-77.681041643,39.141168717],[-77.636125879,39.141168717],[-77.636125879,39.106323744],[-77.681041643,39.106323744]]]}, "properties" : {"grid_id" : 414, "ev_density" : 0.36545550127365345}}, {"type" : "Feature", "geometry" : {"type":"Polygon","coordinates":[[[-77.636125879,39.106323744],[-77.636125879,39.141168717],[-77.591210115,39.141168717],[-77.591210115,39.106323744],[-77.636125879,39.106323744]]]}, "properties" : {"grid_id" : 415, "ev_density" : 1.8347986014306008}}, {"type" : "Feature", "geometry" : {"type":"Polygon","coordinates":[[[-77.681041643,39.141168717],[-77.681041643,39.175996451],[-77.636125879,39.175996451],[-77.636125879,39.141168717],[-77.681041643,39.141168717]]]}, "properties" : {"grid_id" : 416, "ev_density" : 1.6483793354645753}}, {"type" : "Feature", "geometry" : {"type":"Polygon","coordinates":[[[-77.636125879,39.141168717],[-77.636125879,39.175996451],[-77.591210115,39.175996451],[-77.591210115,39.141168717],[-77.636125879,39.141168717]]]}, "properties" : {"grid_id" : 417, "ev_density" : 0.13215395414316206}}, {"type" : "Feature", "geometry" : {"type":"Polygon","coordinates":[[[-77.681041643,39.141168717],[-77.681041643,39.175996451],[-77.636125879,39.175996451],[-77.636125879,39.141168717],[-77.681041643,39.141168717]]]}, "properties" : {"grid_id" : 418, "ev_density" : 1.6483793354645753}}, {"type" : "Feature", "geometry" : {"type":"Polygon","coordinates":[[[-77.681041643,39.141168717],[-77.681041643,39.175996451],[-77.636125879,39.175996451],[-77.636125879,39.141168717],[-77.681041643,39.141168717]]]}, "properties" : {"grid_id" : 419, "ev_density" : 1.6483793354645753}}, {"type" : "Feature", "geometry" : {"type":"Polygon","coordinates":[[[-77.636125879,39.141168717],[-77.636125879,39.175996451],[-77.591210115,39.175996451],[-77.591210115,39.141168717],[-77.636125879,39.141168717]]]}, "properties" : {"grid_id" : 420, "ev_density" : 0.13215395414316206}}, {"type" : "Feature", "geometry" : {"type":"Polygon","coordinates":[[[-77.636125879,39.141168717],[-77.636125879,39.175996451],[-77.591210115,39.175996451],[-77.591210115,39.141168717],[-77.636125879,39.141168717]]]}, "properties" : {"grid_id" : 421, "ev_density" : 0.13215395414316206}}, {"type" : "Feature", "geometry" : {"type":"Polygon","coordinates":[[[-77.681041643,39.175996451],[-77.681041643,39.210806943],[-77.636125879,39.210806943],[-77.636125879,39.175996451],[-77.681041643,39.175996451]]]}, "properties" : {"grid_id" : 422, "ev_density" : 1.4231583795276588}}, {"type" : "Feature", "geometry" : {"type":"Polygon","coordinates":[[[-77.636125879,39.175996451],[-77.636125879,39.210806943],[-77.591210115,39.210806943],[-77.591210115,39.175996451],[-77.636125879,39.175996451]]]}, "properties" : {"grid_id" : 423, "ev_density" : 0.26689754180705977}}, {"type" : "Feature", "geometry" : {"type":"Polygon","coordinates":[[[-77.681041643,39.175996451],[-77.681041643,39.210806943],[-77.636125879,39.210806943],[-77.636125879,39.175996451],[-77.681041643,39.175996451]]]}, "properties" : {"grid_id" : 424, "ev_density" : 1.4231583795276588}}, {"type" : "Feature", "geometry" : {"type":"Polygon","coordinates":[[[-77.681041643,39.175996451],[-77.681041643,39.210806943],[-77.636125879,39.210806943],[-77.636125879,39.175996451],[-77.681041643,39.175996451]]]}, "properties" : {"grid_id" : 425, "ev_density" : 1.4231583795276588}}, {"type" : "Feature", "geometry" : {"type":"Polygon","coordinates":[[[-77.681041643,39.175996451],[-77.681041643,39.210806943],[-77.636125879,39.210806943],[-77.636125879,39.175996451],[-77.681041643,39.175996451]]]}, "properties" : {"grid_id" : 426, "ev_density" : 1.4231583795276588}}, {"type" : "Feature", "geometry" : {"type":"Polygon","coordinates":[[[-77.703445626,38.745752796],[-77.703445626,38.780775393],[-77.658529862,38.780775393],[-77.658529862,38.745752796],[-77.703445626,38.745752796]]]}, "properties" : {"grid_id" : 427, "ev_density" : 1.932582699816633}}, {"type" : "Feature", "geometry" : {"type":"Polygon","coordinates":[[[-77.658529862,38.745752796],[-77.658529862,38.780775393],[-77.613614098,38.780775393],[-77.613614098,38.745752796],[-77.658529862,38.745752796]]]}, "properties" : {"grid_id" : 428, "ev_density" : 2.205444983076941}}, {"type" : "Feature", "geometry" : {"type":"Polygon","coordinates":[[[-77.613614098,38.745752796],[-77.613614098,38.780775393],[-77.568698334,38.780775393],[-77.568698334,38.745752796],[-77.613614098,38.745752796]]]}, "properties" : {"grid_id" : 429, "ev_density" : 8.501283640204798}}, {"type" : "Feature", "geometry" : {"type":"Polygon","coordinates":[[[-77.703445626,38.745752796],[-77.703445626,38.780775393],[-77.658529862,38.780775393],[-77.658529862,38.745752796],[-77.703445626,38.745752796]]]}, "properties" : {"grid_id" : 430, "ev_density" : 1.932582699816633}}, {"type" : "Feature", "geometry" : {"type":"Polygon","coordinates":[[[-77.658529862,38.745752796],[-77.658529862,38.780775393],[-77.613614098,38.780775393],[-77.613614098,38.745752796],[-77.658529862,38.745752796]]]}, "properties" : {"grid_id" : 431, "ev_density" : 2.205444983076941}}, {"type" : "Feature", "geometry" : {"type":"Polygon","coordinates":[[[-77.568698334,38.745752796],[-77.568698334,38.780775393],[-77.523782569,38.780775393],[-77.523782569,38.745752796],[-77.568698334,38.745752796]]]}, "properties" : {"grid_id" : 432, "ev_density" : 4.1902428656006165}}, {"type" : "Feature", "geometry" : {"type":"Polygon","coordinates":[[[-77.613614098,38.745752796],[-77.613614098,38.780775393],[-77.568698334,38.780775393],[-77.568698334,38.745752796],[-77.613614098,38.745752796]]]}, "properties" : {"grid_id" : 433, "ev_density" : 8.501283640204798}}, {"type" : "Feature", "geometry" : {"type":"Polygon","coordinates":[[[-77.568698334,38.745752796],[-77.568698334,38.780775393],[-77.523782569,38.780775393],[-77.523782569,38.745752796],[-77.568698334,38.745752796]]]}, "properties" : {"grid_id" : 434, "ev_density" : 4.1902428656006165}}, {"type" : "Feature", "geometry" : {"type":"Polygon","coordinates":[[[-77.568698334,38.745752796],[-77.568698334,38.780775393],[-77.523782569,38.780775393],[-77.523782569,38.745752796],[-77.568698334,38.745752796]]]}, "properties" : {"grid_id" : 435, "ev_density" : 4.1902428656006165}}, {"type" : "Feature", "geometry" : {"type":"Polygon","coordinates":[[[-77.703445626,38.745752796],[-77.703445626,38.780775393],[-77.658529862,38.780775393],[-77.658529862,38.745752796],[-77.703445626,38.745752796]]]}, "properties" : {"grid_id" : 436, "ev_density" : 1.932582699816633}}, {"type" : "Feature", "geometry" : {"type":"Polygon","coordinates":[[[-77.658529862,38.745752796],[-77.658529862,38.780775393],[-77.613614098,38.780775393],[-77.613614098,38.745752796],[-77.658529862,38.745752796]]]}, "properties" : {"grid_id" : 437, "ev_density" : 2.205444983076941}}, {"type" : "Feature", "geometry" : {"type":"Polygon","coordinates":[[[-77.613614098,38.745752796],[-77.613614098,38.780775393],[-77.568698334,38.780775393],[-77.568698334,38.745752796],[-77.613614098,38.745752796]]]}, "properties" : {"grid_id" : 438, "ev_density" : 8.501283640204798}}, {"type" : "Feature", "geometry" : {"type":"Polygon","coordinates":[[[-77.703445626,38.780775393],[-77.703445626,38.815780798],[-77.658529862,38.815780798],[-77.658529862,38.780775393],[-77.703445626,38.780775393]]]}, "properties" : {"grid_id" : 439, "ev_density" : 3.5957636761888425}}, {"type" : "Feature", "geometry" : {"type":"Polygon","coordinates":[[[-77.703445626,38.780775393],[-77.703445626,38.815780798],[-77.658529862,38.815780798],[-77.658529862,38.780775393],[-77.703445626,38.780775393]]]}, "properties" : {"grid_id" : 440, "ev_density" : 3.5957636761888425}}, {"type" : "Feature", "geometry" : {"type":"Polygon","coordinates":[[[-77.658529862,38.780775393],[-77.658529862,38.815780798],[-77.613614098,38.815780798],[-77.613614098,38.780775393],[-77.658529862,38.780775393]]]}, "properties" : {"grid_id" : 441, "ev_density" : 2.449834694088166}}, {"type" : "Feature", "geometry" : {"type":"Polygon","coordinates":[[[-77.613614098,38.780775393],[-77.613614098,38.815780798],[-77.568698334,38.815780798],[-77.568698334,38.780775393],[-77.613614098,38.780775393]]]}, "properties" : {"grid_id" : 442, "ev_density" : 4.077343385542807}}, {"type" : "Feature", "geometry" : {"type":"Polygon","coordinates":[[[-77.568698334,38.780775393],[-77.568698334,38.815780798],[-77.523782569,38.815780798],[-77.523782569,38.780775393],[-77.568698334,38.780775393]]]}, "properties" : {"grid_id" : 443, "ev_density" : 3.398118503567155}}, {"type" : "Feature", "geometry" : {"type":"Polygon","coordinates":[[[-77.703445626,38.780775393],[-77.703445626,38.815780798],[-77.658529862,38.815780798],[-77.658529862,38.780775393],[-77.703445626,38.780775393]]]}, "properties" : {"grid_id" : 444, "ev_density" : 3.5957636761888425}}, {"type" : "Feature", "geometry" : {"type":"Polygon","coordinates":[[[-77.613614098,38.780775393],[-77.613614098,38.815780798],[-77.568698334,38.815780798],[-77.568698334,38.780775393],[-77.613614098,38.780775393]]]}, "properties" : {"grid_id" : 445, "ev_density" : 4.077343385542807}}, {"type" : "Feature", "geometry" : {"type":"Polygon","coordinates":[[[-77.568698334,38.780775393],[-77.568698334,38.815780798],[-77.523782569,38.815780798],[-77.523782569,38.780775393],[-77.568698334,38.780775393]]]}, "properties" : {"grid_id" : 446, "ev_density" : 3.398118503567155}}, {"type" : "Feature", "geometry" : {"type":"Polygon","coordinates":[[[-77.613614098,38.780775393],[-77.613614098,38.815780798],[-77.568698334,38.815780798],[-77.568698334,38.780775393],[-77.613614098,38.780775393]]]}, "properties" : {"grid_id" : 447, "ev_density" : 4.077343385542807}}, {"type" : "Feature", "geometry" : {"type":"Polygon","coordinates":[[[-77.568698334,38.780775393],[-77.568698334,38.815780798],[-77.523782569,38.815780798],[-77.523782569,38.780775393],[-77.568698334,38.780775393]]]}, "properties" : {"grid_id" : 448, "ev_density" : 3.398118503567155}}, {"type" : "Feature", "geometry" : {"type":"Polygon","coordinates":[[[-77.703445626,38.780775393],[-77.703445626,38.815780798],[-77.658529862,38.815780798],[-77.658529862,38.780775393],[-77.703445626,38.780775393]]]}, "properties" : {"grid_id" : 449, "ev_density" : 3.5957636761888425}}, {"type" : "Feature", "geometry" : {"type":"Polygon","coordinates":[[[-77.658529862,38.780775393],[-77.658529862,38.815780798],[-77.613614098,38.815780798],[-77.613614098,38.780775393],[-77.658529862,38.780775393]]]}, "properties" : {"grid_id" : 450, "ev_density" : 2.449834694088166}}, {"type" : "Feature", "geometry" : {"type":"Polygon","coordinates":[[[-77.703445626,38.815780798],[-77.703445626,38.850769006],[-77.658529862,38.850769006],[-77.658529862,38.815780798],[-77.703445626,38.815780798]]]}, "properties" : {"grid_id" : 451, "ev_density" : 3.1856954198388174}}, {"type" : "Feature", "geometry" : {"type":"Polygon","coordinates":[[[-77.613614098,38.815780798],[-77.613614098,38.850769006],[-77.568698334,38.850769006],[-77.568698334,38.815780798],[-77.613614098,38.815780798]]]}, "properties" : {"grid_id" : 452, "ev_density" : 5.502071879697033}}, {"type" : "Feature", "geometry" : {"type":"Polygon","coordinates":[[[-77.568698334,38.815780798],[-77.568698334,38.850769006],[-77.523782569,38.850769006],[-77.523782569,38.815780798],[-77.568698334,38.815780798]]]}, "properties" : {"grid_id" : 453, "ev_density" : 4.772830769163393}}, {"type" : "Feature", "geometry" : {"type":"Polygon","coordinates":[[[-77.703445626,38.815780798],[-77.703445626,38.850769006],[-77.658529862,38.850769006],[-77.658529862,38.815780798],[-77.703445626,38.815780798]]]}, "properties" : {"grid_id" : 454, "ev_density" : 3.1856954198388174}}, {"type" : "Feature", "geometry" : {"type":"Polygon","coordinates":[[[-77.658529862,38.815780798],[-77.658529862,38.850769006],[-77.613614098,38.850769006],[-77.613614098,38.815780798],[-77.658529862,38.815780798]]]}, "properties" : {"grid_id" : 455, "ev_density" : 4.135514050096184}}, {"type" : "Feature", "geometry" : {"type":"Polygon","coordinates":[[[-77.613614098,38.815780798],[-77.613614098,38.850769006],[-77.568698334,38.850769006],[-77.568698334,38.815780798],[-77.613614098,38.815780798]]]}, "properties" : {"grid_id" : 456, "ev_density" : 5.502071879697033}}, {"type" : "Feature", "geometry" : {"type":"Polygon","coordinates":[[[-77.568698334,38.815780798],[-77.568698334,38.850769006],[-77.523782569,38.850769006],[-77.523782569,38.815780798],[-77.568698334,38.815780798]]]}, "properties" : {"grid_id" : 457, "ev_density" : 4.772830769163393}}, {"type" : "Feature", "geometry" : {"type":"Polygon","coordinates":[[[-77.568698334,38.815780798],[-77.568698334,38.850769006],[-77.523782569,38.850769006],[-77.523782569,38.815780798],[-77.568698334,38.815780798]]]}, "properties" : {"grid_id" : 458, "ev_density" : 4.772830769163393}}, {"type" : "Feature", "geometry" : {"type":"Polygon","coordinates":[[[-77.613614098,38.815780798],[-77.613614098,38.850769006],[-77.568698334,38.850769006],[-77.568698334,38.815780798],[-77.613614098,38.815780798]]]}, "properties" : {"grid_id" : 459, "ev_density" : 5.502071879697033}}, {"type" : "Feature", "geometry" : {"type":"Polygon","coordinates":[[[-77.568698334,38.815780798],[-77.568698334,38.850769006],[-77.523782569,38.850769006],[-77.523782569,38.815780798],[-77.568698334,38.815780798]]]}, "properties" : {"grid_id" : 460, "ev_density" : 4.772830769163393}}, {"type" : "Feature", "geometry" : {"type":"Polygon","coordinates":[[[-77.703445626,38.815780798],[-77.703445626,38.850769006],[-77.658529862,38.850769006],[-77.658529862,38.815780798],[-77.703445626,38.815780798]]]}, "properties" : {"grid_id" : 461, "ev_density" : 3.1856954198388174}}, {"type" : "Feature", "geometry" : {"type":"Polygon","coordinates":[[[-77.658529862,38.815780798],[-77.658529862,38.850769006],[-77.613614098,38.850769006],[-77.613614098,38.815780798],[-77.658529862,38.815780798]]]}, "properties" : {"grid_id" : 462, "ev_density" : 4.135514050096184}}, {"type" : "Feature", "geometry" : {"type":"Polygon","coordinates":[[[-77.613614098,38.815780798],[-77.613614098,38.850769006],[-77.568698334,38.850769006],[-77.568698334,38.815780798],[-77.613614098,38.815780798]]]}, "properties" : {"grid_id" : 463, "ev_density" : 5.502071879697033}}, {"type" : "Feature", "geometry" : {"type":"Polygon","coordinates":[[[-77.703445626,38.815780798],[-77.703445626,38.850769006],[-77.658529862,38.850769006],[-77.658529862,38.815780798],[-77.703445626,38.815780798]]]}, "properties" : {"grid_id" : 464, "ev_density" : 3.1856954198388174}}, {"type" : "Feature", "geometry" : {"type":"Polygon","coordinates":[[[-77.568698334,38.815780798],[-77.568698334,38.850769006],[-77.523782569,38.850769006],[-77.523782569,38.815780798],[-77.568698334,38.815780798]]]}, "properties" : {"grid_id" : 465, "ev_density" : 4.772830769163393}}, {"type" : "Feature", "geometry" : {"type":"Polygon","coordinates":[[[-77.613614098,38.850769006],[-77.613614098,38.885740013],[-77.568698334,38.885740013],[-77.568698334,38.850769006],[-77.613614098,38.850769006]]]}, "properties" : {"grid_id" : 466, "ev_density" : 4.02999844529822}}, {"type" : "Feature", "geometry" : {"type":"Polygon","coordinates":[[[-77.568698334,38.850769006],[-77.568698334,38.885740013],[-77.523782569,38.885740013],[-77.523782569,38.850769006],[-77.568698334,38.850769006]]]}, "properties" : {"grid_id" : 467, "ev_density" : 16.74879800744109}}, {"type" : "Feature", "geometry" : {"type":"Polygon","coordinates":[[[-77.658529862,38.850769006],[-77.658529862,38.885740013],[-77.613614098,38.885740013],[-77.613614098,38.850769006],[-77.658529862,38.850769006]]]}, "properties" : {"grid_id" : 468, "ev_density" : 5.0641090831415}}, {"type" : "Feature", "geometry" : {"type":"Polygon","coordinates":[[[-77.613614098,38.850769006],[-77.613614098,38.885740013],[-77.568698334,38.885740013],[-77.568698334,38.850769006],[-77.613614098,38.850769006]]]}, "properties" : {"grid_id" : 469, "ev_density" : 4.02999844529822}}, {"type" : "Feature", "geometry" : {"type":"Polygon","coordinates":[[[-77.568698334,38.850769006],[-77.568698334,38.885740013],[-77.523782569,38.885740013],[-77.523782569,38.850769006],[-77.568698334,38.850769006]]]}, "properties" : {"grid_id" : 470, "ev_density" : 16.74879800744109}}, {"type" : "Feature", "geometry" : {"type":"Polygon","coordinates":[[[-77.703445626,38.850769006],[-77.703445626,38.885740013],[-77.658529862,38.885740013],[-77.658529862,38.850769006],[-77.703445626,38.850769006]]]}, "properties" : {"grid_id" : 471, "ev_density" : 4.440718387865901}}, {"type" : "Feature", "geometry" : {"type":"Polygon","coordinates":[[[-77.658529862,38.850769006],[-77.658529862,38.885740013],[-77.613614098,38.885740013],[-77.613614098,38.850769006],[-77.658529862,38.850769006]]]}, "properties" : {"grid_id" : 472, "ev_density" : 5.0641090831415}}, {"type" : "Feature", "geometry" : {"type":"Polygon","coordinates":[[[-77.613614098,38.850769006],[-77.613614098,38.885740013],[-77.568698334,38.885740013],[-77.568698334,38.850769006],[-77.613614098,38.850769006]]]}, "properties" : {"grid_id" : 473, "ev_density" : 4.02999844529822}}, {"type" : "Feature", "geometry" : {"type":"Polygon","coordinates":[[[-77.703445626,38.850769006],[-77.703445626,38.885740013],[-77.658529862,38.885740013],[-77.658529862,38.850769006],[-77.703445626,38.850769006]]]}, "properties" : {"grid_id" : 474, "ev_density" : 4.440718387865901}}, {"type" : "Feature", "geometry" : {"type":"Polygon","coordinates":[[[-77.568698334,38.850769006],[-77.568698334,38.885740013],[-77.523782569,38.885740013],[-77.523782569,38.850769006],[-77.568698334,38.850769006]]]}, "properties" : {"grid_id" : 475, "ev_density" : 16.74879800744109}}, {"type" : "Feature", "geometry" : {"type":"Polygon","coordinates":[[[-77.484975349,38.489328379],[-77.484975349,38.524476453],[-77.440059585,38.524476453],[-77.440059585,38.489328379],[-77.484975349,38.489328379]]]}, "properties" : {"grid_id" : 476, "ev_density" : 1.2676954469325092}}, {"type" : "Feature", "geometry" : {"type":"Polygon","coordinates":[[[-77.440059585,38.489328379],[-77.440059585,38.524476453],[-77.395143821,38.524476453],[-77.395143821,38.489328379],[-77.440059585,38.489328379]]]}, "properties" : {"grid_id" : 477, "ev_density" : 0.2904470528459165}}, {"type" : "Feature", "geometry" : {"type":"Polygon","coordinates":[[[-77.395143821,38.489328379],[-77.395143821,38.524476453],[-77.350228057,38.524476453],[-77.350228057,38.489328379],[-77.395143821,38.489328379]]]}, "properties" : {"grid_id" : 478, "ev_density" : 0.013071101890860276}}, {"type" : "Feature", "geometry" : {"type":"Polygon","coordinates":[[[-77.529891113,38.489328379],[-77.529891113,38.524476453],[-77.484975349,38.524476453],[-77.484975349,38.489328379],[-77.529891113,38.489328379]]]}, "properties" : {"grid_id" : 479, "ev_density" : 2.1514218869512254}}, {"type" : "Feature", "geometry" : {"type":"Polygon","coordinates":[[[-77.484975349,38.489328379],[-77.484975349,38.524476453],[-77.440059585,38.524476453],[-77.440059585,38.489328379],[-77.484975349,38.489328379]]]}, "properties" : {"grid_id" : 480, "ev_density" : 1.2676954469325092}}, {"type" : "Feature", "geometry" : {"type":"Polygon","coordinates":[[[-77.440059585,38.489328379],[-77.440059585,38.524476453],[-77.395143821,38.524476453],[-77.395143821,38.489328379],[-77.440059585,38.489328379]]]}, "properties" : {"grid_id" : 481, "ev_density" : 0.2904470528459165}}, {"type" : "Feature", "geometry" : {"type":"Polygon","coordinates":[[[-77.440059585,38.524476453],[-77.440059585,38.559607369],[-77.395143821,38.559607369],[-77.395143821,38.524476453],[-77.440059585,38.524476453]]]}, "properties" : {"grid_id" : 482, "ev_density" : 0.45367185486806316}}, {"type" : "Feature", "geometry" : {"type":"Polygon","coordinates":[[[-77.395143821,38.524476453],[-77.395143821,38.559607369],[-77.350228057,38.559607369],[-77.350228057,38.524476453],[-77.395143821,38.524476453]]]}, "properties" : {"grid_id" : 483, "ev_density" : 0.30329257444491303}}, {"type" : "Feature", "geometry" : {"type":"Polygon","coordinates":[[[-77.529891113,38.524476453],[-77.529891113,38.559607369],[-77.484975349,38.559607369],[-77.484975349,38.524476453],[-77.529891113,38.524476453]]]}, "properties" : {"grid_id" : 484, "ev_density" : 1.3589732818439282}}, {"type" : "Feature", "geometry" : {"type":"Polygon","coordinates":[[[-77.484975349,38.524476453],[-77.484975349,38.559607369],[-77.440059585,38.559607369],[-77.440059585,38.524476453],[-77.484975349,38.524476453]]]}, "properties" : {"grid_id" : 485, "ev_density" : 0.35633993188867696}}, {"type" : "Feature", "geometry" : {"type":"Polygon","coordinates":[[[-77.440059585,38.524476453],[-77.440059585,38.559607369],[-77.395143821,38.559607369],[-77.395143821,38.524476453],[-77.440059585,38.524476453]]]}, "properties" : {"grid_id" : 486, "ev_density" : 0.45367185486806316}}, {"type" : "Feature", "geometry" : {"type":"Polygon","coordinates":[[[-77.395143821,38.524476453],[-77.395143821,38.559607369],[-77.350228057,38.559607369],[-77.350228057,38.524476453],[-77.395143821,38.524476453]]]}, "properties" : {"grid_id" : 487, "ev_density" : 0.30329257444491303}}, {"type" : "Feature", "geometry" : {"type":"Polygon","coordinates":[[[-77.529891113,38.524476453],[-77.529891113,38.559607369],[-77.484975349,38.559607369],[-77.484975349,38.524476453],[-77.529891113,38.524476453]]]}, "properties" : {"grid_id" : 488, "ev_density" : 1.3589732818439282}}, {"type" : "Feature", "geometry" : {"type":"Polygon","coordinates":[[[-77.529891113,38.524476453],[-77.529891113,38.559607369],[-77.484975349,38.559607369],[-77.484975349,38.524476453],[-77.529891113,38.524476453]]]}, "properties" : {"grid_id" : 489, "ev_density" : 1.3589732818439282}}, {"type" : "Feature", "geometry" : {"type":"Polygon","coordinates":[[[-77.484975349,38.524476453],[-77.484975349,38.559607369],[-77.440059585,38.559607369],[-77.440059585,38.524476453],[-77.484975349,38.524476453]]]}, "properties" : {"grid_id" : 490, "ev_density" : 0.35633993188867696}}, {"type" : "Feature", "geometry" : {"type":"Polygon","coordinates":[[[-77.484975349,38.559607369],[-77.484975349,38.594721122],[-77.440059585,38.594721122],[-77.440059585,38.559607369],[-77.484975349,38.559607369]]]}, "properties" : {"grid_id" : 491, "ev_density" : 0.5267733067521668}}, {"type" : "Feature", "geometry" : {"type":"Polygon","coordinates":[[[-77.440059585,38.559607369],[-77.440059585,38.594721122],[-77.395143821,38.594721122],[-77.395143821,38.559607369],[-77.440059585,38.559607369]]]}, "properties" : {"grid_id" : 492, "ev_density" : 1.25897582427754}}, {"type" : "Feature", "geometry" : {"type":"Polygon","coordinates":[[[-77.395143821,38.559607369],[-77.395143821,38.594721122],[-77.350228057,38.594721122],[-77.350228057,38.559607369],[-77.395143821,38.559607369]]]}, "properties" : {"grid_id" : 493, "ev_density" : 2.792170205291156}}, {"type" : "Feature", "geometry" : {"type":"Polygon","coordinates":[[[-77.529891113,38.559607369],[-77.529891113,38.594721122],[-77.484975349,38.594721122],[-77.484975349,38.559607369],[-77.529891113,38.559607369]]]}, "properties" : {"grid_id" : 494, "ev_density" : 0.4058076298745156}}, {"type" : "Feature", "geometry" : {"type":"Polygon","coordinates":[[[-77.484975349,38.559607369],[-77.484975349,38.594721122],[-77.440059585,38.594721122],[-77.440059585,38.559607369],[-77.484975349,38.559607369]]]}, "properties" : {"grid_id" : 495, "ev_density" : 0.5267733067521668}}, {"type" : "Feature", "geometry" : {"type":"Polygon","coordinates":[[[-77.440059585,38.559607369],[-77.440059585,38.594721122],[-77.395143821,38.594721122],[-77.395143821,38.559607369],[-77.440059585,38.559607369]]]}, "properties" : {"grid_id" : 496, "ev_density" : 1.25897582427754}}, {"type" : "Feature", "geometry" : {"type":"Polygon","coordinates":[[[-77.395143821,38.559607369],[-77.395143821,38.594721122],[-77.350228057,38.594721122],[-77.350228057,38.559607369],[-77.395143821,38.559607369]]]}, "properties" : {"grid_id" : 497, "ev_density" : 2.792170205291156}}, {"type" : "Feature", "geometry" : {"type":"Polygon","coordinates":[[[-77.529891113,38.559607369],[-77.529891113,38.594721122],[-77.484975349,38.594721122],[-77.484975349,38.559607369],[-77.529891113,38.559607369]]]}, "properties" : {"grid_id" : 498, "ev_density" : 0.4058076298745156}}, {"type" : "Feature", "geometry" : {"type":"Polygon","coordinates":[[[-77.484975349,38.559607369],[-77.484975349,38.594721122],[-77.440059585,38.594721122],[-77.440059585,38.559607369],[-77.484975349,38.559607369]]]}, "properties" : {"grid_id" : 499, "ev_density" : 0.5267733067521668}}, {"type" : "Feature", "geometry" : {"type":"Polygon","coordinates":[[[-77.395143821,38.559607369],[-77.395143821,38.594721122],[-77.350228057,38.594721122],[-77.350228057,38.559607369],[-77.395143821,38.559607369]]]}, "properties" : {"grid_id" : 500, "ev_density" : 2.792170205291156}}, {"type" : "Feature", "geometry" : {"type":"Polygon","coordinates":[[[-77.403641883,38.603061626],[-77.403641883,38.638154133],[-77.358726119,38.638154133],[-77.358726119,38.603061626],[-77.403641883,38.603061626]]]}, "properties" : {"grid_id" : 501, "ev_density" : 8.922684092349192}}, {"type" : "Feature", "geometry" : {"type":"Polygon","coordinates":[[[-77.403641883,38.603061626],[-77.403641883,38.638154133],[-77.358726119,38.638154133],[-77.358726119,38.603061626],[-77.403641883,38.603061626]]]}, "properties" : {"grid_id" : 502, "ev_density" : 8.922684092349192}}, {"type" : "Feature", "geometry" : {"type":"Polygon","coordinates":[[[-77.358726119,38.603061626],[-77.358726119,38.638154133],[-77.313810355,38.638154133],[-77.313810355,38.603061626],[-77.358726119,38.603061626]]]}, "properties" : {"grid_id" : 503, "ev_density" : 10.289939161094118}}, {"type" : "Feature", "geometry" : {"type":"Polygon","coordinates":[[[-77.313810355,38.603061626],[-77.313810355,38.638154133],[-77.268894591,38.638154133],[-77.268894591,38.603061626],[-77.313810355,38.603061626]]]}, "properties" : {"grid_id" : 504, "ev_density" : 3.822567902182356}}, {"type" : "Feature", "geometry" : {"type":"Polygon","coordinates":[[[-77.313810355,38.603061626],[-77.313810355,38.638154133],[-77.268894591,38.638154133],[-77.268894591,38.603061626],[-77.313810355,38.603061626]]]}, "properties" : {"grid_id" : 505, "ev_density" : 3.822567902182356}}, {"type" : "Feature", "geometry" : {"type":"Polygon","coordinates":[[[-77.403641883,38.603061626],[-77.403641883,38.638154133],[-77.358726119,38.638154133],[-77.358726119,38.603061626],[-77.403641883,38.603061626]]]}, "properties" : {"grid_id" : 506, "ev_density" : 8.922684092349192}}, {"type" : "Feature", "geometry" : {"type":"Polygon","coordinates":[[[-77.358726119,38.603061626],[-77.358726119,38.638154133],[-77.313810355,38.638154133],[-77.313810355,38.603061626],[-77.358726119,38.603061626]]]}, "properties" : {"grid_id" : 507, "ev_density" : 10.289939161094118}}, {"type" : "Feature", "geometry" : {"type":"Polygon","coordinates":[[[-77.313810355,38.603061626],[-77.313810355,38.638154133],[-77.268894591,38.638154133],[-77.268894591,38.603061626],[-77.313810355,38.603061626]]]}, "properties" : {"grid_id" : 508, "ev_density" : 3.822567902182356}}, {"type" : "Feature", "geometry" : {"type":"Polygon","coordinates":[[[-77.403641883,38.638154133],[-77.403641883,38.673229467],[-77.358726119,38.673229467],[-77.358726119,38.638154133],[-77.403641883,38.638154133]]]}, "properties" : {"grid_id" : 509, "ev_density" : 9.78987491433438}}, {"type" : "Feature", "geometry" : {"type":"Polygon","coordinates":[[[-77.403641883,38.638154133],[-77.403641883,38.673229467],[-77.358726119,38.673229467],[-77.358726119,38.638154133],[-77.403641883,38.638154133]]]}, "properties" : {"grid_id" : 510, "ev_density" : 9.78987491433438}}, {"type" : "Feature", "geometry" : {"type":"Polygon","coordinates":[[[-77.358726119,38.638154133],[-77.358726119,38.673229467],[-77.313810355,38.673229467],[-77.313810355,38.638154133],[-77.358726119,38.638154133]]]}, "properties" : {"grid_id" : 511, "ev_density" : 3.641395057419424}}, {"type" : "Feature", "geometry" : {"type":"Polygon","coordinates":[[[-77.313810355,38.638154133],[-77.313810355,38.673229467],[-77.268894591,38.673229467],[-77.268894591,38.638154133],[-77.313810355,38.638154133]]]}, "properties" : {"grid_id" : 512, "ev_density" : 2.744647279458897}}, {"type" : "Feature", "geometry" : {"type":"Polygon","coordinates":[[[-77.313810355,38.638154133],[-77.313810355,38.673229467],[-77.268894591,38.673229467],[-77.268894591,38.638154133],[-77.313810355,38.638154133]]]}, "properties" : {"grid_id" : 513, "ev_density" : 2.744647279458897}}, {"type" : "Feature", "geometry" : {"type":"Polygon","coordinates":[[[-77.403641883,38.673229467],[-77.403641883,38.708287623],[-77.358726119,38.708287623],[-77.358726119,38.673229467],[-77.403641883,38.673229467]]]}, "properties" : {"grid_id" : 514, "ev_density" : 2.35528908825008}}, {"type" : "Feature", "geometry" : {"type":"Polygon","coordinates":[[[-77.403641883,38.673229467],[-77.403641883,38.708287623],[-77.358726119,38.708287623],[-77.358726119,38.673229467],[-77.403641883,38.673229467]]]}, "properties" : {"grid_id" : 515, "ev_density" : 2.35528908825008}}, {"type" : "Feature", "geometry" : {"type":"Polygon","coordinates":[[[-77.403641883,38.673229467],[-77.403641883,38.708287623],[-77.358726119,38.708287623],[-77.358726119,38.673229467],[-77.403641883,38.673229467]]]}, "properties" : {"grid_id" : 516, "ev_density" : 2.35528908825008}}, {"type" : "Feature", "geometry" : {"type":"Polygon","coordinates":[[[-77.552968833,38.846207519],[-77.552968833,38.881180769],[-77.508053069,38.881180769],[-77.508053069,38.846207519],[-77.552968833,38.846207519]]]}, "properties" : {"grid_id" : 517, "ev_density" : 21.783263963393814}}, {"type" : "Feature", "geometry" : {"type":"Polygon","coordinates":[[[-77.552968833,38.846207519],[-77.552968833,38.881180769],[-77.508053069,38.881180769],[-77.508053069,38.846207519],[-77.552968833,38.846207519]]]}, "properties" : {"grid_id" : 518, "ev_density" : 21.783263963393814}}, {"type" : "Feature", "geometry" : {"type":"Polygon","coordinates":[[[-77.552968833,38.846207519],[-77.552968833,38.881180769],[-77.508053069,38.881180769],[-77.508053069,38.846207519],[-77.552968833,38.846207519]]]}, "properties" : {"grid_id" : 519, "ev_density" : 21.783263963393814}}, {"type" : "Feature", "geometry" : {"type":"Polygon","coordinates":[[[-77.508053069,38.846207519],[-77.508053069,38.881180769],[-77.463137305,38.881180769],[-77.463137305,38.846207519],[-77.508053069,38.846207519]]]}, "properties" : {"grid_id" : 520, "ev_density" : 13.364946784791417}}, {"type" : "Feature", "geometry" : {"type":"Polygon","coordinates":[[[-77.552968833,38.846207519],[-77.552968833,38.881180769],[-77.508053069,38.881180769],[-77.508053069,38.846207519],[-77.552968833,38.846207519]]]}, "properties" : {"grid_id" : 521, "ev_density" : 21.783263963393814}}, {"type" : "Feature", "geometry" : {"type":"Polygon","coordinates":[[[-77.508053069,38.846207519],[-77.508053069,38.881180769],[-77.463137305,38.881180769],[-77.463137305,38.846207519],[-77.508053069,38.846207519]]]}, "properties" : {"grid_id" : 522, "ev_density" : 13.364946784791417}}, {"type" : "Feature", "geometry" : {"type":"Polygon","coordinates":[[[-77.552968833,38.881180769],[-77.552968833,38.916136814],[-77.508053069,38.916136814],[-77.508053069,38.881180769],[-77.552968833,38.881180769]]]}, "properties" : {"grid_id" : 523, "ev_density" : 23.278152988399803}}, {"type" : "Feature", "geometry" : {"type":"Polygon","coordinates":[[[-77.552968833,38.881180769],[-77.552968833,38.916136814],[-77.508053069,38.916136814],[-77.508053069,38.881180769],[-77.552968833,38.881180769]]]}, "properties" : {"grid_id" : 524, "ev_density" : 23.278152988399803}}, {"type" : "Feature", "geometry" : {"type":"Polygon","coordinates":[[[-77.508053069,38.881180769],[-77.508053069,38.916136814],[-77.463137305,38.916136814],[-77.463137305,38.881180769],[-77.508053069,38.881180769]]]}, "properties" : {"grid_id" : 525, "ev_density" : 13.922141868405943}}, {"type" : "Feature", "geometry" : {"type":"Polygon","coordinates":[[[-77.552968833,38.881180769],[-77.552968833,38.916136814],[-77.508053069,38.916136814],[-77.508053069,38.881180769],[-77.552968833,38.881180769]]]}, "properties" : {"grid_id" : 526, "ev_density" : 23.278152988399803}}, {"type" : "Feature", "geometry" : {"type":"Polygon","coordinates":[[[-77.508053069,38.881180769],[-77.508053069,38.916136814],[-77.463137305,38.916136814],[-77.463137305,38.881180769],[-77.508053069,38.881180769]]]}, "properties" : {"grid_id" : 527, "ev_density" : 13.922141868405943}}, {"type" : "Feature", "geometry" : {"type":"Polygon","coordinates":[[[-77.552968833,38.881180769],[-77.552968833,38.916136814],[-77.508053069,38.916136814],[-77.508053069,38.881180769],[-77.552968833,38.881180769]]]}, "properties" : {"grid_id" : 528, "ev_density" : 23.278152988399803}}, {"type" : "Feature", "geometry" : {"type":"Polygon","coordinates":[[[-77.508053069,38.881180769],[-77.508053069,38.916136814],[-77.463137305,38.916136814],[-77.463137305,38.881180769],[-77.508053069,38.881180769]]]}, "properties" : {"grid_id" : 529, "ev_density" : 13.922141868405943}}, {"type" : "Feature", "geometry" : {"type":"Polygon","coordinates":[[[-77.552968833,38.916136814],[-77.552968833,38.951075649],[-77.508053069,38.951075649],[-77.508053069,38.916136814],[-77.552968833,38.916136814]]]}, "properties" : {"grid_id" : 530, "ev_density" : 9.637507868460968}}, {"type" : "Feature", "geometry" : {"type":"Polygon","coordinates":[[[-77.508053069,38.916136814],[-77.508053069,38.951075649],[-77.463137305,38.951075649],[-77.463137305,38.916136814],[-77.508053069,38.916136814]]]}, "properties" : {"grid_id" : 531, "ev_density" : 3.6878125086589235}}, {"type" : "Feature", "geometry" : {"type":"Polygon","coordinates":[[[-77.552968833,38.916136814],[-77.552968833,38.951075649],[-77.508053069,38.951075649],[-77.508053069,38.916136814],[-77.552968833,38.916136814]]]}, "properties" : {"grid_id" : 532, "ev_density" : 9.637507868460968}}, {"type" : "Feature", "geometry" : {"type":"Polygon","coordinates":[[[-77.552968833,38.916136814],[-77.552968833,38.951075649],[-77.508053069,38.951075649],[-77.508053069,38.916136814],[-77.552968833,38.916136814]]]}, "properties" : {"grid_id" : 533, "ev_density" : 9.637507868460968}}, {"type" : "Feature", "geometry" : {"type":"Polygon","coordinates":[[[-77.508053069,38.916136814],[-77.508053069,38.951075649],[-77.463137305,38.951075649],[-77.463137305,38.916136814],[-77.508053069,38.916136814]]]}, "properties" : {"grid_id" : 534, "ev_density" : 3.6878125086589235}}, {"type" : "Feature", "geometry" : {"type":"Polygon","coordinates":[[[-77.552968833,38.916136814],[-77.552968833,38.951075649],[-77.508053069,38.951075649],[-77.508053069,38.916136814],[-77.552968833,38.916136814]]]}, "properties" : {"grid_id" : 535, "ev_density" : 9.637507868460968}}, {"type" : "Feature", "geometry" : {"type":"Polygon","coordinates":[[[-77.508053069,38.916136814],[-77.508053069,38.951075649],[-77.463137305,38.951075649],[-77.463137305,38.916136814],[-77.508053069,38.916136814]]]}, "properties" : {"grid_id" : 536, "ev_density" : 3.6878125086589235}}, {"type" : "Feature", "geometry" : {"type":"Polygon","coordinates":[[[-77.552968833,38.951075649],[-77.552968833,38.985997269],[-77.508053069,38.985997269],[-77.508053069,38.951075649],[-77.552968833,38.951075649]]]}, "properties" : {"grid_id" : 537, "ev_density" : 34.06325395289925}}, {"type" : "Feature", "geometry" : {"type":"Polygon","coordinates":[[[-77.508053069,38.951075649],[-77.508053069,38.985997269],[-77.463137305,38.985997269],[-77.463137305,38.951075649],[-77.508053069,38.951075649]]]}, "properties" : {"grid_id" : 538, "ev_density" : 4.712453514016278}}, {"type" : "Feature", "geometry" : {"type":"Polygon","coordinates":[[[-77.552968833,38.951075649],[-77.552968833,38.985997269],[-77.508053069,38.985997269],[-77.508053069,38.951075649],[-77.552968833,38.951075649]]]}, "properties" : {"grid_id" : 539, "ev_density" : 34.06325395289925}}, {"type" : "Feature", "geometry" : {"type":"Polygon","coordinates":[[[-77.508053069,38.951075649],[-77.508053069,38.985997269],[-77.463137305,38.985997269],[-77.463137305,38.951075649],[-77.508053069,38.951075649]]]}, "properties" : {"grid_id" : 540, "ev_density" : 4.712453514016278}}, {"type" : "Feature", "geometry" : {"type":"Polygon","coordinates":[[[-77.552968833,38.951075649],[-77.552968833,38.985997269],[-77.508053069,38.985997269],[-77.508053069,38.951075649],[-77.552968833,38.951075649]]]}, "properties" : {"grid_id" : 541, "ev_density" : 34.06325395289925}}, {"type" : "Feature", "geometry" : {"type":"Polygon","coordinates":[[[-77.508053069,38.951075649],[-77.508053069,38.985997269],[-77.463137305,38.985997269],[-77.463137305,38.951075649],[-77.508053069,38.951075649]]]}, "properties" : {"grid_id" : 542, "ev_density" : 4.712453514016278}}, {"type" : "Feature", "geometry" : {"type":"Polygon","coordinates":[[[-77.552968833,38.951075649],[-77.552968833,38.985997269],[-77.508053069,38.985997269],[-77.508053069,38.951075649],[-77.552968833,38.951075649]]]}, "properties" : {"grid_id" : 543, "ev_density" : 34.06325395289925}}, {"type" : "Feature", "geometry" : {"type":"Polygon","coordinates":[[[-77.414394717,38.987400759],[-77.414394717,39.022304468],[-77.369478953,39.022304468],[-77.369478953,38.987400759],[-77.414394717,38.987400759]]]}, "properties" : {"grid_id" : 544, "ev_density" : 0.0005942392440911648}}, {"type" : "Feature", "geometry" : {"type":"Polygon","coordinates":[[[-77.414394717,38.987400759],[-77.414394717,39.022304468],[-77.369478953,39.022304468],[-77.369478953,38.987400759],[-77.414394717,38.987400759]]]}, "properties" : {"grid_id" : 545, "ev_density" : 0.0005942392440911648}}, {"type" : "Feature", "geometry" : {"type":"Polygon","coordinates":[[[-77.728589471,38.681055937],[-77.728589471,38.716110258],[-77.683673707,38.716110258],[-77.683673707,38.681055937],[-77.728589471,38.681055937]]]}, "properties" : {"grid_id" : 546, "ev_density" : 1.2608521993528963}}, {"type" : "Feature", "geometry" : {"type":"Polygon","coordinates":[[[-77.683673707,38.681055937],[-77.683673707,38.716110258],[-77.638757943,38.716110258],[-77.638757943,38.681055937],[-77.683673707,38.681055937]]]}, "properties" : {"grid_id" : 547, "ev_density" : 0.18764279685585222}}, {"type" : "Feature", "geometry" : {"type":"Polygon","coordinates":[[[-77.773505235,38.681055937],[-77.773505235,38.716110258],[-77.728589471,38.716110258],[-77.728589471,38.681055937],[-77.773505235,38.681055937]]]}, "properties" : {"grid_id" : 548, "ev_density" : 0.8050066326959238}}, {"type" : "Feature", "geometry" : {"type":"Polygon","coordinates":[[[-77.728589471,38.681055937],[-77.728589471,38.716110258],[-77.683673707,38.716110258],[-77.683673707,38.681055937],[-77.728589471,38.681055937]]]}, "properties" : {"grid_id" : 549, "ev_density" : 1.2608521993528963}}, {"type" : "Feature", "geometry" : {"type":"Polygon","coordinates":[[[-77.728589471,38.681055937],[-77.728589471,38.716110258],[-77.683673707,38.716110258],[-77.683673707,38.681055937],[-77.728589471,38.681055937]]]}, "properties" : {"grid_id" : 550, "ev_density" : 1.2608521993528963}}, {"type" : "Feature", "geometry" : {"type":"Polygon","coordinates":[[[-77.683673707,38.681055937],[-77.683673707,38.716110258],[-77.638757943,38.716110258],[-77.638757943,38.681055937],[-77.683673707,38.681055937]]]}, "properties" : {"grid_id" : 551, "ev_density" : 0.18764279685585222}}, {"type" : "Feature", "geometry" : {"type":"Polygon","coordinates":[[[-77.728589471,38.716110258],[-77.728589471,38.751147396],[-77.683673707,38.751147396],[-77.683673707,38.716110258],[-77.728589471,38.716110258]]]}, "properties" : {"grid_id" : 552, "ev_density" : 1.5873942598230917}}, {"type" : "Feature", "geometry" : {"type":"Polygon","coordinates":[[[-77.683673707,38.716110258],[-77.683673707,38.751147396],[-77.638757943,38.751147396],[-77.638757943,38.716110258],[-77.683673707,38.716110258]]]}, "properties" : {"grid_id" : 553, "ev_density" : 0.7806815074753176}}, {"type" : "Feature", "geometry" : {"type":"Polygon","coordinates":[[[-77.773505235,38.716110258],[-77.773505235,38.751147396],[-77.728589471,38.751147396],[-77.728589471,38.716110258],[-77.773505235,38.716110258]]]}, "properties" : {"grid_id" : 554, "ev_density" : 1.274212543285564}}, {"type" : "Feature", "geometry" : {"type":"Polygon","coordinates":[[[-77.728589471,38.716110258],[-77.728589471,38.751147396],[-77.683673707,38.751147396],[-77.683673707,38.716110258],[-77.728589471,38.716110258]]]}, "properties" : {"grid_id" : 555, "ev_density" : 1.5873942598230917}}, {"type" : "Feature", "geometry" : {"type":"Polygon","coordinates":[[[-77.683673707,38.716110258],[-77.683673707,38.751147396],[-77.638757943,38.751147396],[-77.638757943,38.716110258],[-77.683673707,38.716110258]]]}, "properties" : {"grid_id" : 556, "ev_density" : 0.7806815074753176}}, {"type" : "Feature", "geometry" : {"type":"Polygon","coordinates":[[[-77.728589471,38.716110258],[-77.728589471,38.751147396],[-77.683673707,38.751147396],[-77.683673707,38.716110258],[-77.728589471,38.716110258]]]}, "properties" : {"grid_id" : 557, "ev_density" : 1.5873942598230917}}, {"type" : "Feature", "geometry" : {"type":"Polygon","coordinates":[[[-77.683673707,38.716110258],[-77.683673707,38.751147396],[-77.638757943,38.751147396],[-77.638757943,38.716110258],[-77.683673707,38.716110258]]]}, "properties" : {"grid_id" : 558, "ev_density" : 0.7806815074753176}}, {"type" : "Feature", "geometry" : {"type":"Polygon","coordinates":[[[-77.773505235,38.751147396],[-77.773505235,38.786167346],[-77.728589471,38.786167346],[-77.728589471,38.751147396],[-77.773505235,38.751147396]]]}, "properties" : {"grid_id" : 559, "ev_density" : 0.23880892933029166}}, {"type" : "Feature", "geometry" : {"type":"Polygon","coordinates":[[[-77.728589471,38.751147396],[-77.728589471,38.786167346],[-77.683673707,38.786167346],[-77.683673707,38.751147396],[-77.728589471,38.751147396]]]}, "properties" : {"grid_id" : 560, "ev_density" : 0.7751416973750634}}, {"type" : "Feature", "geometry" : {"type":"Polygon","coordinates":[[[-77.728589471,38.751147396],[-77.728589471,38.786167346],[-77.683673707,38.786167346],[-77.683673707,38.751147396],[-77.728589471,38.751147396]]]}, "properties" : {"grid_id" : 561, "ev_density" : 0.7751416973750634}}, {"type" : "Feature", "geometry" : {"type":"Polygon","coordinates":[[[-77.683673707,38.751147396],[-77.683673707,38.786167346],[-77.638757943,38.786167346],[-77.638757943,38.751147396],[-77.683673707,38.751147396]]]}, "properties" : {"grid_id" : 562, "ev_density" : 1.726885479326641}}, {"type" : "Feature", "geometry" : {"type":"Polygon","coordinates":[[[-77.773505235,38.751147396],[-77.773505235,38.786167346],[-77.728589471,38.786167346],[-77.728589471,38.751147396],[-77.773505235,38.751147396]]]}, "properties" : {"grid_id" : 563, "ev_density" : 0.23880892933029166}}, {"type" : "Feature", "geometry" : {"type":"Polygon","coordinates":[[[-77.728589471,38.751147396],[-77.728589471,38.786167346],[-77.683673707,38.786167346],[-77.683673707,38.751147396],[-77.728589471,38.751147396]]]}, "properties" : {"grid_id" : 564, "ev_density" : 0.7751416973750634}}, {"type" : "Feature", "geometry" : {"type":"Polygon","coordinates":[[[-77.683673707,38.751147396],[-77.683673707,38.786167346],[-77.638757943,38.786167346],[-77.638757943,38.751147396],[-77.683673707,38.751147396]]]}, "properties" : {"grid_id" : 565, "ev_density" : 1.726885479326641}}, {"type" : "Feature", "geometry" : {"type":"Polygon","coordinates":[[[-77.683673707,38.751147396],[-77.683673707,38.786167346],[-77.638757943,38.786167346],[-77.638757943,38.751147396],[-77.683673707,38.751147396]]]}, "properties" : {"grid_id" : 566, "ev_density" : 1.726885479326641}}, {"type" : "Feature", "geometry" : {"type":"Polygon","coordinates":[[[-77.773505235,38.786167346],[-77.773505235,38.821170103],[-77.728589471,38.821170103],[-77.728589471,38.786167346],[-77.773505235,38.786167346]]]}, "properties" : {"grid_id" : 567, "ev_density" : 0.5360729199465096}}, {"type" : "Feature", "geometry" : {"type":"Polygon","coordinates":[[[-77.728589471,38.786167346],[-77.728589471,38.821170103],[-77.683673707,38.821170103],[-77.683673707,38.786167346],[-77.728589471,38.786167346]]]}, "properties" : {"grid_id" : 568, "ev_density" : 1.904400153458893}}, {"type" : "Feature", "geometry" : {"type":"Polygon","coordinates":[[[-77.683673707,38.786167346],[-77.683673707,38.821170103],[-77.638757943,38.821170103],[-77.638757943,38.786167346],[-77.683673707,38.786167346]]]}, "properties" : {"grid_id" : 569, "ev_density" : 4.186159152038434}}, {"type" : "Feature", "geometry" : {"type":"Polygon","coordinates":[[[-77.728589471,38.786167346],[-77.728589471,38.821170103],[-77.683673707,38.821170103],[-77.683673707,38.786167346],[-77.728589471,38.786167346]]]}, "properties" : {"grid_id" : 570, "ev_density" : 1.904400153458893}}, {"type" : "Feature", "geometry" : {"type":"Polygon","coordinates":[[[-77.683673707,38.786167346],[-77.683673707,38.821170103],[-77.638757943,38.821170103],[-77.638757943,38.786167346],[-77.683673707,38.786167346]]]}, "properties" : {"grid_id" : 571, "ev_density" : 4.186159152038434}}, {"type" : "Feature", "geometry" : {"type":"Polygon","coordinates":[[[-77.773505235,38.786167346],[-77.773505235,38.821170103],[-77.728589471,38.821170103],[-77.728589471,38.786167346],[-77.773505235,38.786167346]]]}, "properties" : {"grid_id" : 572, "ev_density" : 0.5360729199465096}}, {"type" : "Feature", "geometry" : {"type":"Polygon","coordinates":[[[-77.728589471,38.786167346],[-77.728589471,38.821170103],[-77.683673707,38.821170103],[-77.683673707,38.786167346],[-77.728589471,38.786167346]]]}, "properties" : {"grid_id" : 573, "ev_density" : 1.904400153458893}}, {"type" : "Feature", "geometry" : {"type":"Polygon","coordinates":[[[-77.683673707,38.786167346],[-77.683673707,38.821170103],[-77.638757943,38.821170103],[-77.638757943,38.786167346],[-77.683673707,38.786167346]]]}, "properties" : {"grid_id" : 574, "ev_density" : 4.186159152038434}}, {"type" : "Feature", "geometry" : {"type":"Polygon","coordinates":[[[-77.773505235,38.786167346],[-77.773505235,38.821170103],[-77.728589471,38.821170103],[-77.728589471,38.786167346],[-77.773505235,38.786167346]]]}, "properties" : {"grid_id" : 575, "ev_density" : 0.5360729199465096}}, {"type" : "Feature", "geometry" : {"type":"Polygon","coordinates":[[[-77.628624946,38.886131591],[-77.628624946,38.921085199],[-77.583709182,38.921085199],[-77.583709182,38.886131591],[-77.628624946,38.886131591]]]}, "properties" : {"grid_id" : 576, "ev_density" : 6.3263354666652365}}, {"type" : "Feature", "geometry" : {"type":"Polygon","coordinates":[[[-77.583709182,38.886131591],[-77.583709182,38.921085199],[-77.538793418,38.921085199],[-77.538793418,38.886131591],[-77.583709182,38.886131591]]]}, "properties" : {"grid_id" : 577, "ev_density" : 11.378778841762138}}, {"type" : "Feature", "geometry" : {"type":"Polygon","coordinates":[[[-77.583709182,38.886131591],[-77.583709182,38.921085199],[-77.538793418,38.921085199],[-77.538793418,38.886131591],[-77.583709182,38.886131591]]]}, "properties" : {"grid_id" : 578, "ev_density" : 11.378778841762138}}, {"type" : "Feature", "geometry" : {"type":"Polygon","coordinates":[[[-77.628624946,38.886131591],[-77.628624946,38.921085199],[-77.583709182,38.921085199],[-77.583709182,38.886131591],[-77.628624946,38.886131591]]]}, "properties" : {"grid_id" : 579, "ev_density" : 6.3263354666652365}}, {"type" : "Feature", "geometry" : {"type":"Polygon","coordinates":[[[-77.583709182,38.886131591],[-77.583709182,38.921085199],[-77.538793418,38.921085199],[-77.538793418,38.886131591],[-77.583709182,38.886131591]]]}, "properties" : {"grid_id" : 580, "ev_density" : 11.378778841762138}}, {"type" : "Feature", "geometry" : {"type":"Polygon","coordinates":[[[-77.67354071,38.886131591],[-77.67354071,38.921085199],[-77.628624946,38.921085199],[-77.628624946,38.886131591],[-77.67354071,38.886131591]]]}, "properties" : {"grid_id" : 581, "ev_density" : 4.875632172135641}}, {"type" : "Feature", "geometry" : {"type":"Polygon","coordinates":[[[-77.628624946,38.886131591],[-77.628624946,38.921085199],[-77.583709182,38.921085199],[-77.583709182,38.886131591],[-77.628624946,38.886131591]]]}, "properties" : {"grid_id" : 582, "ev_density" : 6.3263354666652365}}, {"type" : "Feature", "geometry" : {"type":"Polygon","coordinates":[[[-77.583709182,38.886131591],[-77.583709182,38.921085199],[-77.538793418,38.921085199],[-77.538793418,38.886131591],[-77.583709182,38.886131591]]]}, "properties" : {"grid_id" : 583, "ev_density" : 11.378778841762138}}, {"type" : "Feature", "geometry" : {"type":"Polygon","coordinates":[[[-77.67354071,38.886131591],[-77.67354071,38.921085199],[-77.628624946,38.921085199],[-77.628624946,38.886131591],[-77.67354071,38.886131591]]]}, "properties" : {"grid_id" : 584, "ev_density" : 4.875632172135641}}, {"type" : "Feature", "geometry" : {"type":"Polygon","coordinates":[[[-77.583709182,38.921085199],[-77.583709182,38.956021597],[-77.538793418,38.956021597],[-77.538793418,38.921085199],[-77.583709182,38.921085199]]]}, "properties" : {"grid_id" : 585, "ev_density" : 12.641287951010177}}, {"type" : "Feature", "geometry" : {"type":"Polygon","coordinates":[[[-77.583709182,38.921085199],[-77.583709182,38.956021597],[-77.538793418,38.956021597],[-77.538793418,38.921085199],[-77.583709182,38.921085199]]]}, "properties" : {"grid_id" : 586, "ev_density" : 12.641287951010177}}, {"type" : "Feature", "geometry" : {"type":"Polygon","coordinates":[[[-77.67354071,38.921085199],[-77.67354071,38.956021597],[-77.628624946,38.956021597],[-77.628624946,38.921085199],[-77.67354071,38.921085199]]]}, "properties" : {"grid_id" : 587, "ev_density" : 5.818334205912954}}, {"type" : "Feature", "geometry" : {"type":"Polygon","coordinates":[[[-77.583709182,38.921085199],[-77.583709182,38.956021597],[-77.538793418,38.956021597],[-77.538793418,38.921085199],[-77.583709182,38.921085199]]]}, "properties" : {"grid_id" : 588, "ev_density" : 12.641287951010177}}, {"type" : "Feature", "geometry" : {"type":"Polygon","coordinates":[[[-77.67354071,38.921085199],[-77.67354071,38.956021597],[-77.628624946,38.956021597],[-77.628624946,38.921085199],[-77.67354071,38.921085199]]]}, "properties" : {"grid_id" : 589, "ev_density" : 5.818334205912954}}, {"type" : "Feature", "geometry" : {"type":"Polygon","coordinates":[[[-77.628624946,38.921085199],[-77.628624946,38.956021597],[-77.583709182,38.956021597],[-77.583709182,38.921085199],[-77.628624946,38.921085199]]]}, "properties" : {"grid_id" : 590, "ev_density" : 8.591910276233866}}, {"type" : "Feature", "geometry" : {"type":"Polygon","coordinates":[[[-77.583709182,38.921085199],[-77.583709182,38.956021597],[-77.538793418,38.956021597],[-77.538793418,38.921085199],[-77.583709182,38.921085199]]]}, "properties" : {"grid_id" : 591, "ev_density" : 12.641287951010177}}, {"type" : "Feature", "geometry" : {"type":"Polygon","coordinates":[[[-77.67354071,38.921085199],[-77.67354071,38.956021597],[-77.628624946,38.956021597],[-77.628624946,38.921085199],[-77.67354071,38.921085199]]]}, "properties" : {"grid_id" : 592, "ev_density" : 5.818334205912954}}, {"type" : "Feature", "geometry" : {"type":"Polygon","coordinates":[[[-77.628624946,38.921085199],[-77.628624946,38.956021597],[-77.583709182,38.956021597],[-77.583709182,38.921085199],[-77.628624946,38.921085199]]]}, "properties" : {"grid_id" : 593, "ev_density" : 8.591910276233866}}, {"type" : "Feature", "geometry" : {"type":"Polygon","coordinates":[[[-77.67354071,38.921085199],[-77.67354071,38.956021597],[-77.628624946,38.956021597],[-77.628624946,38.921085199],[-77.67354071,38.921085199]]]}, "properties" : {"grid_id" : 594, "ev_density" : 5.818334205912954}}, {"type" : "Feature", "geometry" : {"type":"Polygon","coordinates":[[[-77.628624946,38.956021597],[-77.628624946,38.990940779],[-77.583709182,38.990940779],[-77.583709182,38.956021597],[-77.628624946,38.956021597]]]}, "properties" : {"grid_id" : 595, "ev_density" : 4.089225515883258}}, {"type" : "Feature", "geometry" : {"type":"Polygon","coordinates":[[[-77.583709182,38.956021597],[-77.583709182,38.990940779],[-77.538793418,38.990940779],[-77.538793418,38.956021597],[-77.583709182,38.956021597]]]}, "properties" : {"grid_id" : 596, "ev_density" : 30.910898897162756}}, {"type" : "Feature", "geometry" : {"type":"Polygon","coordinates":[[[-77.628624946,38.956021597],[-77.628624946,38.990940779],[-77.583709182,38.990940779],[-77.583709182,38.956021597],[-77.628624946,38.956021597]]]}, "properties" : {"grid_id" : 597, "ev_density" : 4.089225515883258}}, {"type" : "Feature", "geometry" : {"type":"Polygon","coordinates":[[[-77.583709182,38.956021597],[-77.583709182,38.990940779],[-77.538793418,38.990940779],[-77.538793418,38.956021597],[-77.583709182,38.956021597]]]}, "properties" : {"grid_id" : 598, "ev_density" : 30.910898897162756}}, {"type" : "Feature", "geometry" : {"type":"Polygon","coordinates":[[[-77.67354071,38.956021597],[-77.67354071,38.990940779],[-77.628624946,38.990940779],[-77.628624946,38.956021597],[-77.67354071,38.956021597]]]}, "properties" : {"grid_id" : 599, "ev_density" : 3.4557368135349744}}, {"type" : "Feature", "geometry" : {"type":"Polygon","coordinates":[[[-77.67354071,38.956021597],[-77.67354071,38.990940779],[-77.628624946,38.990940779],[-77.628624946,38.956021597],[-77.67354071,38.956021597]]]}, "properties" : {"grid_id" : 600, "ev_density" : 3.4557368135349744}}, {"type" : "Feature", "geometry" : {"type":"Polygon","coordinates":[[[-77.628624946,38.956021597],[-77.628624946,38.990940779],[-77.583709182,38.990940779],[-77.583709182,38.956021597],[-77.628624946,38.956021597]]]}, "properties" : {"grid_id" : 601, "ev_density" : 4.089225515883258}}, {"type" : "Feature", "geometry" : {"type":"Polygon","coordinates":[[[-77.583709182,38.956021597],[-77.583709182,38.990940779],[-77.538793418,38.990940779],[-77.538793418,38.956021597],[-77.583709182,38.956021597]]]}, "properties" : {"grid_id" : 602, "ev_density" : 30.910898897162756}}, {"type" : "Feature", "geometry" : {"type":"Polygon","coordinates":[[[-77.628624946,38.990940779],[-77.628624946,39.025842742],[-77.583709182,39.025842742],[-77.583709182,38.990940779],[-77.628624946,38.990940779]]]}, "properties" : {"grid_id" : 603, "ev_density" : 2.696128672868894}}, {"type" : "Feature", "geometry" : {"type":"Polygon","coordinates":[[[-77.583709182,38.990940779],[-77.583709182,39.025842742],[-77.538793418,39.025842742],[-77.538793418,38.990940779],[-77.583709182,38.990940779]]]}, "properties" : {"grid_id" : 604, "ev_density" : 20.41213433125712}}, {"type" : "Feature", "geometry" : {"type":"Polygon","coordinates":[[[-77.583709182,38.990940779],[-77.583709182,39.025842742],[-77.538793418,39.025842742],[-77.538793418,38.990940779],[-77.583709182,38.990940779]]]}, "properties" : {"grid_id" : 605, "ev_density" : 20.41213433125712}}, {"type" : "Feature", "geometry" : {"type":"Polygon","coordinates":[[[-77.67354071,38.990940779],[-77.67354071,39.025842742],[-77.628624946,39.025842742],[-77.628624946,38.990940779],[-77.67354071,38.990940779]]]}, "properties" : {"grid_id" : 606, "ev_density" : 1.6653462506294858}}, {"type" : "Feature", "geometry" : {"type":"Polygon","coordinates":[[[-77.67354071,38.990940779],[-77.67354071,39.025842742],[-77.628624946,39.025842742],[-77.628624946,38.990940779],[-77.67354071,38.990940779]]]}, "properties" : {"grid_id" : 607, "ev_density" : 1.6653462506294858}}, {"type" : "Feature", "geometry" : {"type":"Polygon","coordinates":[[[-77.628624946,38.990940779],[-77.628624946,39.025842742],[-77.583709182,39.025842742],[-77.583709182,38.990940779],[-77.628624946,38.990940779]]]}, "properties" : {"grid_id" : 608, "ev_density" : 2.696128672868894}}, {"type" : "Feature", "geometry" : {"type":"Polygon","coordinates":[[[-77.67354071,39.025842742],[-77.67354071,39.060727482],[-77.628624946,39.060727482],[-77.628624946,39.025842742],[-77.67354071,39.025842742]]]}, "properties" : {"grid_id" : 609, "ev_density" : 2.6738484674101732}}, {"type" : "Feature", "geometry" : {"type":"Polygon","coordinates":[[[-77.628624946,39.025842742],[-77.628624946,39.060727482],[-77.583709182,39.060727482],[-77.583709182,39.025842742],[-77.628624946,39.025842742]]]}, "properties" : {"grid_id" : 610, "ev_density" : 2.8917385690942283}}, {"type" : "Feature", "geometry" : {"type":"Polygon","coordinates":[[[-77.583709182,39.025842742],[-77.583709182,39.060727482],[-77.538793418,39.060727482],[-77.538793418,39.025842742],[-77.583709182,39.025842742]]]}, "properties" : {"grid_id" : 611, "ev_density" : 4.754449061279027}}, {"type" : "Feature", "geometry" : {"type":"Polygon","coordinates":[[[-77.583709182,39.025842742],[-77.583709182,39.060727482],[-77.538793418,39.060727482],[-77.538793418,39.025842742],[-77.583709182,39.025842742]]]}, "properties" : {"grid_id" : 612, "ev_density" : 4.754449061279027}}, {"type" : "Feature", "geometry" : {"type":"Polygon","coordinates":[[[-77.67354071,39.025842742],[-77.67354071,39.060727482],[-77.628624946,39.060727482],[-77.628624946,39.025842742],[-77.67354071,39.025842742]]]}, "properties" : {"grid_id" : 613, "ev_density" : 2.6738484674101732}}, {"type" : "Feature", "geometry" : {"type":"Polygon","coordinates":[[[-77.67354071,39.025842742],[-77.67354071,39.060727482],[-77.628624946,39.060727482],[-77.628624946,39.025842742],[-77.67354071,39.025842742]]]}, "properties" : {"grid_id" : 614, "ev_density" : 2.6738484674101732}}, {"type" : "Feature", "geometry" : {"type":"Polygon","coordinates":[[[-77.67354071,39.025842742],[-77.67354071,39.060727482],[-77.628624946,39.060727482],[-77.628624946,39.025842742],[-77.67354071,39.025842742]]]}, "properties" : {"grid_id" : 615, "ev_density" : 2.6738484674101732}}, {"type" : "Feature", "geometry" : {"type":"Polygon","coordinates":[[[-77.506427118,38.776839711],[-77.506427118,38.811847048],[-77.461511354,38.811847048],[-77.461511354,38.776839711],[-77.506427118,38.776839711]]]}, "properties" : {"grid_id" : 616, "ev_density" : 5.838826619119507}}, {"type" : "Feature", "geometry" : {"type":"Polygon","coordinates":[[[-77.461511354,38.776839711],[-77.461511354,38.811847048],[-77.41659559,38.811847048],[-77.41659559,38.776839711],[-77.461511354,38.776839711]]]}, "properties" : {"grid_id" : 617, "ev_density" : 6.977849950528697}}, {"type" : "Feature", "geometry" : {"type":"Polygon","coordinates":[[[-77.461511354,38.776839711],[-77.461511354,38.811847048],[-77.41659559,38.811847048],[-77.41659559,38.776839711],[-77.461511354,38.776839711]]]}, "properties" : {"grid_id" : 618, "ev_density" : 6.977849950528697}}, {"type" : "Feature", "geometry" : {"type":"Polygon","coordinates":[[[-77.506427118,38.776839711],[-77.506427118,38.811847048],[-77.461511354,38.811847048],[-77.461511354,38.776839711],[-77.506427118,38.776839711]]]}, "properties" : {"grid_id" : 619, "ev_density" : 5.838826619119507}}, {"type" : "Feature", "geometry" : {"type":"Polygon","coordinates":[[[-77.461511354,38.776839711],[-77.461511354,38.811847048],[-77.41659559,38.811847048],[-77.41659559,38.776839711],[-77.461511354,38.776839711]]]}, "properties" : {"grid_id" : 620, "ev_density" : 6.977849950528697}}, {"type" : "Feature", "geometry" : {"type":"Polygon","coordinates":[[[-77.506427118,38.776839711],[-77.506427118,38.811847048],[-77.461511354,38.811847048],[-77.461511354,38.776839711],[-77.506427118,38.776839711]]]}, "properties" : {"grid_id" : 621, "ev_density" : 5.838826619119507}}, {"type" : "Feature", "geometry" : {"type":"Polygon","coordinates":[[[-77.506427118,38.776839711],[-77.506427118,38.811847048],[-77.461511354,38.811847048],[-77.461511354,38.776839711],[-77.506427118,38.776839711]]]}, "properties" : {"grid_id" : 622, "ev_density" : 5.838826619119507}}, {"type" : "Feature", "geometry" : {"type":"Polygon","coordinates":[[[-77.461511354,38.811847048],[-77.461511354,38.84683719],[-77.41659559,38.84683719],[-77.41659559,38.811847048],[-77.461511354,38.811847048]]]}, "properties" : {"grid_id" : 623, "ev_density" : 9.507676451193904}}, {"type" : "Feature", "geometry" : {"type":"Polygon","coordinates":[[[-77.506427118,38.811847048],[-77.506427118,38.84683719],[-77.461511354,38.84683719],[-77.461511354,38.811847048],[-77.506427118,38.811847048]]]}, "properties" : {"grid_id" : 624, "ev_density" : 12.482693499506128}}, {"type" : "Feature", "geometry" : {"type":"Polygon","coordinates":[[[-77.461511354,38.811847048],[-77.461511354,38.84683719],[-77.41659559,38.84683719],[-77.41659559,38.811847048],[-77.461511354,38.811847048]]]}, "properties" : {"grid_id" : 625, "ev_density" : 9.507676451193904}}, {"type" : "Feature", "geometry" : {"type":"Polygon","coordinates":[[[-77.506427118,38.811847048],[-77.506427118,38.84683719],[-77.461511354,38.84683719],[-77.461511354,38.811847048],[-77.506427118,38.811847048]]]}, "properties" : {"grid_id" : 626, "ev_density" : 12.482693499506128}}, {"type" : "Feature", "geometry" : {"type":"Polygon","coordinates":[[[-77.506427118,38.811847048],[-77.506427118,38.84683719],[-77.461511354,38.84683719],[-77.461511354,38.811847048],[-77.506427118,38.811847048]]]}, "properties" : {"grid_id" : 627, "ev_density" : 12.482693499506128}}, {"type" : "Feature", "geometry" : {"type":"Polygon","coordinates":[[[-77.461511354,38.811847048],[-77.461511354,38.84683719],[-77.41659559,38.84683719],[-77.41659559,38.811847048],[-77.461511354,38.811847048]]]}, "properties" : {"grid_id" : 628, "ev_density" : 9.507676451193904}}, {"type" : "Feature", "geometry" : {"type":"Polygon","coordinates":[[[-77.421967515,38.961365347],[-77.421967515,38.996281895],[-77.377051751,38.996281895],[-77.377051751,38.961365347],[-77.421967515,38.961365347]]]}, "properties" : {"grid_id" : 629, "ev_density" : 1.319731330619861}}, {"type" : "Feature", "geometry" : {"type":"Polygon","coordinates":[[[-77.421967515,38.961365347],[-77.421967515,38.996281895],[-77.377051751,38.996281895],[-77.377051751,38.961365347],[-77.421967515,38.961365347]]]}, "properties" : {"grid_id" : 630, "ev_density" : 1.319731330619861}}, {"type" : "Feature", "geometry" : {"type":"Polygon","coordinates":[[[-77.421967515,38.961365347],[-77.421967515,38.996281895],[-77.377051751,38.996281895],[-77.377051751,38.961365347],[-77.421967515,38.961365347]]]}, "properties" : {"grid_id" : 631, "ev_density" : 1.319731330619861}}, {"type" : "Feature", "geometry" : {"type":"Polygon","coordinates":[[[-77.421967515,38.961365347],[-77.421967515,38.996281895],[-77.377051751,38.996281895],[-77.377051751,38.961365347],[-77.421967515,38.961365347]]]}, "properties" : {"grid_id" : 632, "ev_density" : 1.319731330619861}}, {"type" : "Feature", "geometry" : {"type":"Polygon","coordinates":[[[-77.698343195,39.207695587],[-77.698343195,39.242490374],[-77.653427431,39.242490374],[-77.653427431,39.207695587],[-77.698343195,39.207695587]]]}, "properties" : {"grid_id" : 633, "ev_density" : 0.7797346639532233}}, {"type" : "Feature", "geometry" : {"type":"Polygon","coordinates":[[[-77.653427431,39.207695587],[-77.653427431,39.242490374],[-77.608511667,39.242490374],[-77.608511667,39.207695587],[-77.653427431,39.207695587]]]}, "properties" : {"grid_id" : 634, "ev_density" : 1.185023468063539}}, {"type" : "Feature", "geometry" : {"type":"Polygon","coordinates":[[[-77.608511667,39.207695587],[-77.608511667,39.242490374],[-77.563595903,39.242490374],[-77.563595903,39.207695587],[-77.608511667,39.207695587]]]}, "properties" : {"grid_id" : 635, "ev_density" : 0.7328317315221445}}, {"type" : "Feature", "geometry" : {"type":"Polygon","coordinates":[[[-77.698343195,39.207695587],[-77.698343195,39.242490374],[-77.653427431,39.242490374],[-77.653427431,39.207695587],[-77.698343195,39.207695587]]]}, "properties" : {"grid_id" : 636, "ev_density" : 0.7797346639532233}}, {"type" : "Feature", "geometry" : {"type":"Polygon","coordinates":[[[-77.698343195,39.207695587],[-77.698343195,39.242490374],[-77.653427431,39.242490374],[-77.653427431,39.207695587],[-77.698343195,39.207695587]]]}, "properties" : {"grid_id" : 637, "ev_density" : 0.7797346639532233}}, {"type" : "Feature", "geometry" : {"type":"Polygon","coordinates":[[[-77.653427431,39.207695587],[-77.653427431,39.242490374],[-77.608511667,39.242490374],[-77.608511667,39.207695587],[-77.653427431,39.207695587]]]}, "properties" : {"grid_id" : 638, "ev_density" : 1.185023468063539}}, {"type" : "Feature", "geometry" : {"type":"Polygon","coordinates":[[[-77.608511667,39.207695587],[-77.608511667,39.242490374],[-77.563595903,39.242490374],[-77.563595903,39.207695587],[-77.608511667,39.207695587]]]}, "properties" : {"grid_id" : 639, "ev_density" : 0.7328317315221445}}, {"type" : "Feature", "geometry" : {"type":"Polygon","coordinates":[[[-77.608511667,39.207695587],[-77.608511667,39.242490374],[-77.563595903,39.242490374],[-77.563595903,39.207695587],[-77.608511667,39.207695587]]]}, "properties" : {"grid_id" : 640, "ev_density" : 0.7328317315221445}}, {"type" : "Feature", "geometry" : {"type":"Polygon","coordinates":[[[-77.563595903,39.207695587],[-77.563595903,39.242490374],[-77.518680139,39.242490374],[-77.518680139,39.207695587],[-77.563595903,39.207695587]]]}, "properties" : {"grid_id" : 641, "ev_density" : 2.772658046614235}}, {"type" : "Feature", "geometry" : {"type":"Polygon","coordinates":[[[-77.698343195,39.242490374],[-77.698343195,39.277267909],[-77.653427431,39.277267909],[-77.653427431,39.242490374],[-77.698343195,39.242490374]]]}, "properties" : {"grid_id" : 642, "ev_density" : 0.5654636541407456}}, {"type" : "Feature", "geometry" : {"type":"Polygon","coordinates":[[[-77.653427431,39.242490374],[-77.653427431,39.277267909],[-77.608511667,39.277267909],[-77.608511667,39.242490374],[-77.653427431,39.242490374]]]}, "properties" : {"grid_id" : 643, "ev_density" : 0.5607662186117888}}, {"type" : "Feature", "geometry" : {"type":"Polygon","coordinates":[[[-77.608511667,39.242490374],[-77.608511667,39.277267909],[-77.563595903,39.277267909],[-77.563595903,39.242490374],[-77.608511667,39.242490374]]]}, "properties" : {"grid_id" : 644, "ev_density" : 1.1807078805587858}}, {"type" : "Feature", "geometry" : {"type":"Polygon","coordinates":[[[-77.563595903,39.242490374],[-77.563595903,39.277267909],[-77.518680139,39.277267909],[-77.518680139,39.242490374],[-77.563595903,39.242490374]]]}, "properties" : {"grid_id" : 645, "ev_density" : 2.05398819628373}}, {"type" : "Feature", "geometry" : {"type":"Polygon","coordinates":[[[-77.563595903,39.242490374],[-77.563595903,39.277267909],[-77.518680139,39.277267909],[-77.518680139,39.242490374],[-77.563595903,39.242490374]]]}, "properties" : {"grid_id" : 646, "ev_density" : 2.05398819628373}}, {"type" : "Feature", "geometry" : {"type":"Polygon","coordinates":[[[-77.563595903,39.242490374],[-77.563595903,39.277267909],[-77.518680139,39.277267909],[-77.518680139,39.242490374],[-77.563595903,39.242490374]]]}, "properties" : {"grid_id" : 647, "ev_density" : 2.05398819628373}}, {"type" : "Feature", "geometry" : {"type":"Polygon","coordinates":[[[-77.608511667,39.242490374],[-77.608511667,39.277267909],[-77.563595903,39.277267909],[-77.563595903,39.242490374],[-77.608511667,39.242490374]]]}, "properties" : {"grid_id" : 648, "ev_density" : 1.1807078805587858}}, {"type" : "Feature", "geometry" : {"type":"Polygon","coordinates":[[[-77.563595903,39.242490374],[-77.563595903,39.277267909],[-77.518680139,39.277267909],[-77.518680139,39.242490374],[-77.563595903,39.242490374]]]}, "properties" : {"grid_id" : 649, "ev_density" : 2.05398819628373}}, {"type" : "Feature", "geometry" : {"type":"Polygon","coordinates":[[[-77.608511667,39.277267909],[-77.608511667,39.31202819],[-77.563595903,39.31202819],[-77.563595903,39.277267909],[-77.608511667,39.277267909]]]}, "properties" : {"grid_id" : 650, "ev_density" : 0.7844477825438568}}, {"type" : "Feature", "geometry" : {"type":"Polygon","coordinates":[[[-77.653427431,39.277267909],[-77.653427431,39.31202819],[-77.608511667,39.31202819],[-77.608511667,39.277267909],[-77.653427431,39.277267909]]]}, "properties" : {"grid_id" : 651, "ev_density" : 0.2303655230380521}}, {"type" : "Feature", "geometry" : {"type":"Polygon","coordinates":[[[-77.608511667,39.277267909],[-77.608511667,39.31202819],[-77.563595903,39.31202819],[-77.563595903,39.277267909],[-77.608511667,39.277267909]]]}, "properties" : {"grid_id" : 652, "ev_density" : 0.7844477825438568}}, {"type" : "Feature", "geometry" : {"type":"Polygon","coordinates":[[[-77.563595903,39.277267909],[-77.563595903,39.31202819],[-77.518680139,39.31202819],[-77.518680139,39.277267909],[-77.563595903,39.277267909]]]}, "properties" : {"grid_id" : 653, "ev_density" : 0.060123607727926374}}, {"type" : "Feature", "geometry" : {"type":"Polygon","coordinates":[[[-77.563595903,39.277267909],[-77.563595903,39.31202819],[-77.518680139,39.31202819],[-77.518680139,39.277267909],[-77.563595903,39.277267909]]]}, "properties" : {"grid_id" : 654, "ev_density" : 0.060123607727926374}}, {"type" : "Feature", "geometry" : {"type":"Polygon","coordinates":[[[-77.533906583,39.241168487],[-77.533906583,39.275946678],[-77.488990818,39.275946678],[-77.488990818,39.241168487],[-77.533906583,39.241168487]]]}, "properties" : {"grid_id" : 655, "ev_density" : 1.9652709983965813}}, {"type" : "Feature", "geometry" : {"type":"Polygon","coordinates":[[[-77.488990818,39.241168487],[-77.488990818,39.275946678],[-77.444075054,39.275946678],[-77.444075054,39.241168487],[-77.488990818,39.241168487]]]}, "properties" : {"grid_id" : 656, "ev_density" : 0.14091052442278035}}, {"type" : "Feature", "geometry" : {"type":"Polygon","coordinates":[[[-77.488990818,39.241168487],[-77.488990818,39.275946678],[-77.444075054,39.275946678],[-77.444075054,39.241168487],[-77.488990818,39.241168487]]]}, "properties" : {"grid_id" : 657, "ev_density" : 0.14091052442278035}}, {"type" : "Feature", "geometry" : {"type":"Polygon","coordinates":[[[-77.533906583,39.241168487],[-77.533906583,39.275946678],[-77.488990818,39.275946678],[-77.488990818,39.241168487],[-77.533906583,39.241168487]]]}, "properties" : {"grid_id" : 658, "ev_density" : 1.9652709983965813}}, {"type" : "Feature", "geometry" : {"type":"Polygon","coordinates":[[[-77.488990818,39.241168487],[-77.488990818,39.275946678],[-77.444075054,39.275946678],[-77.444075054,39.241168487],[-77.488990818,39.241168487]]]}, "properties" : {"grid_id" : 659, "ev_density" : 0.14091052442278035}}, {"type" : "Feature", "geometry" : {"type":"Polygon","coordinates":[[[-77.562014868,39.275585074],[-77.562014868,39.31034619],[-77.517099104,39.31034619],[-77.517099104,39.275585074],[-77.562014868,39.275585074]]]}, "properties" : {"grid_id" : 660, "ev_density" : 0.049300681353953164}}, {"type" : "Feature", "geometry" : {"type":"Polygon","coordinates":[[[-77.562014868,39.275585074],[-77.562014868,39.31034619],[-77.517099104,39.31034619],[-77.517099104,39.275585074],[-77.562014868,39.275585074]]]}, "properties" : {"grid_id" : 661, "ev_density" : 0.049300681353953164}}, {"type" : "Feature", "geometry" : {"type":"Polygon","coordinates":[[[-77.483286516,38.737155625],[-77.483286516,38.77218244],[-77.438370752,38.77218244],[-77.438370752,38.737155625],[-77.483286516,38.737155625]]]}, "properties" : {"grid_id" : 662, "ev_density" : 1.2365699404771644}}, {"type" : "Feature", "geometry" : {"type":"Polygon","coordinates":[[[-77.528202281,38.737155625],[-77.528202281,38.77218244],[-77.483286516,38.77218244],[-77.483286516,38.737155625],[-77.528202281,38.737155625]]]}, "properties" : {"grid_id" : 663, "ev_density" : 1.8380012688765164}}, {"type" : "Feature", "geometry" : {"type":"Polygon","coordinates":[[[-77.483286516,38.737155625],[-77.483286516,38.77218244],[-77.438370752,38.77218244],[-77.438370752,38.737155625],[-77.483286516,38.737155625]]]}, "properties" : {"grid_id" : 664, "ev_density" : 1.2365699404771644}}, {"type" : "Feature", "geometry" : {"type":"Polygon","coordinates":[[[-77.528202281,38.737155625],[-77.528202281,38.77218244],[-77.483286516,38.77218244],[-77.483286516,38.737155625],[-77.528202281,38.737155625]]]}, "properties" : {"grid_id" : 665, "ev_density" : 1.8380012688765164}}, {"type" : "Feature", "geometry" : {"type":"Polygon","coordinates":[[[-77.528202281,38.77218244],[-77.528202281,38.807192064],[-77.483286516,38.807192064],[-77.483286516,38.77218244],[-77.528202281,38.77218244]]]}, "properties" : {"grid_id" : 666, "ev_density" : 3.9736331763461936}}, {"type" : "Feature", "geometry" : {"type":"Polygon","coordinates":[[[-77.483286516,38.77218244],[-77.483286516,38.807192064],[-77.438370752,38.807192064],[-77.438370752,38.77218244],[-77.483286516,38.77218244]]]}, "properties" : {"grid_id" : 667, "ev_density" : 5.573536873926946}}, {"type" : "Feature", "geometry" : {"type":"Polygon","coordinates":[[[-77.528202281,38.77218244],[-77.528202281,38.807192064],[-77.483286516,38.807192064],[-77.483286516,38.77218244],[-77.528202281,38.77218244]]]}, "properties" : {"grid_id" : 668, "ev_density" : 3.9736331763461936}}, {"type" : "Feature", "geometry" : {"type":"Polygon","coordinates":[[[-77.483286516,38.77218244],[-77.483286516,38.807192064],[-77.438370752,38.807192064],[-77.438370752,38.77218244],[-77.483286516,38.77218244]]]}, "properties" : {"grid_id" : 669, "ev_density" : 5.573536873926946}}, {"type" : "Feature", "geometry" : {"type":"Polygon","coordinates":[[[-77.528202281,38.77218244],[-77.528202281,38.807192064],[-77.483286516,38.807192064],[-77.483286516,38.77218244],[-77.528202281,38.77218244]]]}, "properties" : {"grid_id" : 670, "ev_density" : 3.9736331763461936}}, {"type" : "Feature", "geometry" : {"type":"Polygon","coordinates":[[[-77.483286516,38.77218244],[-77.483286516,38.807192064],[-77.438370752,38.807192064],[-77.438370752,38.77218244],[-77.483286516,38.77218244]]]}, "properties" : {"grid_id" : 671, "ev_density" : 5.573536873926946}}, {"type" : "Feature", "geometry" : {"type":"Polygon","coordinates":[[[-77.528202281,38.77218244],[-77.528202281,38.807192064],[-77.483286516,38.807192064],[-77.483286516,38.77218244],[-77.528202281,38.77218244]]]}, "properties" : {"grid_id" : 672, "ev_density" : 3.9736331763461936}}, {"type" : "Feature", "geometry" : {"type":"Polygon","coordinates":[[[-77.483286516,38.77218244],[-77.483286516,38.807192064],[-77.438370752,38.807192064],[-77.438370752,38.77218244],[-77.483286516,38.77218244]]]}, "properties" : {"grid_id" : 673, "ev_density" : 5.573536873926946}}, {"type" : "Feature", "geometry" : {"type":"Polygon","coordinates":[[[-77.621303677,39.156724914],[-77.621303677,39.191544948],[-77.576387912,39.191544948],[-77.576387912,39.156724914],[-77.621303677,39.156724914]]]}, "properties" : {"grid_id" : 674, "ev_density" : 0.010668175475208815}}, {"type" : "Feature", "geometry" : {"type":"Polygon","coordinates":[[[-77.621303677,39.156724914],[-77.621303677,39.191544948],[-77.576387912,39.191544948],[-77.576387912,39.156724914],[-77.621303677,39.156724914]]]}, "properties" : {"grid_id" : 675, "ev_density" : 0.010668175475208815}}, {"type" : "Feature", "geometry" : {"type":"Polygon","coordinates":[[[-77.621303677,39.156724914],[-77.621303677,39.191544948],[-77.576387912,39.191544948],[-77.576387912,39.156724914],[-77.621303677,39.156724914]]]}, "properties" : {"grid_id" : 676, "ev_density" : 0.010668175475208815}}, {"type" : "Feature", "geometry" : {"type":"Polygon","coordinates":[[[-77.822876643,39.146839847],[-77.822876643,39.181664775],[-77.777960879,39.181664775],[-77.777960879,39.146839847],[-77.822876643,39.146839847]]]}, "properties" : {"grid_id" : 677, "ev_density" : 1.5182506605671673}}, {"type" : "Feature", "geometry" : {"type":"Polygon","coordinates":[[[-77.822876643,39.146839847],[-77.822876643,39.181664775],[-77.777960879,39.181664775],[-77.777960879,39.146839847],[-77.822876643,39.146839847]]]}, "properties" : {"grid_id" : 678, "ev_density" : 1.5182506605671673}}, {"type" : "Feature", "geometry" : {"type":"Polygon","coordinates":[[[-77.822876643,39.146839847],[-77.822876643,39.181664775],[-77.777960879,39.181664775],[-77.777960879,39.146839847],[-77.822876643,39.146839847]]]}, "properties" : {"grid_id" : 679, "ev_density" : 1.5182506605671673}}, {"type" : "Feature", "geometry" : {"type":"Polygon","coordinates":[[[-77.822876643,39.181664775],[-77.822876643,39.216472459],[-77.777960879,39.216472459],[-77.777960879,39.181664775],[-77.822876643,39.181664775]]]}, "properties" : {"grid_id" : 680, "ev_density" : 0.6694446501900807}}, {"type" : "Feature", "geometry" : {"type":"Polygon","coordinates":[[[-77.822876643,39.181664775],[-77.822876643,39.216472459],[-77.777960879,39.216472459],[-77.777960879,39.181664775],[-77.822876643,39.181664775]]]}, "properties" : {"grid_id" : 681, "ev_density" : 0.6694446501900807}}, {"type" : "Feature", "geometry" : {"type":"Polygon","coordinates":[[[-77.822876643,39.181664775],[-77.822876643,39.216472459],[-77.777960879,39.216472459],[-77.777960879,39.181664775],[-77.822876643,39.181664775]]]}, "properties" : {"grid_id" : 682, "ev_density" : 0.6694446501900807}}, {"type" : "Feature", "geometry" : {"type":"Polygon","coordinates":[[[-77.822876643,39.216472459],[-77.822876643,39.251262895],[-77.777960879,39.251262895],[-77.777960879,39.216472459],[-77.822876643,39.216472459]]]}, "properties" : {"grid_id" : 683, "ev_density" : 0.04246907268197021}}, {"type" : "Feature", "geometry" : {"type":"Polygon","coordinates":[[[-77.822876643,39.216472459],[-77.822876643,39.251262895],[-77.777960879,39.251262895],[-77.777960879,39.216472459],[-77.822876643,39.216472459]]]}, "properties" : {"grid_id" : 684, "ev_density" : 0.04246907268197021}}, {"type" : "Feature", "geometry" : {"type":"Polygon","coordinates":[[[-77.51660503,39.170731604],[-77.51660503,39.205544703],[-77.471689266,39.205544703],[-77.471689266,39.170731604],[-77.51660503,39.170731604]]]}, "properties" : {"grid_id" : 685, "ev_density" : 3.4899710671126307}}, {"type" : "Feature", "geometry" : {"type":"Polygon","coordinates":[[[-77.51660503,39.170731604],[-77.51660503,39.205544703],[-77.471689266,39.205544703],[-77.471689266,39.170731604],[-77.51660503,39.170731604]]]}, "properties" : {"grid_id" : 686, "ev_density" : 3.4899710671126307}}, {"type" : "Feature", "geometry" : {"type":"Polygon","coordinates":[[[-77.51660503,39.205544703],[-77.51660503,39.240340556],[-77.471689266,39.240340556],[-77.471689266,39.205544703],[-77.51660503,39.205544703]]]}, "properties" : {"grid_id" : 687, "ev_density" : 5.92357279193442}}, {"type" : "Feature", "geometry" : {"type":"Polygon","coordinates":[[[-77.471689266,39.205544703],[-77.471689266,39.240340556],[-77.426773502,39.240340556],[-77.426773502,39.205544703],[-77.471689266,39.205544703]]]}, "properties" : {"grid_id" : 688, "ev_density" : 0.8147975443580495}}, {"type" : "Feature", "geometry" : {"type":"Polygon","coordinates":[[[-77.51660503,39.205544703],[-77.51660503,39.240340556],[-77.471689266,39.240340556],[-77.471689266,39.205544703],[-77.51660503,39.205544703]]]}, "properties" : {"grid_id" : 689, "ev_density" : 5.92357279193442}}, {"type" : "Feature", "geometry" : {"type":"Polygon","coordinates":[[[-77.471689266,39.205544703],[-77.471689266,39.240340556],[-77.426773502,39.240340556],[-77.426773502,39.205544703],[-77.471689266,39.205544703]]]}, "properties" : {"grid_id" : 690, "ev_density" : 0.8147975443580495}}, {"type" : "Feature", "geometry" : {"type":"Polygon","coordinates":[[[-77.51660503,39.240340556],[-77.51660503,39.275119158],[-77.471689266,39.275119158],[-77.471689266,39.240340556],[-77.51660503,39.240340556]]]}, "properties" : {"grid_id" : 691, "ev_density" : 1.417100836027889}}, {"type" : "Feature", "geometry" : {"type":"Polygon","coordinates":[[[-77.51660503,39.240340556],[-77.51660503,39.275119158],[-77.471689266,39.275119158],[-77.471689266,39.240340556],[-77.51660503,39.240340556]]]}, "properties" : {"grid_id" : 692, "ev_density" : 1.417100836027889}}, {"type" : "Feature", "geometry" : {"type":"Polygon","coordinates":[[[-77.51660503,39.240340556],[-77.51660503,39.275119158],[-77.471689266,39.275119158],[-77.471689266,39.240340556],[-77.51660503,39.240340556]]]}, "properties" : {"grid_id" : 693, "ev_density" : 1.417100836027889}}, {"type" : "Feature", "geometry" : {"type":"Polygon","coordinates":[[[-77.422048364,38.961365347],[-77.422048364,38.996281895],[-77.377132599,38.996281895],[-77.377132599,38.961365347],[-77.422048364,38.961365347]]]}, "properties" : {"grid_id" : 694, "ev_density" : 1.3225948922929989}}, {"type" : "Feature", "geometry" : {"type":"Polygon","coordinates":[[[-77.422048364,38.961365347],[-77.422048364,38.996281895],[-77.377132599,38.996281895],[-77.377132599,38.961365347],[-77.422048364,38.961365347]]]}, "properties" : {"grid_id" : 695, "ev_density" : 1.3225948922929989}}, {"type" : "Feature", "geometry" : {"type":"Polygon","coordinates":[[[-77.422048364,38.961365347],[-77.422048364,38.996281895],[-77.377132599,38.996281895],[-77.377132599,38.961365347],[-77.422048364,38.961365347]]]}, "properties" : {"grid_id" : 696, "ev_density" : 1.3225948922929989}}, {"type" : "Feature", "geometry" : {"type":"Polygon","coordinates":[[[-77.422048364,38.961365347],[-77.422048364,38.996281895],[-77.377132599,38.996281895],[-77.377132599,38.961365347],[-77.422048364,38.961365347]]]}, "properties" : {"grid_id" : 697, "ev_density" : 1.3225948922929989}}, {"type" : "Feature", "geometry" : {"type":"Polygon","coordinates":[[[-77.514386192,38.67559994],[-77.514386192,38.710656935],[-77.469470427,38.710656935],[-77.469470427,38.67559994],[-77.514386192,38.67559994]]]}, "properties" : {"grid_id" : 698, "ev_density" : 1.8614354158883417}}, {"type" : "Feature", "geometry" : {"type":"Polygon","coordinates":[[[-77.559301956,38.67559994],[-77.559301956,38.710656935],[-77.514386192,38.710656935],[-77.514386192,38.67559994],[-77.559301956,38.67559994]]]}, "properties" : {"grid_id" : 699, "ev_density" : 0.8315236622214159}}, {"type" : "Feature", "geometry" : {"type":"Polygon","coordinates":[[[-77.514386192,38.67559994],[-77.514386192,38.710656935],[-77.469470427,38.710656935],[-77.469470427,38.67559994],[-77.514386192,38.67559994]]]}, "properties" : {"grid_id" : 700, "ev_density" : 1.8614354158883417}}, {"type" : "Feature", "geometry" : {"type":"Polygon","coordinates":[[[-77.60421772,38.67559994],[-77.60421772,38.710656935],[-77.559301956,38.710656935],[-77.559301956,38.67559994],[-77.60421772,38.67559994]]]}, "properties" : {"grid_id" : 701, "ev_density" : 8.572033791002986e-05}}, {"type" : "Feature", "geometry" : {"type":"Polygon","coordinates":[[[-77.559301956,38.67559994],[-77.559301956,38.710656935],[-77.514386192,38.710656935],[-77.514386192,38.67559994],[-77.559301956,38.67559994]]]}, "properties" : {"grid_id" : 702, "ev_density" : 0.8315236622214159}}, {"type" : "Feature", "geometry" : {"type":"Polygon","coordinates":[[[-77.514386192,38.67559994],[-77.514386192,38.710656935],[-77.469470427,38.710656935],[-77.469470427,38.67559994],[-77.514386192,38.67559994]]]}, "properties" : {"grid_id" : 703, "ev_density" : 1.8614354158883417}}, {"type" : "Feature", "geometry" : {"type":"Polygon","coordinates":[[[-77.514386192,38.710656935],[-77.514386192,38.745696747],[-77.469470427,38.745696747],[-77.469470427,38.710656935],[-77.514386192,38.710656935]]]}, "properties" : {"grid_id" : 704, "ev_density" : 0.03786241925739902}}, {"type" : "Feature", "geometry" : {"type":"Polygon","coordinates":[[[-77.559301956,38.710656935],[-77.559301956,38.745696747],[-77.514386192,38.745696747],[-77.514386192,38.710656935],[-77.559301956,38.710656935]]]}, "properties" : {"grid_id" : 705, "ev_density" : 3.1308390844716696}}, {"type" : "Feature", "geometry" : {"type":"Polygon","coordinates":[[[-77.514386192,38.710656935],[-77.514386192,38.745696747],[-77.469470427,38.745696747],[-77.469470427,38.710656935],[-77.514386192,38.710656935]]]}, "properties" : {"grid_id" : 706, "ev_density" : 0.03786241925739902}}, {"type" : "Feature", "geometry" : {"type":"Polygon","coordinates":[[[-77.60421772,38.710656935],[-77.60421772,38.745696747],[-77.559301956,38.745696747],[-77.559301956,38.710656935],[-77.60421772,38.710656935]]]}, "properties" : {"grid_id" : 707, "ev_density" : 3.459071509962346}}, {"type" : "Feature", "geometry" : {"type":"Polygon","coordinates":[[[-77.559301956,38.710656935],[-77.559301956,38.745696747],[-77.514386192,38.745696747],[-77.514386192,38.710656935],[-77.559301956,38.710656935]]]}, "properties" : {"grid_id" : 708, "ev_density" : 3.1308390844716696}}, {"type" : "Feature", "geometry" : {"type":"Polygon","coordinates":[[[-77.559301956,38.710656935],[-77.559301956,38.745696747],[-77.514386192,38.745696747],[-77.514386192,38.710656935],[-77.559301956,38.710656935]]]}, "properties" : {"grid_id" : 709, "ev_density" : 3.1308390844716696}}, {"type" : "Feature", "geometry" : {"type":"Polygon","coordinates":[[[-77.60421772,38.710656935],[-77.60421772,38.745696747],[-77.559301956,38.745696747],[-77.559301956,38.710656935],[-77.60421772,38.710656935]]]}, "properties" : {"grid_id" : 710, "ev_density" : 3.459071509962346}}, {"type" : "Feature", "geometry" : {"type":"Polygon","coordinates":[[[-77.559301956,38.710656935],[-77.559301956,38.745696747],[-77.514386192,38.745696747],[-77.514386192,38.710656935],[-77.559301956,38.710656935]]]}, "properties" : {"grid_id" : 711, "ev_density" : 3.1308390844716696}}, {"type" : "Feature", "geometry" : {"type":"Polygon","coordinates":[[[-77.514386192,38.745696747],[-77.514386192,38.780719371],[-77.469470427,38.780719371],[-77.469470427,38.745696747],[-77.514386192,38.745696747]]]}, "properties" : {"grid_id" : 712, "ev_density" : 1.626464245688628}}, {"type" : "Feature", "geometry" : {"type":"Polygon","coordinates":[[[-77.60421772,38.745696747],[-77.60421772,38.780719371],[-77.559301956,38.780719371],[-77.559301956,38.745696747],[-77.60421772,38.745696747]]]}, "properties" : {"grid_id" : 713, "ev_density" : 9.00906915402025}}, {"type" : "Feature", "geometry" : {"type":"Polygon","coordinates":[[[-77.559301956,38.745696747],[-77.559301956,38.780719371],[-77.514386192,38.780719371],[-77.514386192,38.745696747],[-77.559301956,38.745696747]]]}, "properties" : {"grid_id" : 714, "ev_density" : 3.628885924848067}}, {"type" : "Feature", "geometry" : {"type":"Polygon","coordinates":[[[-77.514386192,38.745696747],[-77.514386192,38.780719371],[-77.469470427,38.780719371],[-77.469470427,38.745696747],[-77.514386192,38.745696747]]]}, "properties" : {"grid_id" : 715, "ev_density" : 1.626464245688628}}, {"type" : "Feature", "geometry" : {"type":"Polygon","coordinates":[[[-77.60421772,38.745696747],[-77.60421772,38.780719371],[-77.559301956,38.780719371],[-77.559301956,38.745696747],[-77.60421772,38.745696747]]]}, "properties" : {"grid_id" : 716, "ev_density" : 9.00906915402025}}, {"type" : "Feature", "geometry" : {"type":"Polygon","coordinates":[[[-77.559301956,38.745696747],[-77.559301956,38.780719371],[-77.514386192,38.780719371],[-77.514386192,38.745696747],[-77.559301956,38.745696747]]]}, "properties" : {"grid_id" : 717, "ev_density" : 3.628885924848067}}, {"type" : "Feature", "geometry" : {"type":"Polygon","coordinates":[[[-77.60421772,38.745696747],[-77.60421772,38.780719371],[-77.559301956,38.780719371],[-77.559301956,38.745696747],[-77.60421772,38.745696747]]]}, "properties" : {"grid_id" : 718, "ev_density" : 9.00906915402025}}, {"type" : "Feature", "geometry" : {"type":"Polygon","coordinates":[[[-77.559301956,38.745696747],[-77.559301956,38.780719371],[-77.514386192,38.780719371],[-77.514386192,38.745696747],[-77.559301956,38.745696747]]]}, "properties" : {"grid_id" : 719, "ev_density" : 3.628885924848067}}, {"type" : "Feature", "geometry" : {"type":"Polygon","coordinates":[[[-77.514386192,38.745696747],[-77.514386192,38.780719371],[-77.469470427,38.780719371],[-77.469470427,38.745696747],[-77.514386192,38.745696747]]]}, "properties" : {"grid_id" : 720, "ev_density" : 1.626464245688628}}, {"type" : "Feature", "geometry" : {"type":"Polygon","coordinates":[[[-77.60421772,38.745696747],[-77.60421772,38.780719371],[-77.559301956,38.780719371],[-77.559301956,38.745696747],[-77.60421772,38.745696747]]]}, "properties" : {"grid_id" : 721, "ev_density" : 9.00906915402025}}, {"type" : "Feature", "geometry" : {"type":"Polygon","coordinates":[[[-77.514386192,38.780719371],[-77.514386192,38.815724803],[-77.469470427,38.815724803],[-77.469470427,38.780719371],[-77.514386192,38.780719371]]]}, "properties" : {"grid_id" : 722, "ev_density" : 5.678737883309907}}, {"type" : "Feature", "geometry" : {"type":"Polygon","coordinates":[[[-77.60421772,38.780719371],[-77.60421772,38.815724803],[-77.559301956,38.815724803],[-77.559301956,38.780719371],[-77.60421772,38.780719371]]]}, "properties" : {"grid_id" : 723, "ev_density" : 4.06947988223891}}, {"type" : "Feature", "geometry" : {"type":"Polygon","coordinates":[[[-77.514386192,38.780719371],[-77.514386192,38.815724803],[-77.469470427,38.815724803],[-77.469470427,38.780719371],[-77.514386192,38.780719371]]]}, "properties" : {"grid_id" : 724, "ev_density" : 5.678737883309907}}, {"type" : "Feature", "geometry" : {"type":"Polygon","coordinates":[[[-77.514386192,38.780719371],[-77.514386192,38.815724803],[-77.469470427,38.815724803],[-77.469470427,38.780719371],[-77.514386192,38.780719371]]]}, "properties" : {"grid_id" : 725, "ev_density" : 5.678737883309907}}, {"type" : "Feature", "geometry" : {"type":"Polygon","coordinates":[[[-77.60421772,38.780719371],[-77.60421772,38.815724803],[-77.559301956,38.815724803],[-77.559301956,38.780719371],[-77.60421772,38.780719371]]]}, "properties" : {"grid_id" : 726, "ev_density" : 4.06947988223891}}, {"type" : "Feature", "geometry" : {"type":"Polygon","coordinates":[[[-77.60421772,38.780719371],[-77.60421772,38.815724803],[-77.559301956,38.815724803],[-77.559301956,38.780719371],[-77.60421772,38.780719371]]]}, "properties" : {"grid_id" : 727, "ev_density" : 4.06947988223891}}, {"type" : "Feature", "geometry" : {"type":"Polygon","coordinates":[[[-77.559301956,38.780719371],[-77.559301956,38.815724803],[-77.514386192,38.815724803],[-77.514386192,38.780719371],[-77.559301956,38.780719371]]]}, "properties" : {"grid_id" : 728, "ev_density" : 3.3419781329735865}}, {"type" : "Feature", "geometry" : {"type":"Polygon","coordinates":[[[-77.514386192,38.780719371],[-77.514386192,38.815724803],[-77.469470427,38.815724803],[-77.469470427,38.780719371],[-77.514386192,38.780719371]]]}, "properties" : {"grid_id" : 729, "ev_density" : 5.678737883309907}}, {"type" : "Feature", "geometry" : {"type":"Polygon","coordinates":[[[-77.495880897,38.740511938],[-77.495880897,38.775537106],[-77.450965133,38.775537106],[-77.450965133,38.740511938],[-77.495880897,38.740511938]]]}, "properties" : {"grid_id" : 730, "ev_density" : 0.5797258558158115}}, {"type" : "Feature", "geometry" : {"type":"Polygon","coordinates":[[[-77.540796661,38.740511938],[-77.540796661,38.775537106],[-77.495880897,38.775537106],[-77.495880897,38.740511938],[-77.540796661,38.740511938]]]}, "properties" : {"grid_id" : 731, "ev_density" : 2.853039545624037}}, {"type" : "Feature", "geometry" : {"type":"Polygon","coordinates":[[[-77.495880897,38.740511938],[-77.495880897,38.775537106],[-77.450965133,38.775537106],[-77.450965133,38.740511938],[-77.495880897,38.740511938]]]}, "properties" : {"grid_id" : 732, "ev_density" : 0.5797258558158115}}, {"type" : "Feature", "geometry" : {"type":"Polygon","coordinates":[[[-77.585712425,38.740511938],[-77.585712425,38.775537106],[-77.540796661,38.775537106],[-77.540796661,38.740511938],[-77.585712425,38.740511938]]]}, "properties" : {"grid_id" : 733, "ev_density" : 7.212868957915427}}, {"type" : "Feature", "geometry" : {"type":"Polygon","coordinates":[[[-77.540796661,38.740511938],[-77.540796661,38.775537106],[-77.495880897,38.775537106],[-77.495880897,38.740511938],[-77.540796661,38.740511938]]]}, "properties" : {"grid_id" : 734, "ev_density" : 2.853039545624037}}, {"type" : "Feature", "geometry" : {"type":"Polygon","coordinates":[[[-77.585712425,38.740511938],[-77.585712425,38.775537106],[-77.540796661,38.775537106],[-77.540796661,38.740511938],[-77.585712425,38.740511938]]]}, "properties" : {"grid_id" : 735, "ev_density" : 7.212868957915427}}, {"type" : "Feature", "geometry" : {"type":"Polygon","coordinates":[[[-77.540796661,38.740511938],[-77.540796661,38.775537106],[-77.495880897,38.775537106],[-77.495880897,38.740511938],[-77.540796661,38.740511938]]]}, "properties" : {"grid_id" : 736, "ev_density" : 2.853039545624037}}, {"type" : "Feature", "geometry" : {"type":"Polygon","coordinates":[[[-77.495880897,38.740511938],[-77.495880897,38.775537106],[-77.450965133,38.775537106],[-77.450965133,38.740511938],[-77.495880897,38.740511938]]]}, "properties" : {"grid_id" : 737, "ev_density" : 0.5797258558158115}}, {"type" : "Feature", "geometry" : {"type":"Polygon","coordinates":[[[-77.585712425,38.740511938],[-77.585712425,38.775537106],[-77.540796661,38.775537106],[-77.540796661,38.740511938],[-77.585712425,38.740511938]]]}, "properties" : {"grid_id" : 738, "ev_density" : 7.212868957915427}}, {"type" : "Feature", "geometry" : {"type":"Polygon","coordinates":[[[-77.495880897,38.775537106],[-77.495880897,38.810545083],[-77.450965133,38.810545083],[-77.450965133,38.775537106],[-77.495880897,38.775537106]]]}, "properties" : {"grid_id" : 739, "ev_density" : 6.470588557690285}}, {"type" : "Feature", "geometry" : {"type":"Polygon","coordinates":[[[-77.585712425,38.775537106],[-77.585712425,38.810545083],[-77.540796661,38.810545083],[-77.540796661,38.775537106],[-77.585712425,38.775537106]]]}, "properties" : {"grid_id" : 740, "ev_density" : 4.514102840933564}}, {"type" : "Feature", "geometry" : {"type":"Polygon","coordinates":[[[-77.495880897,38.775537106],[-77.495880897,38.810545083],[-77.450965133,38.810545083],[-77.450965133,38.775537106],[-77.495880897,38.775537106]]]}, "properties" : {"grid_id" : 741, "ev_density" : 6.470588557690285}}, {"type" : "Feature", "geometry" : {"type":"Polygon","coordinates":[[[-77.495880897,38.775537106],[-77.495880897,38.810545083],[-77.450965133,38.810545083],[-77.450965133,38.775537106],[-77.495880897,38.775537106]]]}, "properties" : {"grid_id" : 742, "ev_density" : 6.470588557690285}}, {"type" : "Feature", "geometry" : {"type":"Polygon","coordinates":[[[-77.585712425,38.775537106],[-77.585712425,38.810545083],[-77.540796661,38.810545083],[-77.540796661,38.775537106],[-77.585712425,38.775537106]]]}, "properties" : {"grid_id" : 743, "ev_density" : 4.514102840933564}}, {"type" : "Feature", "geometry" : {"type":"Polygon","coordinates":[[[-77.585712425,38.775537106],[-77.585712425,38.810545083],[-77.540796661,38.810545083],[-77.540796661,38.775537106],[-77.585712425,38.775537106]]]}, "properties" : {"grid_id" : 744, "ev_density" : 4.514102840933564}}, {"type" : "Feature", "geometry" : {"type":"Polygon","coordinates":[[[-77.540796661,38.775537106],[-77.540796661,38.810545083],[-77.495880897,38.810545083],[-77.495880897,38.775537106],[-77.540796661,38.775537106]]]}, "properties" : {"grid_id" : 745, "ev_density" : 3.341978132973587}}, {"type" : "Feature", "geometry" : {"type":"Polygon","coordinates":[[[-77.495880897,38.775537106],[-77.495880897,38.810545083],[-77.450965133,38.810545083],[-77.450965133,38.775537106],[-77.495880897,38.775537106]]]}, "properties" : {"grid_id" : 746, "ev_density" : 6.470588557690285}}, {"type" : "Feature", "geometry" : {"type":"Polygon","coordinates":[[[-77.585712425,38.810545083],[-77.585712425,38.845535864],[-77.540796661,38.845535864],[-77.540796661,38.810545083],[-77.585712425,38.810545083]]]}, "properties" : {"grid_id" : 747, "ev_density" : 3.827715391365506}}, {"type" : "Feature", "geometry" : {"type":"Polygon","coordinates":[[[-77.585712425,38.810545083],[-77.585712425,38.845535864],[-77.540796661,38.845535864],[-77.540796661,38.810545083],[-77.585712425,38.810545083]]]}, "properties" : {"grid_id" : 748, "ev_density" : 3.827715391365506}}, {"type" : "Feature", "geometry" : {"type":"Polygon","coordinates":[[[-77.540796661,38.810545083],[-77.540796661,38.845535864],[-77.495880897,38.845535864],[-77.495880897,38.810545083],[-77.540796661,38.810545083]]]}, "properties" : {"grid_id" : 749, "ev_density" : 6.957784049483276}}, {"type" : "Feature", "geometry" : {"type":"Polygon","coordinates":[[[-77.495880897,38.810545083],[-77.495880897,38.845535864],[-77.450965133,38.845535864],[-77.450965133,38.810545083],[-77.495880897,38.810545083]]]}, "properties" : {"grid_id" : 750, "ev_density" : 12.405569796563329}}, {"type" : "Feature", "geometry" : {"type":"Polygon","coordinates":[[[-77.585712425,38.810545083],[-77.585712425,38.845535864],[-77.540796661,38.845535864],[-77.540796661,38.810545083],[-77.585712425,38.810545083]]]}, "properties" : {"grid_id" : 751, "ev_density" : 3.827715391365506}}, {"type" : "Feature", "geometry" : {"type":"Polygon","coordinates":[[[-77.540796661,38.810545083],[-77.540796661,38.845535864],[-77.495880897,38.845535864],[-77.495880897,38.810545083],[-77.540796661,38.810545083]]]}, "properties" : {"grid_id" : 752, "ev_density" : 6.957784049483276}}, {"type" : "Feature", "geometry" : {"type":"Polygon","coordinates":[[[-77.495880897,38.810545083],[-77.495880897,38.845535864],[-77.450965133,38.845535864],[-77.450965133,38.810545083],[-77.495880897,38.810545083]]]}, "properties" : {"grid_id" : 753, "ev_density" : 12.405569796563329}}, {"type" : "Feature", "geometry" : {"type":"Polygon","coordinates":[[[-77.540796661,38.810545083],[-77.540796661,38.845535864],[-77.495880897,38.845535864],[-77.495880897,38.810545083],[-77.540796661,38.810545083]]]}, "properties" : {"grid_id" : 754, "ev_density" : 6.957784049483276}}, {"type" : "Feature", "geometry" : {"type":"Polygon","coordinates":[[[-77.495880897,38.810545083],[-77.495880897,38.845535864],[-77.450965133,38.845535864],[-77.450965133,38.810545083],[-77.495880897,38.810545083]]]}, "properties" : {"grid_id" : 755, "ev_density" : 12.405569796563329}}, {"type" : "Feature", "geometry" : {"type":"Polygon","coordinates":[[[-77.585712425,38.845535864],[-77.585712425,38.880509445],[-77.540796661,38.880509445],[-77.540796661,38.845535864],[-77.585712425,38.845535864]]]}, "properties" : {"grid_id" : 756, "ev_density" : 6.59429448321535}}, {"type" : "Feature", "geometry" : {"type":"Polygon","coordinates":[[[-77.585712425,38.845535864],[-77.585712425,38.880509445],[-77.540796661,38.880509445],[-77.540796661,38.845535864],[-77.585712425,38.845535864]]]}, "properties" : {"grid_id" : 757, "ev_density" : 6.59429448321535}}, {"type" : "Feature", "geometry" : {"type":"Polygon","coordinates":[[[-77.585712425,38.845535864],[-77.585712425,38.880509445],[-77.540796661,38.880509445],[-77.540796661,38.845535864],[-77.585712425,38.845535864]]]}, "properties" : {"grid_id" : 758, "ev_density" : 6.59429448321535}}, {"type" : "Feature", "geometry" : {"type":"Polygon","coordinates":[[[-77.540796661,38.845535864],[-77.540796661,38.880509445],[-77.495880897,38.880509445],[-77.495880897,38.845535864],[-77.540796661,38.845535864]]]}, "properties" : {"grid_id" : 759, "ev_density" : 19.522595022505186}}, {"type" : "Feature", "geometry" : {"type":"Polygon","coordinates":[[[-77.585712425,38.845535864],[-77.585712425,38.880509445],[-77.540796661,38.880509445],[-77.540796661,38.845535864],[-77.585712425,38.845535864]]]}, "properties" : {"grid_id" : 760, "ev_density" : 6.59429448321535}}, {"type" : "Feature", "geometry" : {"type":"Polygon","coordinates":[[[-77.540796661,38.845535864],[-77.540796661,38.880509445],[-77.495880897,38.880509445],[-77.495880897,38.845535864],[-77.540796661,38.845535864]]]}, "properties" : {"grid_id" : 761, "ev_density" : 19.522595022505186}}, {"type" : "Feature", "geometry" : {"type":"Polygon","coordinates":[[[-77.495880897,38.845535864],[-77.495880897,38.880509445],[-77.450965133,38.880509445],[-77.450965133,38.845535864],[-77.495880897,38.845535864]]]}, "properties" : {"grid_id" : 762, "ev_density" : 12.561615959867336}}, {"type" : "Feature", "geometry" : {"type":"Polygon","coordinates":[[[-77.540796661,38.845535864],[-77.540796661,38.880509445],[-77.495880897,38.880509445],[-77.495880897,38.845535864],[-77.540796661,38.845535864]]]}, "properties" : {"grid_id" : 763, "ev_density" : 19.522595022505186}}, {"type" : "Feature", "geometry" : {"type":"Polygon","coordinates":[[[-77.495880897,38.845535864],[-77.495880897,38.880509445],[-77.450965133,38.880509445],[-77.450965133,38.845535864],[-77.495880897,38.845535864]]]}, "properties" : {"grid_id" : 764, "ev_density" : 12.561615959867336}}, {"type" : "Feature", "geometry" : {"type":"Polygon","coordinates":[[[-77.918322642,39.046036129],[-77.918322642,39.080910897],[-77.873406878,39.080910897],[-77.873406878,39.046036129],[-77.918322642,39.046036129]]]}, "properties" : {"grid_id" : 765, "ev_density" : 0.17446484041932575}}, {"type" : "Feature", "geometry" : {"type":"Polygon","coordinates":[[[-77.918322642,39.046036129],[-77.918322642,39.080910897],[-77.873406878,39.080910897],[-77.873406878,39.046036129],[-77.918322642,39.046036129]]]}, "properties" : {"grid_id" : 766, "ev_density" : 0.17446484041932575}}, {"type" : "Feature", "geometry" : {"type":"Polygon","coordinates":[[[-77.918322642,39.046036129],[-77.918322642,39.080910897],[-77.873406878,39.080910897],[-77.873406878,39.046036129],[-77.918322642,39.046036129]]]}, "properties" : {"grid_id" : 767, "ev_density" : 0.17446484041932575}}, {"type" : "Feature", "geometry" : {"type":"Polygon","coordinates":[[[-77.386762539,38.627754505],[-77.386762539,38.662834929],[-77.341846775,38.662834929],[-77.341846775,38.627754505],[-77.386762539,38.627754505]]]}, "properties" : {"grid_id" : 768, "ev_density" : 11.302464217720683}}, {"type" : "Feature", "geometry" : {"type":"Polygon","coordinates":[[[-77.386762539,38.627754505],[-77.386762539,38.662834929],[-77.341846775,38.662834929],[-77.341846775,38.627754505],[-77.386762539,38.627754505]]]}, "properties" : {"grid_id" : 769, "ev_density" : 11.302464217720683}}, {"type" : "Feature", "geometry" : {"type":"Polygon","coordinates":[[[-77.341846775,38.627754505],[-77.341846775,38.662834929],[-77.296931011,38.662834929],[-77.296931011,38.627754505],[-77.341846775,38.627754505]]]}, "properties" : {"grid_id" : 770, "ev_density" : 5.273574597923565}}, {"type" : "Feature", "geometry" : {"type":"Polygon","coordinates":[[[-77.296931011,38.627754505],[-77.296931011,38.662834929],[-77.252015247,38.662834929],[-77.252015247,38.627754505],[-77.296931011,38.627754505]]]}, "properties" : {"grid_id" : 771, "ev_density" : 1.566763781162889}}, {"type" : "Feature", "geometry" : {"type":"Polygon","coordinates":[[[-77.341846775,38.627754505],[-77.341846775,38.662834929],[-77.296931011,38.662834929],[-77.296931011,38.627754505],[-77.341846775,38.627754505]]]}, "properties" : {"grid_id" : 772, "ev_density" : 5.273574597923565}}, {"type" : "Feature", "geometry" : {"type":"Polygon","coordinates":[[[-77.296931011,38.627754505],[-77.296931011,38.662834929],[-77.252015247,38.662834929],[-77.252015247,38.627754505],[-77.296931011,38.627754505]]]}, "properties" : {"grid_id" : 773, "ev_density" : 1.566763781162889}}, {"type" : "Feature", "geometry" : {"type":"Polygon","coordinates":[[[-77.386762539,38.627754505],[-77.386762539,38.662834929],[-77.341846775,38.662834929],[-77.341846775,38.627754505],[-77.386762539,38.627754505]]]}, "properties" : {"grid_id" : 774, "ev_density" : 11.302464217720683}}, {"type" : "Feature", "geometry" : {"type":"Polygon","coordinates":[[[-77.386762539,38.662834929],[-77.386762539,38.697898177],[-77.341846775,38.697898177],[-77.341846775,38.662834929],[-77.386762539,38.662834929]]]}, "properties" : {"grid_id" : 775, "ev_density" : 2.8064917021757805}}, {"type" : "Feature", "geometry" : {"type":"Polygon","coordinates":[[[-77.386762539,38.662834929],[-77.386762539,38.697898177],[-77.341846775,38.697898177],[-77.341846775,38.662834929],[-77.386762539,38.662834929]]]}, "properties" : {"grid_id" : 776, "ev_density" : 2.8064917021757805}}, {"type" : "Feature", "geometry" : {"type":"Polygon","coordinates":[[[-77.386762539,38.662834929],[-77.386762539,38.697898177],[-77.341846775,38.697898177],[-77.341846775,38.662834929],[-77.386762539,38.662834929]]]}, "properties" : {"grid_id" : 777, "ev_density" : 2.8064917021757805}}, {"type" : "Feature", "geometry" : {"type":"Polygon","coordinates":[[[-77.386762539,38.697898177],[-77.386762539,38.732944244],[-77.341846775,38.732944244],[-77.341846775,38.697898177],[-77.386762539,38.697898177]]]}, "properties" : {"grid_id" : 778, "ev_density" : 0.0016169972007383255}}, {"type" : "Feature", "geometry" : {"type":"Polygon","coordinates":[[[-77.386762539,38.697898177],[-77.386762539,38.732944244],[-77.341846775,38.732944244],[-77.341846775,38.697898177],[-77.386762539,38.697898177]]]}, "properties" : {"grid_id" : 779, "ev_density" : 0.0016169972007383255}}, {"type" : "Feature", "geometry" : {"type":"Polygon","coordinates":[[[-77.71023689,38.79793019],[-77.71023689,38.832927169],[-77.665321126,38.832927169],[-77.665321126,38.79793019],[-77.71023689,38.79793019]]]}, "properties" : {"grid_id" : 780, "ev_density" : 3.30191519440075}}, {"type" : "Feature", "geometry" : {"type":"Polygon","coordinates":[[[-77.71023689,38.79793019],[-77.71023689,38.832927169],[-77.665321126,38.832927169],[-77.665321126,38.79793019],[-77.71023689,38.79793019]]]}, "properties" : {"grid_id" : 781, "ev_density" : 3.30191519440075}}, {"type" : "Feature", "geometry" : {"type":"Polygon","coordinates":[[[-77.665321126,38.79793019],[-77.665321126,38.832927169],[-77.620405361,38.832927169],[-77.620405361,38.79793019],[-77.665321126,38.79793019]]]}, "properties" : {"grid_id" : 782, "ev_density" : 2.8508967660156883}}, {"type" : "Feature", "geometry" : {"type":"Polygon","coordinates":[[[-77.620405361,38.79793019],[-77.620405361,38.832927169],[-77.575489597,38.832927169],[-77.575489597,38.79793019],[-77.620405361,38.79793019]]]}, "properties" : {"grid_id" : 783, "ev_density" : 3.6902546833380128}}, {"type" : "Feature", "geometry" : {"type":"Polygon","coordinates":[[[-77.620405361,38.79793019],[-77.620405361,38.832927169],[-77.575489597,38.832927169],[-77.575489597,38.79793019],[-77.620405361,38.79793019]]]}, "properties" : {"grid_id" : 784, "ev_density" : 3.6902546833380128}}, {"type" : "Feature", "geometry" : {"type":"Polygon","coordinates":[[[-77.71023689,38.79793019],[-77.71023689,38.832927169],[-77.665321126,38.832927169],[-77.665321126,38.79793019],[-77.71023689,38.79793019]]]}, "properties" : {"grid_id" : 785, "ev_density" : 3.30191519440075}}, {"type" : "Feature", "geometry" : {"type":"Polygon","coordinates":[[[-77.665321126,38.79793019],[-77.665321126,38.832927169],[-77.620405361,38.832927169],[-77.620405361,38.79793019],[-77.665321126,38.79793019]]]}, "properties" : {"grid_id" : 786, "ev_density" : 2.8508967660156883}}, {"type" : "Feature", "geometry" : {"type":"Polygon","coordinates":[[[-77.620405361,38.79793019],[-77.620405361,38.832927169],[-77.575489597,38.832927169],[-77.575489597,38.79793019],[-77.620405361,38.79793019]]]}, "properties" : {"grid_id" : 787, "ev_density" : 3.6902546833380128}}, {"type" : "Feature", "geometry" : {"type":"Polygon","coordinates":[[[-77.71023689,38.79793019],[-77.71023689,38.832927169],[-77.665321126,38.832927169],[-77.665321126,38.79793019],[-77.71023689,38.79793019]]]}, "properties" : {"grid_id" : 788, "ev_density" : 3.30191519440075}}, {"type" : "Feature", "geometry" : {"type":"Polygon","coordinates":[[[-77.71023689,38.832927169],[-77.71023689,38.867906949],[-77.665321126,38.867906949],[-77.665321126,38.832927169],[-77.71023689,38.832927169]]]}, "properties" : {"grid_id" : 789, "ev_density" : 3.4321101154871583}}, {"type" : "Feature", "geometry" : {"type":"Polygon","coordinates":[[[-77.620405361,38.832927169],[-77.620405361,38.867906949],[-77.575489597,38.867906949],[-77.575489597,38.832927169],[-77.620405361,38.832927169]]]}, "properties" : {"grid_id" : 790, "ev_density" : 5.352545602026477}}, {"type" : "Feature", "geometry" : {"type":"Polygon","coordinates":[[[-77.665321126,38.832927169],[-77.665321126,38.867906949],[-77.620405361,38.867906949],[-77.620405361,38.832927169],[-77.665321126,38.832927169]]]}, "properties" : {"grid_id" : 791, "ev_density" : 4.977439681548367}}, {"type" : "Feature", "geometry" : {"type":"Polygon","coordinates":[[[-77.620405361,38.832927169],[-77.620405361,38.867906949],[-77.575489597,38.867906949],[-77.575489597,38.832927169],[-77.620405361,38.832927169]]]}, "properties" : {"grid_id" : 792, "ev_density" : 5.352545602026477}}, {"type" : "Feature", "geometry" : {"type":"Polygon","coordinates":[[[-77.71023689,38.832927169],[-77.71023689,38.867906949],[-77.665321126,38.867906949],[-77.665321126,38.832927169],[-77.71023689,38.832927169]]]}, "properties" : {"grid_id" : 793, "ev_density" : 3.4321101154871583}}, {"type" : "Feature", "geometry" : {"type":"Polygon","coordinates":[[[-77.665321126,38.832927169],[-77.665321126,38.867906949],[-77.620405361,38.867906949],[-77.620405361,38.832927169],[-77.665321126,38.832927169]]]}, "properties" : {"grid_id" : 794, "ev_density" : 4.977439681548367}}, {"type" : "Feature", "geometry" : {"type":"Polygon","coordinates":[[[-77.620405361,38.832927169],[-77.620405361,38.867906949],[-77.575489597,38.867906949],[-77.575489597,38.832927169],[-77.620405361,38.832927169]]]}, "properties" : {"grid_id" : 795, "ev_density" : 5.352545602026477}}, {"type" : "Feature", "geometry" : {"type":"Polygon","coordinates":[[[-77.71023689,38.832927169],[-77.71023689,38.867906949],[-77.665321126,38.867906949],[-77.665321126,38.832927169],[-77.71023689,38.832927169]]]}, "properties" : {"grid_id" : 796, "ev_density" : 3.4321101154871583}}, {"type" : "Feature", "geometry" : {"type":"Polygon","coordinates":[[[-77.620405361,38.867906949],[-77.620405361,38.902869526],[-77.575489597,38.902869526],[-77.575489597,38.867906949],[-77.620405361,38.867906949]]]}, "properties" : {"grid_id" : 797, "ev_density" : 4.718601824375083}}, {"type" : "Feature", "geometry" : {"type":"Polygon","coordinates":[[[-77.620405361,38.867906949],[-77.620405361,38.902869526],[-77.575489597,38.902869526],[-77.575489597,38.867906949],[-77.620405361,38.867906949]]]}, "properties" : {"grid_id" : 798, "ev_density" : 4.718601824375083}}, {"type" : "Feature", "geometry" : {"type":"Polygon","coordinates":[[[-77.620405361,38.867906949],[-77.620405361,38.902869526],[-77.575489597,38.902869526],[-77.575489597,38.867906949],[-77.620405361,38.867906949]]]}, "properties" : {"grid_id" : 799, "ev_density" : 4.718601824375083}}, {"type" : "Feature", "geometry" : {"type":"Polygon","coordinates":[[[-77.71023689,38.867906949],[-77.71023689,38.902869526],[-77.665321126,38.902869526],[-77.665321126,38.867906949],[-77.71023689,38.867906949]]]}, "properties" : {"grid_id" : 800, "ev_density" : 2.8481930031655054}}, {"type" : "Feature", "geometry" : {"type":"Polygon","coordinates":[[[-77.665321126,38.867906949],[-77.665321126,38.902869526],[-77.620405361,38.902869526],[-77.620405361,38.867906949],[-77.665321126,38.867906949]]]}, "properties" : {"grid_id" : 801, "ev_density" : 4.967771798939446}}, {"type" : "Feature", "geometry" : {"type":"Polygon","coordinates":[[[-77.620405361,38.867906949],[-77.620405361,38.902869526],[-77.575489597,38.902869526],[-77.575489597,38.867906949],[-77.620405361,38.867906949]]]}, "properties" : {"grid_id" : 802, "ev_density" : 4.718601824375083}}, {"type" : "Feature", "geometry" : {"type":"Polygon","coordinates":[[[-77.71023689,38.867906949],[-77.71023689,38.902869526],[-77.665321126,38.902869526],[-77.665321126,38.867906949],[-77.71023689,38.867906949]]]}, "properties" : {"grid_id" : 803, "ev_density" : 2.8481930031655054}}, {"type" : "Feature", "geometry" : {"type":"Polygon","coordinates":[[[-77.665321126,38.902869526],[-77.665321126,38.937814894],[-77.620405361,38.937814894],[-77.620405361,38.902869526],[-77.665321126,38.902869526]]]}, "properties" : {"grid_id" : 804, "ev_density" : 5.14578915863398}}, {"type" : "Feature", "geometry" : {"type":"Polygon","coordinates":[[[-77.620405361,38.902869526],[-77.620405361,38.937814894],[-77.575489597,38.937814894],[-77.575489597,38.902869526],[-77.620405361,38.902869526]]]}, "properties" : {"grid_id" : 805, "ev_density" : 8.633756280009093}}, {"type" : "Feature", "geometry" : {"type":"Polygon","coordinates":[[[-77.71023689,38.902869526],[-77.71023689,38.937814894],[-77.665321126,38.937814894],[-77.665321126,38.902869526],[-77.71023689,38.902869526]]]}, "properties" : {"grid_id" : 806, "ev_density" : 0.6754271020168091}}, {"type" : "Feature", "geometry" : {"type":"Polygon","coordinates":[[[-77.665321126,38.902869526],[-77.665321126,38.937814894],[-77.620405361,38.937814894],[-77.620405361,38.902869526],[-77.665321126,38.902869526]]]}, "properties" : {"grid_id" : 807, "ev_density" : 5.14578915863398}}, {"type" : "Feature", "geometry" : {"type":"Polygon","coordinates":[[[-77.620405361,38.902869526],[-77.620405361,38.937814894],[-77.575489597,38.937814894],[-77.575489597,38.902869526],[-77.620405361,38.902869526]]]}, "properties" : {"grid_id" : 808, "ev_density" : 8.633756280009093}}, {"type" : "Feature", "geometry" : {"type":"Polygon","coordinates":[[[-77.71023689,38.902869526],[-77.71023689,38.937814894],[-77.665321126,38.937814894],[-77.665321126,38.902869526],[-77.71023689,38.902869526]]]}, "properties" : {"grid_id" : 809, "ev_density" : 0.6754271020168091}}, {"type" : "Feature", "geometry" : {"type":"Polygon","coordinates":[[[-77.665321126,38.902869526],[-77.665321126,38.937814894],[-77.620405361,38.937814894],[-77.620405361,38.902869526],[-77.665321126,38.902869526]]]}, "properties" : {"grid_id" : 810, "ev_density" : 5.14578915863398}}, {"type" : "Feature", "geometry" : {"type":"Polygon","coordinates":[[[-77.620405361,38.937814894],[-77.620405361,38.97274305],[-77.575489597,38.97274305],[-77.575489597,38.937814894],[-77.620405361,38.937814894]]]}, "properties" : {"grid_id" : 811, "ev_density" : 6.373046258822732}}, {"type" : "Feature", "geometry" : {"type":"Polygon","coordinates":[[[-77.620405361,38.937814894],[-77.620405361,38.97274305],[-77.575489597,38.97274305],[-77.575489597,38.937814894],[-77.620405361,38.937814894]]]}, "properties" : {"grid_id" : 812, "ev_density" : 6.373046258822732}}, {"type" : "Feature", "geometry" : {"type":"Polygon","coordinates":[[[-77.71023689,38.937814894],[-77.71023689,38.97274305],[-77.665321126,38.97274305],[-77.665321126,38.937814894],[-77.71023689,38.937814894]]]}, "properties" : {"grid_id" : 813, "ev_density" : 0.14635156031773902}}, {"type" : "Feature", "geometry" : {"type":"Polygon","coordinates":[[[-77.665321126,38.937814894],[-77.665321126,38.97274305],[-77.620405361,38.97274305],[-77.620405361,38.937814894],[-77.665321126,38.937814894]]]}, "properties" : {"grid_id" : 814, "ev_density" : 7.211612333442591}}, {"type" : "Feature", "geometry" : {"type":"Polygon","coordinates":[[[-77.71023689,38.937814894],[-77.71023689,38.97274305],[-77.665321126,38.97274305],[-77.665321126,38.937814894],[-77.71023689,38.937814894]]]}, "properties" : {"grid_id" : 815, "ev_density" : 0.14635156031773902}}, {"type" : "Feature", "geometry" : {"type":"Polygon","coordinates":[[[-77.665321126,38.937814894],[-77.665321126,38.97274305],[-77.620405361,38.97274305],[-77.620405361,38.937814894],[-77.665321126,38.937814894]]]}, "properties" : {"grid_id" : 816, "ev_density" : 7.211612333442591}}, {"type" : "Feature", "geometry" : {"type":"Polygon","coordinates":[[[-77.620405361,38.937814894],[-77.620405361,38.97274305],[-77.575489597,38.97274305],[-77.575489597,38.937814894],[-77.620405361,38.937814894]]]}, "properties" : {"grid_id" : 817, "ev_density" : 6.373046258822732}}, {"type" : "Feature", "geometry" : {"type":"Polygon","coordinates":[[[-77.665321126,38.937814894],[-77.665321126,38.97274305],[-77.620405361,38.97274305],[-77.620405361,38.937814894],[-77.665321126,38.937814894]]]}, "properties" : {"grid_id" : 818, "ev_density" : 7.211612333442591}}, {"type" : "Feature", "geometry" : {"type":"Polygon","coordinates":[[[-77.71023689,38.937814894],[-77.71023689,38.97274305],[-77.665321126,38.97274305],[-77.665321126,38.937814894],[-77.71023689,38.937814894]]]}, "properties" : {"grid_id" : 819, "ev_density" : 0.14635156031773902}}, {"type" : "Feature", "geometry" : {"type":"Polygon","coordinates":[[[-77.665321126,38.937814894],[-77.665321126,38.97274305],[-77.620405361,38.97274305],[-77.620405361,38.937814894],[-77.665321126,38.937814894]]]}, "properties" : {"grid_id" : 820, "ev_density" : 7.211612333442591}}, {"type" : "Feature", "geometry" : {"type":"Polygon","coordinates":[[[-77.397093165,38.794604583],[-77.397093165,38.829603195],[-77.352177401,38.829603195],[-77.352177401,38.794604583],[-77.397093165,38.794604583]]]}, "properties" : {"grid_id" : 821, "ev_density" : 13.53633331980953}}, {"type" : "Feature", "geometry" : {"type":"Polygon","coordinates":[[[-77.397093165,38.794604583],[-77.397093165,38.829603195],[-77.352177401,38.829603195],[-77.352177401,38.794604583],[-77.397093165,38.794604583]]]}, "properties" : {"grid_id" : 822, "ev_density" : 13.53633331980953}}, {"type" : "Feature", "geometry" : {"type":"Polygon","coordinates":[[[-77.352177401,38.794604583],[-77.352177401,38.829603195],[-77.307261637,38.829603195],[-77.307261637,38.794604583],[-77.352177401,38.794604583]]]}, "properties" : {"grid_id" : 823, "ev_density" : 3.096399571428152}}, {"type" : "Feature", "geometry" : {"type":"Polygon","coordinates":[[[-77.397093165,38.794604583],[-77.397093165,38.829603195],[-77.352177401,38.829603195],[-77.352177401,38.794604583],[-77.397093165,38.794604583]]]}, "properties" : {"grid_id" : 824, "ev_density" : 13.53633331980953}}, {"type" : "Feature", "geometry" : {"type":"Polygon","coordinates":[[[-77.352177401,38.794604583],[-77.352177401,38.829603195],[-77.307261637,38.829603195],[-77.307261637,38.794604583],[-77.352177401,38.794604583]]]}, "properties" : {"grid_id" : 825, "ev_density" : 3.096399571428152}}, {"type" : "Feature", "geometry" : {"type":"Polygon","coordinates":[[[-77.397093165,38.829603195],[-77.397093165,38.86458461],[-77.352177401,38.86458461],[-77.352177401,38.829603195],[-77.397093165,38.829603195]]]}, "properties" : {"grid_id" : 826, "ev_density" : 3.6221320760296054}}, {"type" : "Feature", "geometry" : {"type":"Polygon","coordinates":[[[-77.397093165,38.829603195],[-77.397093165,38.86458461],[-77.352177401,38.86458461],[-77.352177401,38.829603195],[-77.397093165,38.829603195]]]}, "properties" : {"grid_id" : 827, "ev_density" : 3.6221320760296054}}, {"type" : "Feature", "geometry" : {"type":"Polygon","coordinates":[[[-77.352177401,38.829603195],[-77.352177401,38.86458461],[-77.307261637,38.86458461],[-77.307261637,38.829603195],[-77.352177401,38.829603195]]]}, "properties" : {"grid_id" : 828, "ev_density" : 1.549019553619584}}, {"type" : "Feature", "geometry" : {"type":"Polygon","coordinates":[[[-77.559876878,39.170912677],[-77.559876878,39.205725686],[-77.514961113,39.205725686],[-77.514961113,39.170912677],[-77.559876878,39.170912677]]]}, "properties" : {"grid_id" : 829, "ev_density" : 1.0595811509953554}}, {"type" : "Feature", "geometry" : {"type":"Polygon","coordinates":[[[-77.514961113,39.170912677],[-77.514961113,39.205725686],[-77.470045349,39.205725686],[-77.470045349,39.170912677],[-77.514961113,39.170912677]]]}, "properties" : {"grid_id" : 830, "ev_density" : 3.305399810463426}}, {"type" : "Feature", "geometry" : {"type":"Polygon","coordinates":[[[-77.559876878,39.170912677],[-77.559876878,39.205725686],[-77.514961113,39.205725686],[-77.514961113,39.170912677],[-77.559876878,39.170912677]]]}, "properties" : {"grid_id" : 831, "ev_density" : 1.0595811509953554}}, {"type" : "Feature", "geometry" : {"type":"Polygon","coordinates":[[[-77.514961113,39.170912677],[-77.514961113,39.205725686],[-77.470045349,39.205725686],[-77.470045349,39.170912677],[-77.514961113,39.170912677]]]}, "properties" : {"grid_id" : 832, "ev_density" : 3.305399810463426}}, {"type" : "Feature", "geometry" : {"type":"Polygon","coordinates":[[[-77.604792642,39.205725686],[-77.604792642,39.240521449],[-77.559876878,39.240521449],[-77.559876878,39.205725686],[-77.604792642,39.205725686]]]}, "properties" : {"grid_id" : 833, "ev_density" : 1.0235423715770393}}, {"type" : "Feature", "geometry" : {"type":"Polygon","coordinates":[[[-77.604792642,39.205725686],[-77.604792642,39.240521449],[-77.559876878,39.240521449],[-77.559876878,39.205725686],[-77.604792642,39.205725686]]]}, "properties" : {"grid_id" : 834, "ev_density" : 1.0235423715770393}}, {"type" : "Feature", "geometry" : {"type":"Polygon","coordinates":[[[-77.514961113,39.205725686],[-77.514961113,39.240521449],[-77.470045349,39.240521449],[-77.470045349,39.205725686],[-77.514961113,39.205725686]]]}, "properties" : {"grid_id" : 835, "ev_density" : 5.853874385666914}}, {"type" : "Feature", "geometry" : {"type":"Polygon","coordinates":[[[-77.470045349,39.205725686],[-77.470045349,39.240521449],[-77.425129585,39.240521449],[-77.425129585,39.205725686],[-77.470045349,39.205725686]]]}, "properties" : {"grid_id" : 836, "ev_density" : 0.6684102067381589}}, {"type" : "Feature", "geometry" : {"type":"Polygon","coordinates":[[[-77.604792642,39.205725686],[-77.604792642,39.240521449],[-77.559876878,39.240521449],[-77.559876878,39.205725686],[-77.604792642,39.205725686]]]}, "properties" : {"grid_id" : 837, "ev_density" : 1.0235423715770393}}, {"type" : "Feature", "geometry" : {"type":"Polygon","coordinates":[[[-77.559876878,39.205725686],[-77.559876878,39.240521449],[-77.514961113,39.240521449],[-77.514961113,39.205725686],[-77.559876878,39.205725686]]]}, "properties" : {"grid_id" : 838, "ev_density" : 2.72460609174137}}, {"type" : "Feature", "geometry" : {"type":"Polygon","coordinates":[[[-77.514961113,39.205725686],[-77.514961113,39.240521449],[-77.470045349,39.240521449],[-77.470045349,39.205725686],[-77.514961113,39.205725686]]]}, "properties" : {"grid_id" : 839, "ev_density" : 5.853874385666914}}, {"type" : "Feature", "geometry" : {"type":"Polygon","coordinates":[[[-77.470045349,39.205725686],[-77.470045349,39.240521449],[-77.425129585,39.240521449],[-77.425129585,39.205725686],[-77.470045349,39.205725686]]]}, "properties" : {"grid_id" : 840, "ev_density" : 0.6684102067381589}}, {"type" : "Feature", "geometry" : {"type":"Polygon","coordinates":[[[-77.604792642,39.240521449],[-77.604792642,39.275299962],[-77.559876878,39.275299962],[-77.559876878,39.240521449],[-77.604792642,39.240521449]]]}, "properties" : {"grid_id" : 841, "ev_density" : 1.2942099479283309}}, {"type" : "Feature", "geometry" : {"type":"Polygon","coordinates":[[[-77.559876878,39.240521449],[-77.559876878,39.275299962],[-77.514961113,39.275299962],[-77.514961113,39.240521449],[-77.559876878,39.240521449]]]}, "properties" : {"grid_id" : 842, "ev_density" : 2.19127312959934}}, {"type" : "Feature", "geometry" : {"type":"Polygon","coordinates":[[[-77.559876878,39.240521449],[-77.559876878,39.275299962],[-77.514961113,39.275299962],[-77.514961113,39.240521449],[-77.559876878,39.240521449]]]}, "properties" : {"grid_id" : 843, "ev_density" : 2.19127312959934}}, {"type" : "Feature", "geometry" : {"type":"Polygon","coordinates":[[[-77.514961113,39.240521449],[-77.514961113,39.275299962],[-77.470045349,39.275299962],[-77.470045349,39.240521449],[-77.514961113,39.240521449]]]}, "properties" : {"grid_id" : 844, "ev_density" : 1.2932892596779126}}, {"type" : "Feature", "geometry" : {"type":"Polygon","coordinates":[[[-77.514961113,39.240521449],[-77.514961113,39.275299962],[-77.470045349,39.275299962],[-77.470045349,39.240521449],[-77.514961113,39.240521449]]]}, "properties" : {"grid_id" : 845, "ev_density" : 1.2932892596779126}}, {"type" : "Feature", "geometry" : {"type":"Polygon","coordinates":[[[-77.604792642,39.240521449],[-77.604792642,39.275299962],[-77.559876878,39.275299962],[-77.559876878,39.240521449],[-77.604792642,39.240521449]]]}, "properties" : {"grid_id" : 846, "ev_density" : 1.2942099479283309}}, {"type" : "Feature", "geometry" : {"type":"Polygon","coordinates":[[[-77.559876878,39.240521449],[-77.559876878,39.275299962],[-77.514961113,39.275299962],[-77.514961113,39.240521449],[-77.559876878,39.240521449]]]}, "properties" : {"grid_id" : 847, "ev_density" : 2.19127312959934}}, {"type" : "Feature", "geometry" : {"type":"Polygon","coordinates":[[[-77.514961113,39.240521449],[-77.514961113,39.275299962],[-77.470045349,39.275299962],[-77.470045349,39.240521449],[-77.514961113,39.240521449]]]}, "properties" : {"grid_id" : 848, "ev_density" : 1.2932892596779126}}, {"type" : "Feature", "geometry" : {"type":"Polygon","coordinates":[[[-77.371392365,38.740525951],[-77.371392365,38.775551113],[-77.3264766,38.775551113],[-77.3264766,38.740525951],[-77.371392365,38.740525951]]]}, "properties" : {"grid_id" : 849, "ev_density" : 6.299589665663037}}, {"type" : "Feature", "geometry" : {"type":"Polygon","coordinates":[[[-77.371392365,38.740525951],[-77.371392365,38.775551113],[-77.3264766,38.775551113],[-77.3264766,38.740525951],[-77.371392365,38.740525951]]]}, "properties" : {"grid_id" : 850, "ev_density" : 6.299589665663037}}, {"type" : "Feature", "geometry" : {"type":"Polygon","coordinates":[[[-77.3264766,38.740525951],[-77.3264766,38.775551113],[-77.281560836,38.775551113],[-77.281560836,38.740525951],[-77.3264766,38.740525951]]]}, "properties" : {"grid_id" : 851, "ev_density" : 0.16635647336998638}}, {"type" : "Feature", "geometry" : {"type":"Polygon","coordinates":[[[-77.371392365,38.775551113],[-77.371392365,38.810559083],[-77.3264766,38.810559083],[-77.3264766,38.775551113],[-77.371392365,38.775551113]]]}, "properties" : {"grid_id" : 852, "ev_density" : 7.213382836956724}}, {"type" : "Feature", "geometry" : {"type":"Polygon","coordinates":[[[-77.371392365,38.775551113],[-77.371392365,38.810559083],[-77.3264766,38.810559083],[-77.3264766,38.775551113],[-77.371392365,38.775551113]]]}, "properties" : {"grid_id" : 853, "ev_density" : 7.213382836956724}}, {"type" : "Feature", "geometry" : {"type":"Polygon","coordinates":[[[-77.371392365,38.775551113],[-77.371392365,38.810559083],[-77.3264766,38.810559083],[-77.3264766,38.775551113],[-77.371392365,38.775551113]]]}, "properties" : {"grid_id" : 854, "ev_density" : 7.213382836956724}}, {"type" : "Feature", "geometry" : {"type":"Polygon","coordinates":[[[-77.496824128,38.867648162],[-77.496824128,38.902610866],[-77.451908364,38.902610866],[-77.451908364,38.867648162],[-77.496824128,38.867648162]]]}, "properties" : {"grid_id" : 855, "ev_density" : 8.490054429171034}}, {"type" : "Feature", "geometry" : {"type":"Polygon","coordinates":[[[-77.496824128,38.867648162],[-77.496824128,38.902610866],[-77.451908364,38.902610866],[-77.451908364,38.867648162],[-77.496824128,38.867648162]]]}, "properties" : {"grid_id" : 856, "ev_density" : 8.490054429171034}}, {"type" : "Feature", "geometry" : {"type":"Polygon","coordinates":[[[-77.496824128,38.867648162],[-77.496824128,38.902610866],[-77.451908364,38.902610866],[-77.451908364,38.867648162],[-77.496824128,38.867648162]]]}, "properties" : {"grid_id" : 857, "ev_density" : 8.490054429171034}}, {"type" : "Feature", "geometry" : {"type":"Polygon","coordinates":[[[-77.451908364,38.867648162],[-77.451908364,38.902610866],[-77.406992599,38.902610866],[-77.406992599,38.867648162],[-77.451908364,38.867648162]]]}, "properties" : {"grid_id" : 858, "ev_density" : 0.09766274046693822}}, {"type" : "Feature", "geometry" : {"type":"Polygon","coordinates":[[[-77.496824128,38.902610866],[-77.496824128,38.937556361],[-77.451908364,38.937556361],[-77.451908364,38.902610866],[-77.496824128,38.902610866]]]}, "properties" : {"grid_id" : 859, "ev_density" : 4.907081849478453}}, {"type" : "Feature", "geometry" : {"type":"Polygon","coordinates":[[[-77.496824128,38.902610866],[-77.496824128,38.937556361],[-77.451908364,38.937556361],[-77.451908364,38.902610866],[-77.496824128,38.902610866]]]}, "properties" : {"grid_id" : 860, "ev_density" : 4.907081849478453}}, {"type" : "Feature", "geometry" : {"type":"Polygon","coordinates":[[[-77.496824128,38.902610866],[-77.496824128,38.937556361],[-77.451908364,38.937556361],[-77.451908364,38.902610866],[-77.496824128,38.902610866]]]}, "properties" : {"grid_id" : 861, "ev_density" : 4.907081849478453}}, {"type" : "Feature", "geometry" : {"type":"Polygon","coordinates":[[[-77.451908364,38.902610866],[-77.451908364,38.937556361],[-77.406992599,38.937556361],[-77.406992599,38.902610866],[-77.451908364,38.902610866]]]}, "properties" : {"grid_id" : 862, "ev_density" : 0.35178835016588095}}, {"type" : "Feature", "geometry" : {"type":"Polygon","coordinates":[[[-77.472255205,38.556544636],[-77.472255205,38.591659886],[-77.427339441,38.591659886],[-77.427339441,38.556544636],[-77.472255205,38.556544636]]]}, "properties" : {"grid_id" : 863, "ev_density" : 0.6651740429177614}}, {"type" : "Feature", "geometry" : {"type":"Polygon","coordinates":[[[-77.651918262,38.556544636],[-77.651918262,38.591659886],[-77.607002497,38.591659886],[-77.607002497,38.556544636],[-77.651918262,38.556544636]]]}, "properties" : {"grid_id" : 864, "ev_density" : 0.08164298524217446}}, {"type" : "Feature", "geometry" : {"type":"Polygon","coordinates":[[[-77.607002497,38.556544636],[-77.607002497,38.591659886],[-77.562086733,38.591659886],[-77.562086733,38.556544636],[-77.607002497,38.556544636]]]}, "properties" : {"grid_id" : 865, "ev_density" : 0.22734381949648327}}, {"type" : "Feature", "geometry" : {"type":"Polygon","coordinates":[[[-77.651918262,38.556544636],[-77.651918262,38.591659886],[-77.607002497,38.591659886],[-77.607002497,38.556544636],[-77.651918262,38.556544636]]]}, "properties" : {"grid_id" : 866, "ev_density" : 0.08164298524217446}}, {"type" : "Feature", "geometry" : {"type":"Polygon","coordinates":[[[-77.607002497,38.556544636],[-77.607002497,38.591659886],[-77.562086733,38.591659886],[-77.562086733,38.556544636],[-77.607002497,38.556544636]]]}, "properties" : {"grid_id" : 867, "ev_density" : 0.22734381949648327}}, {"type" : "Feature", "geometry" : {"type":"Polygon","coordinates":[[[-77.562086733,38.556544636],[-77.562086733,38.591659886],[-77.517170969,38.591659886],[-77.517170969,38.556544636],[-77.562086733,38.556544636]]]}, "properties" : {"grid_id" : 868, "ev_density" : 0.358801455724746}}, {"type" : "Feature", "geometry" : {"type":"Polygon","coordinates":[[[-77.562086733,38.556544636],[-77.562086733,38.591659886],[-77.517170969,38.591659886],[-77.517170969,38.556544636],[-77.562086733,38.556544636]]]}, "properties" : {"grid_id" : 869, "ev_density" : 0.358801455724746}}, {"type" : "Feature", "geometry" : {"type":"Polygon","coordinates":[[[-77.517170969,38.556544636],[-77.517170969,38.591659886],[-77.472255205,38.591659886],[-77.472255205,38.556544636],[-77.517170969,38.556544636]]]}, "properties" : {"grid_id" : 870, "ev_density" : 0.3766518919411844}}, {"type" : "Feature", "geometry" : {"type":"Polygon","coordinates":[[[-77.472255205,38.556544636],[-77.472255205,38.591659886],[-77.427339441,38.591659886],[-77.427339441,38.556544636],[-77.472255205,38.556544636]]]}, "properties" : {"grid_id" : 871, "ev_density" : 0.6651740429177614}}, {"type" : "Feature", "geometry" : {"type":"Polygon","coordinates":[[[-77.562086733,38.556544636],[-77.562086733,38.591659886],[-77.517170969,38.591659886],[-77.517170969,38.556544636],[-77.562086733,38.556544636]]]}, "properties" : {"grid_id" : 872, "ev_density" : 0.358801455724746}}, {"type" : "Feature", "geometry" : {"type":"Polygon","coordinates":[[[-77.517170969,38.556544636],[-77.517170969,38.591659886],[-77.472255205,38.591659886],[-77.472255205,38.556544636],[-77.517170969,38.556544636]]]}, "properties" : {"grid_id" : 873, "ev_density" : 0.3766518919411844}}, {"type" : "Feature", "geometry" : {"type":"Polygon","coordinates":[[[-77.472255205,38.556544636],[-77.472255205,38.591659886],[-77.427339441,38.591659886],[-77.427339441,38.556544636],[-77.472255205,38.556544636]]]}, "properties" : {"grid_id" : 874, "ev_density" : 0.6651740429177614}}, {"type" : "Feature", "geometry" : {"type":"Polygon","coordinates":[[[-77.562086733,38.556544636],[-77.562086733,38.591659886],[-77.517170969,38.591659886],[-77.517170969,38.556544636],[-77.562086733,38.556544636]]]}, "properties" : {"grid_id" : 875, "ev_density" : 0.358801455724746}}, {"type" : "Feature", "geometry" : {"type":"Polygon","coordinates":[[[-77.472255205,38.591659886],[-77.472255205,38.62675797],[-77.427339441,38.62675797],[-77.427339441,38.591659886],[-77.472255205,38.591659886]]]}, "properties" : {"grid_id" : 876, "ev_density" : 1.1918825571772187}}, {"type" : "Feature", "geometry" : {"type":"Polygon","coordinates":[[[-77.472255205,38.591659886],[-77.472255205,38.62675797],[-77.427339441,38.62675797],[-77.427339441,38.591659886],[-77.472255205,38.591659886]]]}, "properties" : {"grid_id" : 877, "ev_density" : 1.1918825571772187}}, {"type" : "Feature", "geometry" : {"type":"Polygon","coordinates":[[[-77.607002497,38.591659886],[-77.607002497,38.62675797],[-77.562086733,38.62675797],[-77.562086733,38.591659886],[-77.607002497,38.591659886]]]}, "properties" : {"grid_id" : 878, "ev_density" : 0.16653594349635348}}, {"type" : "Feature", "geometry" : {"type":"Polygon","coordinates":[[[-77.562086733,38.591659886],[-77.562086733,38.62675797],[-77.517170969,38.62675797],[-77.517170969,38.591659886],[-77.562086733,38.591659886]]]}, "properties" : {"grid_id" : 879, "ev_density" : 0.43736666108991973}}, {"type" : "Feature", "geometry" : {"type":"Polygon","coordinates":[[[-77.517170969,38.591659886],[-77.517170969,38.62675797],[-77.472255205,38.62675797],[-77.472255205,38.591659886],[-77.517170969,38.591659886]]]}, "properties" : {"grid_id" : 880, "ev_density" : 0.44690338640680133}}, {"type" : "Feature", "geometry" : {"type":"Polygon","coordinates":[[[-77.607002497,38.591659886],[-77.607002497,38.62675797],[-77.562086733,38.62675797],[-77.562086733,38.591659886],[-77.607002497,38.591659886]]]}, "properties" : {"grid_id" : 881, "ev_density" : 0.16653594349635348}}, {"type" : "Feature", "geometry" : {"type":"Polygon","coordinates":[[[-77.562086733,38.591659886],[-77.562086733,38.62675797],[-77.517170969,38.62675797],[-77.517170969,38.591659886],[-77.562086733,38.591659886]]]}, "properties" : {"grid_id" : 882, "ev_density" : 0.43736666108991973}}, {"type" : "Feature", "geometry" : {"type":"Polygon","coordinates":[[[-77.517170969,38.591659886],[-77.517170969,38.62675797],[-77.472255205,38.62675797],[-77.472255205,38.591659886],[-77.517170969,38.591659886]]]}, "properties" : {"grid_id" : 883, "ev_density" : 0.44690338640680133}}, {"type" : "Feature", "geometry" : {"type":"Polygon","coordinates":[[[-77.472255205,38.591659886],[-77.472255205,38.62675797],[-77.427339441,38.62675797],[-77.427339441,38.591659886],[-77.472255205,38.591659886]]]}, "properties" : {"grid_id" : 884, "ev_density" : 1.1918825571772187}}, {"type" : "Feature", "geometry" : {"type":"Polygon","coordinates":[[[-77.472255205,38.62675797],[-77.472255205,38.661838882],[-77.427339441,38.661838882],[-77.427339441,38.62675797],[-77.472255205,38.62675797]]]}, "properties" : {"grid_id" : 885, "ev_density" : 2.621393453171746}}, {"type" : "Feature", "geometry" : {"type":"Polygon","coordinates":[[[-77.607002497,38.62675797],[-77.607002497,38.661838882],[-77.562086733,38.661838882],[-77.562086733,38.62675797],[-77.607002497,38.62675797]]]}, "properties" : {"grid_id" : 886, "ev_density" : 0.05270186781815587}}, {"type" : "Feature", "geometry" : {"type":"Polygon","coordinates":[[[-77.607002497,38.62675797],[-77.607002497,38.661838882],[-77.562086733,38.661838882],[-77.562086733,38.62675797],[-77.607002497,38.62675797]]]}, "properties" : {"grid_id" : 887, "ev_density" : 0.05270186781815587}}, {"type" : "Feature", "geometry" : {"type":"Polygon","coordinates":[[[-77.562086733,38.62675797],[-77.562086733,38.661838882],[-77.517170969,38.661838882],[-77.517170969,38.62675797],[-77.562086733,38.62675797]]]}, "properties" : {"grid_id" : 888, "ev_density" : 0.30609813153676807}}, {"type" : "Feature", "geometry" : {"type":"Polygon","coordinates":[[[-77.517170969,38.62675797],[-77.517170969,38.661838882],[-77.472255205,38.661838882],[-77.472255205,38.62675797],[-77.517170969,38.62675797]]]}, "properties" : {"grid_id" : 889, "ev_density" : 0.44710009393510697}}, {"type" : "Feature", "geometry" : {"type":"Polygon","coordinates":[[[-77.472255205,38.62675797],[-77.472255205,38.661838882],[-77.427339441,38.661838882],[-77.427339441,38.62675797],[-77.472255205,38.62675797]]]}, "properties" : {"grid_id" : 890, "ev_density" : 2.621393453171746}}, {"type" : "Feature", "geometry" : {"type":"Polygon","coordinates":[[[-77.517170969,38.661838882],[-77.517170969,38.696902618],[-77.472255205,38.696902618],[-77.472255205,38.661838882],[-77.517170969,38.661838882]]]}, "properties" : {"grid_id" : 891, "ev_density" : 1.3694121264928003}}, {"type" : "Feature", "geometry" : {"type":"Polygon","coordinates":[[[-77.472255205,38.661838882],[-77.472255205,38.696902618],[-77.427339441,38.696902618],[-77.427339441,38.661838882],[-77.472255205,38.661838882]]]}, "properties" : {"grid_id" : 892, "ev_density" : 3.2515127248952154}}, {"type" : "Feature", "geometry" : {"type":"Polygon","coordinates":[[[-77.696834026,38.661838882],[-77.696834026,38.696902618],[-77.651918262,38.696902618],[-77.651918262,38.661838882],[-77.696834026,38.661838882]]]}, "properties" : {"grid_id" : 893, "ev_density" : 0.14273656585228753}}, {"type" : "Feature", "geometry" : {"type":"Polygon","coordinates":[[[-77.651918262,38.661838882],[-77.651918262,38.696902618],[-77.607002497,38.696902618],[-77.607002497,38.661838882],[-77.651918262,38.661838882]]]}, "properties" : {"grid_id" : 894, "ev_density" : 0.0337217206505935}}, {"type" : "Feature", "geometry" : {"type":"Polygon","coordinates":[[[-77.696834026,38.661838882],[-77.696834026,38.696902618],[-77.651918262,38.696902618],[-77.651918262,38.661838882],[-77.696834026,38.661838882]]]}, "properties" : {"grid_id" : 895, "ev_density" : 0.14273656585228753}}, {"type" : "Feature", "geometry" : {"type":"Polygon","coordinates":[[[-77.562086733,38.661838882],[-77.562086733,38.696902618],[-77.517170969,38.696902618],[-77.517170969,38.661838882],[-77.562086733,38.661838882]]]}, "properties" : {"grid_id" : 896, "ev_density" : 0.029649482632346843}}, {"type" : "Feature", "geometry" : {"type":"Polygon","coordinates":[[[-77.517170969,38.661838882],[-77.517170969,38.696902618],[-77.472255205,38.696902618],[-77.472255205,38.661838882],[-77.517170969,38.661838882]]]}, "properties" : {"grid_id" : 897, "ev_density" : 1.3694121264928003}}, {"type" : "Feature", "geometry" : {"type":"Polygon","coordinates":[[[-77.651918262,38.661838882],[-77.651918262,38.696902618],[-77.607002497,38.696902618],[-77.607002497,38.661838882],[-77.651918262,38.661838882]]]}, "properties" : {"grid_id" : 898, "ev_density" : 0.0337217206505935}}, {"type" : "Feature", "geometry" : {"type":"Polygon","coordinates":[[[-77.562086733,38.661838882],[-77.562086733,38.696902618],[-77.517170969,38.696902618],[-77.517170969,38.661838882],[-77.562086733,38.661838882]]]}, "properties" : {"grid_id" : 899, "ev_density" : 0.029649482632346843}}, {"type" : "Feature", "geometry" : {"type":"Polygon","coordinates":[[[-77.517170969,38.661838882],[-77.517170969,38.696902618],[-77.472255205,38.696902618],[-77.472255205,38.661838882],[-77.517170969,38.661838882]]]}, "properties" : {"grid_id" : 900, "ev_density" : 1.3694121264928003}}, {"type" : "Feature", "geometry" : {"type":"Polygon","coordinates":[[[-77.472255205,38.661838882],[-77.472255205,38.696902618],[-77.427339441,38.696902618],[-77.427339441,38.661838882],[-77.472255205,38.661838882]]]}, "properties" : {"grid_id" : 901, "ev_density" : 3.2515127248952154}}, {"type" : "Feature", "geometry" : {"type":"Polygon","coordinates":[[[-77.517170969,38.696902618],[-77.517170969,38.731949173],[-77.472255205,38.731949173],[-77.472255205,38.696902618],[-77.517170969,38.696902618]]]}, "properties" : {"grid_id" : 902, "ev_density" : 0.5071610274065242}}, {"type" : "Feature", "geometry" : {"type":"Polygon","coordinates":[[[-77.472255205,38.696902618],[-77.472255205,38.731949173],[-77.427339441,38.731949173],[-77.427339441,38.696902618],[-77.472255205,38.696902618]]]}, "properties" : {"grid_id" : 903, "ev_density" : 2.1262920026143943}}, {"type" : "Feature", "geometry" : {"type":"Polygon","coordinates":[[[-77.472255205,38.696902618],[-77.472255205,38.731949173],[-77.427339441,38.731949173],[-77.427339441,38.696902618],[-77.472255205,38.696902618]]]}, "properties" : {"grid_id" : 904, "ev_density" : 2.1262920026143943}}, {"type" : "Feature", "geometry" : {"type":"Polygon","coordinates":[[[-77.696834026,38.696902618],[-77.696834026,38.731949173],[-77.651918262,38.731949173],[-77.651918262,38.696902618],[-77.696834026,38.696902618]]]}, "properties" : {"grid_id" : 905, "ev_density" : 0.3888383012987761}}, {"type" : "Feature", "geometry" : {"type":"Polygon","coordinates":[[[-77.651918262,38.696902618],[-77.651918262,38.731949173],[-77.607002497,38.731949173],[-77.607002497,38.696902618],[-77.651918262,38.696902618]]]}, "properties" : {"grid_id" : 906, "ev_density" : 0.34097394411664234}}, {"type" : "Feature", "geometry" : {"type":"Polygon","coordinates":[[[-77.696834026,38.696902618],[-77.696834026,38.731949173],[-77.651918262,38.731949173],[-77.651918262,38.696902618],[-77.696834026,38.696902618]]]}, "properties" : {"grid_id" : 907, "ev_density" : 0.3888383012987761}}, {"type" : "Feature", "geometry" : {"type":"Polygon","coordinates":[[[-77.607002497,38.696902618],[-77.607002497,38.731949173],[-77.562086733,38.731949173],[-77.562086733,38.696902618],[-77.607002497,38.696902618]]]}, "properties" : {"grid_id" : 908, "ev_density" : 0.15514967117174683}}, {"type" : "Feature", "geometry" : {"type":"Polygon","coordinates":[[[-77.562086733,38.696902618],[-77.562086733,38.731949173],[-77.517170969,38.731949173],[-77.517170969,38.696902618],[-77.562086733,38.696902618]]]}, "properties" : {"grid_id" : 909, "ev_density" : 3.0122833832902196}}, {"type" : "Feature", "geometry" : {"type":"Polygon","coordinates":[[[-77.696834026,38.696902618],[-77.696834026,38.731949173],[-77.651918262,38.731949173],[-77.651918262,38.696902618],[-77.696834026,38.696902618]]]}, "properties" : {"grid_id" : 910, "ev_density" : 0.3888383012987761}}, {"type" : "Feature", "geometry" : {"type":"Polygon","coordinates":[[[-77.651918262,38.696902618],[-77.651918262,38.731949173],[-77.607002497,38.731949173],[-77.607002497,38.696902618],[-77.651918262,38.696902618]]]}, "properties" : {"grid_id" : 911, "ev_density" : 0.34097394411664234}}, {"type" : "Feature", "geometry" : {"type":"Polygon","coordinates":[[[-77.607002497,38.696902618],[-77.607002497,38.731949173],[-77.562086733,38.731949173],[-77.562086733,38.696902618],[-77.607002497,38.696902618]]]}, "properties" : {"grid_id" : 912, "ev_density" : 0.15514967117174683}}, {"type" : "Feature", "geometry" : {"type":"Polygon","coordinates":[[[-77.562086733,38.696902618],[-77.562086733,38.731949173],[-77.517170969,38.731949173],[-77.517170969,38.696902618],[-77.562086733,38.696902618]]]}, "properties" : {"grid_id" : 913, "ev_density" : 3.0122833832902196}}, {"type" : "Feature", "geometry" : {"type":"Polygon","coordinates":[[[-77.472255205,38.731949173],[-77.472255205,38.766978542],[-77.427339441,38.766978542],[-77.427339441,38.731949173],[-77.472255205,38.731949173]]]}, "properties" : {"grid_id" : 914, "ev_density" : 2.082003570814555}}, {"type" : "Feature", "geometry" : {"type":"Polygon","coordinates":[[[-77.472255205,38.731949173],[-77.472255205,38.766978542],[-77.427339441,38.766978542],[-77.427339441,38.731949173],[-77.472255205,38.731949173]]]}, "properties" : {"grid_id" : 915, "ev_density" : 2.082003570814555}}, {"type" : "Feature", "geometry" : {"type":"Polygon","coordinates":[[[-77.696834026,38.731949173],[-77.696834026,38.766978542],[-77.651918262,38.766978542],[-77.651918262,38.731949173],[-77.696834026,38.731949173]]]}, "properties" : {"grid_id" : 916, "ev_density" : 2.013412985458397}}, {"type" : "Feature", "geometry" : {"type":"Polygon","coordinates":[[[-77.651918262,38.731949173],[-77.651918262,38.766978542],[-77.607002497,38.766978542],[-77.607002497,38.731949173],[-77.651918262,38.731949173]]]}, "properties" : {"grid_id" : 917, "ev_density" : 0.9985258776266546}}, {"type" : "Feature", "geometry" : {"type":"Polygon","coordinates":[[[-77.607002497,38.731949173],[-77.607002497,38.766978542],[-77.562086733,38.766978542],[-77.562086733,38.731949173],[-77.607002497,38.731949173]]]}, "properties" : {"grid_id" : 918, "ev_density" : 7.902882431574321}}, {"type" : "Feature", "geometry" : {"type":"Polygon","coordinates":[[[-77.696834026,38.731949173],[-77.696834026,38.766978542],[-77.651918262,38.766978542],[-77.651918262,38.731949173],[-77.696834026,38.731949173]]]}, "properties" : {"grid_id" : 919, "ev_density" : 2.013412985458397}}, {"type" : "Feature", "geometry" : {"type":"Polygon","coordinates":[[[-77.562086733,38.731949173],[-77.562086733,38.766978542],[-77.517170969,38.766978542],[-77.517170969,38.731949173],[-77.562086733,38.731949173]]]}, "properties" : {"grid_id" : 920, "ev_density" : 3.4700068476382824}}, {"type" : "Feature", "geometry" : {"type":"Polygon","coordinates":[[[-77.517170969,38.731949173],[-77.517170969,38.766978542],[-77.472255205,38.766978542],[-77.472255205,38.731949173],[-77.517170969,38.731949173]]]}, "properties" : {"grid_id" : 921, "ev_density" : 0.6324187302690598}}, {"type" : "Feature", "geometry" : {"type":"Polygon","coordinates":[[[-77.472255205,38.731949173],[-77.472255205,38.766978542],[-77.427339441,38.766978542],[-77.427339441,38.731949173],[-77.472255205,38.731949173]]]}, "properties" : {"grid_id" : 922, "ev_density" : 2.082003570814555}}, {"type" : "Feature", "geometry" : {"type":"Polygon","coordinates":[[[-77.607002497,38.731949173],[-77.607002497,38.766978542],[-77.562086733,38.766978542],[-77.562086733,38.731949173],[-77.607002497,38.731949173]]]}, "properties" : {"grid_id" : 923, "ev_density" : 7.902882431574321}}, {"type" : "Feature", "geometry" : {"type":"Polygon","coordinates":[[[-77.562086733,38.731949173],[-77.562086733,38.766978542],[-77.517170969,38.766978542],[-77.517170969,38.731949173],[-77.562086733,38.731949173]]]}, "properties" : {"grid_id" : 924, "ev_density" : 3.4700068476382824}}, {"type" : "Feature", "geometry" : {"type":"Polygon","coordinates":[[[-77.562086733,38.731949173],[-77.562086733,38.766978542],[-77.517170969,38.766978542],[-77.517170969,38.731949173],[-77.562086733,38.731949173]]]}, "properties" : {"grid_id" : 925, "ev_density" : 3.4700068476382824}}, {"type" : "Feature", "geometry" : {"type":"Polygon","coordinates":[[[-77.517170969,38.731949173],[-77.517170969,38.766978542],[-77.472255205,38.766978542],[-77.472255205,38.731949173],[-77.517170969,38.731949173]]]}, "properties" : {"grid_id" : 926, "ev_density" : 0.6324187302690598}}, {"type" : "Feature", "geometry" : {"type":"Polygon","coordinates":[[[-77.696834026,38.731949173],[-77.696834026,38.766978542],[-77.651918262,38.766978542],[-77.651918262,38.731949173],[-77.696834026,38.731949173]]]}, "properties" : {"grid_id" : 927, "ev_density" : 2.013412985458397}}, {"type" : "Feature", "geometry" : {"type":"Polygon","coordinates":[[[-77.651918262,38.731949173],[-77.651918262,38.766978542],[-77.607002497,38.766978542],[-77.607002497,38.731949173],[-77.651918262,38.731949173]]]}, "properties" : {"grid_id" : 928, "ev_density" : 0.9985258776266546}}, {"type" : "Feature", "geometry" : {"type":"Polygon","coordinates":[[[-77.607002497,38.731949173],[-77.607002497,38.766978542],[-77.562086733,38.766978542],[-77.562086733,38.731949173],[-77.607002497,38.731949173]]]}, "properties" : {"grid_id" : 929, "ev_density" : 7.902882431574321}}, {"type" : "Feature", "geometry" : {"type":"Polygon","coordinates":[[[-77.562086733,38.731949173],[-77.562086733,38.766978542],[-77.517170969,38.766978542],[-77.517170969,38.731949173],[-77.562086733,38.731949173]]]}, "properties" : {"grid_id" : 930, "ev_density" : 3.4700068476382824}}, {"type" : "Feature", "geometry" : {"type":"Polygon","coordinates":[[[-77.696834026,38.766978542],[-77.696834026,38.801990721],[-77.651918262,38.801990721],[-77.651918262,38.766978542],[-77.696834026,38.766978542]]]}, "properties" : {"grid_id" : 931, "ev_density" : 2.5328975140493464}}, {"type" : "Feature", "geometry" : {"type":"Polygon","coordinates":[[[-77.517170969,38.766978542],[-77.517170969,38.801990721],[-77.472255205,38.801990721],[-77.472255205,38.766978542],[-77.517170969,38.766978542]]]}, "properties" : {"grid_id" : 932, "ev_density" : 3.8381311833051908}}, {"type" : "Feature", "geometry" : {"type":"Polygon","coordinates":[[[-77.472255205,38.766978542],[-77.472255205,38.801990721],[-77.427339441,38.801990721],[-77.427339441,38.766978542],[-77.472255205,38.766978542]]]}, "properties" : {"grid_id" : 933, "ev_density" : 4.77765997411942}}, {"type" : "Feature", "geometry" : {"type":"Polygon","coordinates":[[[-77.472255205,38.766978542],[-77.472255205,38.801990721],[-77.427339441,38.801990721],[-77.427339441,38.766978542],[-77.472255205,38.766978542]]]}, "properties" : {"grid_id" : 934, "ev_density" : 4.77765997411942}}, {"type" : "Feature", "geometry" : {"type":"Polygon","coordinates":[[[-77.696834026,38.766978542],[-77.696834026,38.801990721],[-77.651918262,38.801990721],[-77.651918262,38.766978542],[-77.696834026,38.766978542]]]}, "properties" : {"grid_id" : 935, "ev_density" : 2.5328975140493464}}, {"type" : "Feature", "geometry" : {"type":"Polygon","coordinates":[[[-77.651918262,38.766978542],[-77.651918262,38.801990721],[-77.607002497,38.801990721],[-77.607002497,38.766978542],[-77.651918262,38.766978542]]]}, "properties" : {"grid_id" : 936, "ev_density" : 3.5149017290272684}}, {"type" : "Feature", "geometry" : {"type":"Polygon","coordinates":[[[-77.607002497,38.766978542],[-77.607002497,38.801990721],[-77.562086733,38.801990721],[-77.562086733,38.766978542],[-77.607002497,38.766978542]]]}, "properties" : {"grid_id" : 937, "ev_density" : 7.122031363057213}}, {"type" : "Feature", "geometry" : {"type":"Polygon","coordinates":[[[-77.696834026,38.766978542],[-77.696834026,38.801990721],[-77.651918262,38.801990721],[-77.651918262,38.766978542],[-77.696834026,38.766978542]]]}, "properties" : {"grid_id" : 938, "ev_density" : 2.5328975140493464}}, {"type" : "Feature", "geometry" : {"type":"Polygon","coordinates":[[[-77.517170969,38.766978542],[-77.517170969,38.801990721],[-77.472255205,38.801990721],[-77.472255205,38.766978542],[-77.517170969,38.766978542]]]}, "properties" : {"grid_id" : 939, "ev_density" : 3.8381311833051908}}, {"type" : "Feature", "geometry" : {"type":"Polygon","coordinates":[[[-77.472255205,38.766978542],[-77.472255205,38.801990721],[-77.427339441,38.801990721],[-77.427339441,38.766978542],[-77.472255205,38.766978542]]]}, "properties" : {"grid_id" : 940, "ev_density" : 4.77765997411942}}, {"type" : "Feature", "geometry" : {"type":"Polygon","coordinates":[[[-77.517170969,38.766978542],[-77.517170969,38.801990721],[-77.472255205,38.801990721],[-77.472255205,38.766978542],[-77.517170969,38.766978542]]]}, "properties" : {"grid_id" : 941, "ev_density" : 3.8381311833051908}}, {"type" : "Feature", "geometry" : {"type":"Polygon","coordinates":[[[-77.472255205,38.766978542],[-77.472255205,38.801990721],[-77.427339441,38.801990721],[-77.427339441,38.766978542],[-77.472255205,38.766978542]]]}, "properties" : {"grid_id" : 942, "ev_density" : 4.77765997411942}}, {"type" : "Feature", "geometry" : {"type":"Polygon","coordinates":[[[-77.607002497,38.766978542],[-77.607002497,38.801990721],[-77.562086733,38.801990721],[-77.562086733,38.766978542],[-77.607002497,38.766978542]]]}, "properties" : {"grid_id" : 943, "ev_density" : 7.122031363057213}}, {"type" : "Feature", "geometry" : {"type":"Polygon","coordinates":[[[-77.562086733,38.766978542],[-77.562086733,38.801990721],[-77.517170969,38.801990721],[-77.517170969,38.766978542],[-77.562086733,38.766978542]]]}, "properties" : {"grid_id" : 944, "ev_density" : 3.5525051103671577}}, {"type" : "Feature", "geometry" : {"type":"Polygon","coordinates":[[[-77.607002497,38.766978542],[-77.607002497,38.801990721],[-77.562086733,38.801990721],[-77.562086733,38.766978542],[-77.607002497,38.766978542]]]}, "properties" : {"grid_id" : 945, "ev_density" : 7.122031363057213}}, {"type" : "Feature", "geometry" : {"type":"Polygon","coordinates":[[[-77.562086733,38.766978542],[-77.562086733,38.801990721],[-77.517170969,38.801990721],[-77.517170969,38.766978542],[-77.562086733,38.766978542]]]}, "properties" : {"grid_id" : 946, "ev_density" : 3.5525051103671577}}, {"type" : "Feature", "geometry" : {"type":"Polygon","coordinates":[[[-77.517170969,38.766978542],[-77.517170969,38.801990721],[-77.472255205,38.801990721],[-77.472255205,38.766978542],[-77.517170969,38.766978542]]]}, "properties" : {"grid_id" : 947, "ev_density" : 3.8381311833051908}}, {"type" : "Feature", "geometry" : {"type":"Polygon","coordinates":[[[-77.472255205,38.766978542],[-77.472255205,38.801990721],[-77.427339441,38.801990721],[-77.427339441,38.766978542],[-77.472255205,38.766978542]]]}, "properties" : {"grid_id" : 948, "ev_density" : 4.77765997411942}}, {"type" : "Feature", "geometry" : {"type":"Polygon","coordinates":[[[-77.696834026,38.766978542],[-77.696834026,38.801990721],[-77.651918262,38.801990721],[-77.651918262,38.766978542],[-77.696834026,38.766978542]]]}, "properties" : {"grid_id" : 949, "ev_density" : 2.5328975140493464}}, {"type" : "Feature", "geometry" : {"type":"Polygon","coordinates":[[[-77.651918262,38.766978542],[-77.651918262,38.801990721],[-77.607002497,38.801990721],[-77.607002497,38.766978542],[-77.651918262,38.766978542]]]}, "properties" : {"grid_id" : 950, "ev_density" : 3.5149017290272684}}, {"type" : "Feature", "geometry" : {"type":"Polygon","coordinates":[[[-77.696834026,38.766978542],[-77.696834026,38.801990721],[-77.651918262,38.801990721],[-77.651918262,38.766978542],[-77.696834026,38.766978542]]]}, "properties" : {"grid_id" : 951, "ev_density" : 2.5328975140493464}}, {"type" : "Feature", "geometry" : {"type":"Polygon","coordinates":[[[-77.651918262,38.766978542],[-77.651918262,38.801990721],[-77.607002497,38.801990721],[-77.607002497,38.766978542],[-77.651918262,38.766978542]]]}, "properties" : {"grid_id" : 952, "ev_density" : 3.5149017290272684}}, {"type" : "Feature", "geometry" : {"type":"Polygon","coordinates":[[[-77.89834411,39.023246629],[-77.89834411,39.05813265],[-77.853428346,39.05813265],[-77.853428346,39.023246629],[-77.89834411,39.023246629]]]}, "properties" : {"grid_id" : 953, "ev_density" : 0.028639774663706527}}, {"type" : "Feature", "geometry" : {"type":"Polygon","coordinates":[[[-77.853428346,39.023246629],[-77.853428346,39.05813265],[-77.808512582,39.05813265],[-77.808512582,39.023246629],[-77.853428346,39.023246629]]]}, "properties" : {"grid_id" : 954, "ev_density" : 0.16463552812643562}}, {"type" : "Feature", "geometry" : {"type":"Polygon","coordinates":[[[-77.853428346,39.023246629],[-77.853428346,39.05813265],[-77.808512582,39.05813265],[-77.808512582,39.023246629],[-77.853428346,39.023246629]]]}, "properties" : {"grid_id" : 955, "ev_density" : 0.16463552812643562}}, {"type" : "Feature", "geometry" : {"type":"Polygon","coordinates":[[[-77.89834411,39.023246629],[-77.89834411,39.05813265],[-77.853428346,39.05813265],[-77.853428346,39.023246629],[-77.89834411,39.023246629]]]}, "properties" : {"grid_id" : 956, "ev_density" : 0.028639774663706527}}, {"type" : "Feature", "geometry" : {"type":"Polygon","coordinates":[[[-77.89834411,39.023246629],[-77.89834411,39.05813265],[-77.853428346,39.05813265],[-77.853428346,39.023246629],[-77.89834411,39.023246629]]]}, "properties" : {"grid_id" : 957, "ev_density" : 0.028639774663706527}}, {"type" : "Feature", "geometry" : {"type":"Polygon","coordinates":[[[-77.853428346,39.023246629],[-77.853428346,39.05813265],[-77.808512582,39.05813265],[-77.808512582,39.023246629],[-77.853428346,39.023246629]]]}, "properties" : {"grid_id" : 958, "ev_density" : 0.16463552812643562}}, {"type" : "Feature", "geometry" : {"type":"Polygon","coordinates":[[[-77.89834411,39.05813265],[-77.89834411,39.093001443],[-77.853428346,39.093001443],[-77.853428346,39.05813265],[-77.89834411,39.05813265]]]}, "properties" : {"grid_id" : 959, "ev_density" : 0.10322929752381085}}, {"type" : "Feature", "geometry" : {"type":"Polygon","coordinates":[[[-77.853428346,39.05813265],[-77.853428346,39.093001443],[-77.808512582,39.093001443],[-77.808512582,39.05813265],[-77.853428346,39.05813265]]]}, "properties" : {"grid_id" : 960, "ev_density" : 0.2660261594891716}}, {"type" : "Feature", "geometry" : {"type":"Polygon","coordinates":[[[-77.853428346,39.05813265],[-77.853428346,39.093001443],[-77.808512582,39.093001443],[-77.808512582,39.05813265],[-77.853428346,39.05813265]]]}, "properties" : {"grid_id" : 961, "ev_density" : 0.2660261594891716}}, {"type" : "Feature", "geometry" : {"type":"Polygon","coordinates":[[[-77.89834411,39.05813265],[-77.89834411,39.093001443],[-77.853428346,39.093001443],[-77.853428346,39.05813265],[-77.89834411,39.05813265]]]}, "properties" : {"grid_id" : 962, "ev_density" : 0.10322929752381085}}, {"type" : "Feature", "geometry" : {"type":"Polygon","coordinates":[[[-77.89834411,39.05813265],[-77.89834411,39.093001443],[-77.853428346,39.093001443],[-77.853428346,39.05813265],[-77.89834411,39.05813265]]]}, "properties" : {"grid_id" : 963, "ev_density" : 0.10322929752381085}}, {"type" : "Feature", "geometry" : {"type":"Polygon","coordinates":[[[-77.408142443,38.564826358],[-77.408142443,38.599937561],[-77.363226679,38.599937561],[-77.363226679,38.564826358],[-77.408142443,38.564826358]]]}, "properties" : {"grid_id" : 964, "ev_density" : 2.1084314973601037}}, {"type" : "Feature", "geometry" : {"type":"Polygon","coordinates":[[[-77.408142443,38.564826358],[-77.408142443,38.599937561],[-77.363226679,38.599937561],[-77.363226679,38.564826358],[-77.408142443,38.564826358]]]}, "properties" : {"grid_id" : 965, "ev_density" : 2.1084314973601037}}, {"type" : "Feature", "geometry" : {"type":"Polygon","coordinates":[[[-77.363226679,38.564826358],[-77.363226679,38.599937561],[-77.318310915,38.599937561],[-77.318310915,38.564826358],[-77.363226679,38.564826358]]]}, "properties" : {"grid_id" : 966, "ev_density" : 5.413671671703853}}, {"type" : "Feature", "geometry" : {"type":"Polygon","coordinates":[[[-77.408142443,38.564826358],[-77.408142443,38.599937561],[-77.363226679,38.599937561],[-77.363226679,38.564826358],[-77.408142443,38.564826358]]]}, "properties" : {"grid_id" : 967, "ev_density" : 2.1084314973601037}}, {"type" : "Feature", "geometry" : {"type":"Polygon","coordinates":[[[-77.363226679,38.564826358],[-77.363226679,38.599937561],[-77.318310915,38.599937561],[-77.318310915,38.564826358],[-77.363226679,38.564826358]]]}, "properties" : {"grid_id" : 968, "ev_density" : 5.413671671703853}}, {"type" : "Feature", "geometry" : {"type":"Polygon","coordinates":[[[-77.318310915,38.564826358],[-77.318310915,38.599937561],[-77.27339515,38.599937561],[-77.27339515,38.564826358],[-77.318310915,38.564826358]]]}, "properties" : {"grid_id" : 969, "ev_density" : 0.041083309404760175}}, {"type" : "Feature", "geometry" : {"type":"Polygon","coordinates":[[[-77.408142443,38.599937561],[-77.408142443,38.635031596],[-77.363226679,38.635031596],[-77.363226679,38.599937561],[-77.408142443,38.599937561]]]}, "properties" : {"grid_id" : 970, "ev_density" : 7.814366074756807}}, {"type" : "Feature", "geometry" : {"type":"Polygon","coordinates":[[[-77.408142443,38.599937561],[-77.408142443,38.635031596],[-77.363226679,38.635031596],[-77.363226679,38.599937561],[-77.408142443,38.599937561]]]}, "properties" : {"grid_id" : 971, "ev_density" : 7.814366074756807}}, {"type" : "Feature", "geometry" : {"type":"Polygon","coordinates":[[[-77.363226679,38.599937561],[-77.363226679,38.635031596],[-77.318310915,38.635031596],[-77.318310915,38.599937561],[-77.363226679,38.599937561]]]}, "properties" : {"grid_id" : 972, "ev_density" : 10.385319916614062}}, {"type" : "Feature", "geometry" : {"type":"Polygon","coordinates":[[[-77.318310915,38.599937561],[-77.318310915,38.635031596],[-77.27339515,38.635031596],[-77.27339515,38.599937561],[-77.318310915,38.599937561]]]}, "properties" : {"grid_id" : 973, "ev_density" : 4.365342826039638}}, {"type" : "Feature", "geometry" : {"type":"Polygon","coordinates":[[[-77.318310915,38.599937561],[-77.318310915,38.635031596],[-77.27339515,38.635031596],[-77.27339515,38.599937561],[-77.318310915,38.599937561]]]}, "properties" : {"grid_id" : 974, "ev_density" : 4.365342826039638}}, {"type" : "Feature", "geometry" : {"type":"Polygon","coordinates":[[[-77.408142443,38.599937561],[-77.408142443,38.635031596],[-77.363226679,38.635031596],[-77.363226679,38.599937561],[-77.408142443,38.599937561]]]}, "properties" : {"grid_id" : 975, "ev_density" : 7.814366074756807}}, {"type" : "Feature", "geometry" : {"type":"Polygon","coordinates":[[[-77.363226679,38.599937561],[-77.363226679,38.635031596],[-77.318310915,38.635031596],[-77.318310915,38.599937561],[-77.363226679,38.599937561]]]}, "properties" : {"grid_id" : 976, "ev_density" : 10.385319916614062}}, {"type" : "Feature", "geometry" : {"type":"Polygon","coordinates":[[[-77.318310915,38.599937561],[-77.318310915,38.635031596],[-77.27339515,38.635031596],[-77.27339515,38.599937561],[-77.318310915,38.599937561]]]}, "properties" : {"grid_id" : 977, "ev_density" : 4.365342826039638}}, {"type" : "Feature", "geometry" : {"type":"Polygon","coordinates":[[[-77.785776222,38.792539127],[-77.785776222,38.827538755],[-77.740860458,38.827538755],[-77.740860458,38.792539127],[-77.785776222,38.792539127]]]}, "properties" : {"grid_id" : 978, "ev_density" : 0.431259235424927}}, {"type" : "Feature", "geometry" : {"type":"Polygon","coordinates":[[[-77.740860458,38.792539127],[-77.740860458,38.827538755],[-77.695944694,38.827538755],[-77.695944694,38.792539127],[-77.740860458,38.792539127]]]}, "properties" : {"grid_id" : 979, "ev_density" : 0.8230334216549723}}, {"type" : "Feature", "geometry" : {"type":"Polygon","coordinates":[[[-77.695944694,38.792539127],[-77.695944694,38.827538755],[-77.651028929,38.827538755],[-77.651028929,38.792539127],[-77.695944694,38.792539127]]]}, "properties" : {"grid_id" : 980, "ev_density" : 4.207922364855956}}, {"type" : "Feature", "geometry" : {"type":"Polygon","coordinates":[[[-77.740860458,38.792539127],[-77.740860458,38.827538755],[-77.695944694,38.827538755],[-77.695944694,38.792539127],[-77.740860458,38.792539127]]]}, "properties" : {"grid_id" : 981, "ev_density" : 0.8230334216549723}}, {"type" : "Feature", "geometry" : {"type":"Polygon","coordinates":[[[-77.695944694,38.792539127],[-77.695944694,38.827538755],[-77.651028929,38.827538755],[-77.651028929,38.792539127],[-77.695944694,38.792539127]]]}, "properties" : {"grid_id" : 982, "ev_density" : 4.207922364855956}}, {"type" : "Feature", "geometry" : {"type":"Polygon","coordinates":[[[-77.785776222,38.792539127],[-77.785776222,38.827538755],[-77.740860458,38.827538755],[-77.740860458,38.792539127],[-77.785776222,38.792539127]]]}, "properties" : {"grid_id" : 983, "ev_density" : 0.431259235424927}}, {"type" : "Feature", "geometry" : {"type":"Polygon","coordinates":[[[-77.740860458,38.792539127],[-77.740860458,38.827538755],[-77.695944694,38.827538755],[-77.695944694,38.792539127],[-77.740860458,38.792539127]]]}, "properties" : {"grid_id" : 984, "ev_density" : 0.8230334216549723}}, {"type" : "Feature", "geometry" : {"type":"Polygon","coordinates":[[[-77.695944694,38.792539127],[-77.695944694,38.827538755],[-77.651028929,38.827538755],[-77.651028929,38.792539127],[-77.695944694,38.792539127]]]}, "properties" : {"grid_id" : 985, "ev_density" : 4.207922364855956}}, {"type" : "Feature", "geometry" : {"type":"Polygon","coordinates":[[[-77.695944694,38.792539127],[-77.695944694,38.827538755],[-77.651028929,38.827538755],[-77.651028929,38.792539127],[-77.695944694,38.792539127]]]}, "properties" : {"grid_id" : 986, "ev_density" : 4.207922364855956}}, {"type" : "Feature", "geometry" : {"type":"Polygon","coordinates":[[[-77.830691986,38.792539127],[-77.830691986,38.827538755],[-77.785776222,38.827538755],[-77.785776222,38.792539127],[-77.830691986,38.792539127]]]}, "properties" : {"grid_id" : 987, "ev_density" : 0.02238096136489168}}, {"type" : "Feature", "geometry" : {"type":"Polygon","coordinates":[[[-77.785776222,38.792539127],[-77.785776222,38.827538755],[-77.740860458,38.827538755],[-77.740860458,38.792539127],[-77.785776222,38.792539127]]]}, "properties" : {"grid_id" : 988, "ev_density" : 0.431259235424927}}, {"type" : "Feature", "geometry" : {"type":"Polygon","coordinates":[[[-77.740860458,38.792539127],[-77.740860458,38.827538755],[-77.695944694,38.827538755],[-77.695944694,38.792539127],[-77.740860458,38.792539127]]]}, "properties" : {"grid_id" : 989, "ev_density" : 0.8230334216549723}}, {"type" : "Feature", "geometry" : {"type":"Polygon","coordinates":[[[-77.785776222,38.827538755],[-77.785776222,38.862521184],[-77.740860458,38.862521184],[-77.740860458,38.827538755],[-77.785776222,38.827538755]]]}, "properties" : {"grid_id" : 990, "ev_density" : 0.08881194498785211}}, {"type" : "Feature", "geometry" : {"type":"Polygon","coordinates":[[[-77.740860458,38.827538755],[-77.740860458,38.862521184],[-77.695944694,38.862521184],[-77.695944694,38.827538755],[-77.740860458,38.827538755]]]}, "properties" : {"grid_id" : 991, "ev_density" : 0.6160627428031672}}, {"type" : "Feature", "geometry" : {"type":"Polygon","coordinates":[[[-77.695944694,38.827538755],[-77.695944694,38.862521184],[-77.651028929,38.862521184],[-77.651028929,38.827538755],[-77.695944694,38.827538755]]]}, "properties" : {"grid_id" : 992, "ev_density" : 4.083627340394002}}, {"type" : "Feature", "geometry" : {"type":"Polygon","coordinates":[[[-77.740860458,38.827538755],[-77.740860458,38.862521184],[-77.695944694,38.862521184],[-77.695944694,38.827538755],[-77.740860458,38.827538755]]]}, "properties" : {"grid_id" : 993, "ev_density" : 0.6160627428031672}}, {"type" : "Feature", "geometry" : {"type":"Polygon","coordinates":[[[-77.695944694,38.827538755],[-77.695944694,38.862521184],[-77.651028929,38.862521184],[-77.651028929,38.827538755],[-77.695944694,38.827538755]]]}, "properties" : {"grid_id" : 994, "ev_density" : 4.083627340394002}}, {"type" : "Feature", "geometry" : {"type":"Polygon","coordinates":[[[-77.830691986,38.827538755],[-77.830691986,38.862521184],[-77.785776222,38.862521184],[-77.785776222,38.827538755],[-77.830691986,38.827538755]]]}, "properties" : {"grid_id" : 995, "ev_density" : 0.04287711344981032}}, {"type" : "Feature", "geometry" : {"type":"Polygon","coordinates":[[[-77.785776222,38.827538755],[-77.785776222,38.862521184],[-77.740860458,38.862521184],[-77.740860458,38.827538755],[-77.785776222,38.827538755]]]}, "properties" : {"grid_id" : 996, "ev_density" : 0.08881194498785211}}, {"type" : "Feature", "geometry" : {"type":"Polygon","coordinates":[[[-77.740860458,38.827538755],[-77.740860458,38.862521184],[-77.695944694,38.862521184],[-77.695944694,38.827538755],[-77.740860458,38.827538755]]]}, "properties" : {"grid_id" : 997, "ev_density" : 0.6160627428031672}}, {"type" : "Feature", "geometry" : {"type":"Polygon","coordinates":[[[-77.830691986,38.827538755],[-77.830691986,38.862521184],[-77.785776222,38.862521184],[-77.785776222,38.827538755],[-77.830691986,38.827538755]]]}, "properties" : {"grid_id" : 998, "ev_density" : 0.04287711344981032}}, {"type" : "Feature", "geometry" : {"type":"Polygon","coordinates":[[[-77.740860458,38.862521184],[-77.740860458,38.89748641],[-77.695944694,38.89748641],[-77.695944694,38.862521184],[-77.740860458,38.862521184]]]}, "properties" : {"grid_id" : 999, "ev_density" : 0.21579931345976996}}, {"type" : "Feature", "geometry" : {"type":"Polygon","coordinates":[[[-77.695944694,38.862521184],[-77.695944694,38.89748641],[-77.651028929,38.89748641],[-77.651028929,38.862521184],[-77.695944694,38.862521184]]]}, "properties" : {"grid_id" : 1000, "ev_density" : 4.590926464375782}}, {"type" : "Feature", "geometry" : {"type":"Polygon","coordinates":[[[-77.830691986,38.862521184],[-77.830691986,38.89748641],[-77.785776222,38.89748641],[-77.785776222,38.862521184],[-77.830691986,38.862521184]]]}, "properties" : {"grid_id" : 1001, "ev_density" : 0.07325420609291347}}, {"type" : "Feature", "geometry" : {"type":"Polygon","coordinates":[[[-77.785776222,38.862521184],[-77.785776222,38.89748641],[-77.740860458,38.89748641],[-77.740860458,38.862521184],[-77.785776222,38.862521184]]]}, "properties" : {"grid_id" : 1002, "ev_density" : 0.005299290620732203}}, {"type" : "Feature", "geometry" : {"type":"Polygon","coordinates":[[[-77.740860458,38.862521184],[-77.740860458,38.89748641],[-77.695944694,38.89748641],[-77.695944694,38.862521184],[-77.740860458,38.862521184]]]}, "properties" : {"grid_id" : 1003, "ev_density" : 0.21579931345976996}}, {"type" : "Feature", "geometry" : {"type":"Polygon","coordinates":[[[-77.695944694,38.862521184],[-77.695944694,38.89748641],[-77.651028929,38.89748641],[-77.651028929,38.862521184],[-77.695944694,38.862521184]]]}, "properties" : {"grid_id" : 1004, "ev_density" : 4.590926464375782}}, {"type" : "Feature", "geometry" : {"type":"Polygon","coordinates":[[[-77.830691986,38.862521184],[-77.830691986,38.89748641],[-77.785776222,38.89748641],[-77.785776222,38.862521184],[-77.830691986,38.862521184]]]}, "properties" : {"grid_id" : 1005, "ev_density" : 0.07325420609291347}}, {"type" : "Feature", "geometry" : {"type":"Polygon","coordinates":[[[-77.695944694,38.89748641],[-77.695944694,38.932434428],[-77.651028929,38.932434428],[-77.651028929,38.89748641],[-77.695944694,38.89748641]]]}, "properties" : {"grid_id" : 1006, "ev_density" : 2.5000676457113693}}, {"type" : "Feature", "geometry" : {"type":"Polygon","coordinates":[[[-77.740860458,38.89748641],[-77.740860458,38.932434428],[-77.695944694,38.932434428],[-77.695944694,38.89748641],[-77.740860458,38.89748641]]]}, "properties" : {"grid_id" : 1007, "ev_density" : 0.011363863162995962}}, {"type" : "Feature", "geometry" : {"type":"Polygon","coordinates":[[[-77.695944694,38.89748641],[-77.695944694,38.932434428],[-77.651028929,38.932434428],[-77.651028929,38.89748641],[-77.695944694,38.89748641]]]}, "properties" : {"grid_id" : 1008, "ev_density" : 2.5000676457113693}}, {"type" : "Feature", "geometry" : {"type":"Polygon","coordinates":[[[-77.695944694,38.932434428],[-77.695944694,38.967365235],[-77.651028929,38.967365235],[-77.651028929,38.932434428],[-77.695944694,38.932434428]]]}, "properties" : {"grid_id" : 1009, "ev_density" : 2.1039432648934415}}, {"type" : "Feature", "geometry" : {"type":"Polygon","coordinates":[[[-77.695944694,38.932434428],[-77.695944694,38.967365235],[-77.651028929,38.967365235],[-77.651028929,38.932434428],[-77.695944694,38.932434428]]]}, "properties" : {"grid_id" : 1010, "ev_density" : 2.1039432648934415}}, {"type" : "Feature", "geometry" : {"type":"Polygon","coordinates":[[[-77.695944694,38.932434428],[-77.695944694,38.967365235],[-77.651028929,38.967365235],[-77.651028929,38.932434428],[-77.695944694,38.932434428]]]}, "properties" : {"grid_id" : 1011, "ev_density" : 2.1039432648934415}}, {"type" : "Feature", "geometry" : {"type":"Polygon","coordinates":[[[-77.695944694,38.932434428],[-77.695944694,38.967365235],[-77.651028929,38.967365235],[-77.651028929,38.932434428],[-77.695944694,38.932434428]]]}, "properties" : {"grid_id" : 1012, "ev_density" : 2.1039432648934415}}, {"type" : "Feature", "geometry" : {"type":"Polygon","coordinates":[[[-77.505421005,38.408373449],[-77.505421005,38.443560991],[-77.460505241,38.443560991],[-77.460505241,38.408373449],[-77.505421005,38.408373449]]]}, "properties" : {"grid_id" : 1013, "ev_density" : 0.04761469392172502}}, {"type" : "Feature", "geometry" : {"type":"Polygon","coordinates":[[[-77.595252533,38.408373449],[-77.595252533,38.443560991],[-77.550336769,38.443560991],[-77.550336769,38.408373449],[-77.595252533,38.408373449]]]}, "properties" : {"grid_id" : 1014, "ev_density" : 0.636096378374796}}, {"type" : "Feature", "geometry" : {"type":"Polygon","coordinates":[[[-77.550336769,38.408373449],[-77.550336769,38.443560991],[-77.505421005,38.443560991],[-77.505421005,38.408373449],[-77.550336769,38.408373449]]]}, "properties" : {"grid_id" : 1015, "ev_density" : 1.2847852286257342}}, {"type" : "Feature", "geometry" : {"type":"Polygon","coordinates":[[[-77.505421005,38.408373449],[-77.505421005,38.443560991],[-77.460505241,38.443560991],[-77.460505241,38.408373449],[-77.505421005,38.408373449]]]}, "properties" : {"grid_id" : 1016, "ev_density" : 0.04761469392172502}}, {"type" : "Feature", "geometry" : {"type":"Polygon","coordinates":[[[-77.595252533,38.408373449],[-77.595252533,38.443560991],[-77.550336769,38.443560991],[-77.550336769,38.408373449],[-77.595252533,38.408373449]]]}, "properties" : {"grid_id" : 1017, "ev_density" : 0.636096378374796}}, {"type" : "Feature", "geometry" : {"type":"Polygon","coordinates":[[[-77.550336769,38.408373449],[-77.550336769,38.443560991],[-77.505421005,38.443560991],[-77.505421005,38.408373449],[-77.550336769,38.408373449]]]}, "properties" : {"grid_id" : 1018, "ev_density" : 1.2847852286257342}}, {"type" : "Feature", "geometry" : {"type":"Polygon","coordinates":[[[-77.595252533,38.443560991],[-77.595252533,38.478731386],[-77.550336769,38.478731386],[-77.550336769,38.443560991],[-77.595252533,38.443560991]]]}, "properties" : {"grid_id" : 1019, "ev_density" : 1.3691578783902516}}, {"type" : "Feature", "geometry" : {"type":"Polygon","coordinates":[[[-77.550336769,38.443560991],[-77.550336769,38.478731386],[-77.505421005,38.478731386],[-77.505421005,38.443560991],[-77.550336769,38.443560991]]]}, "properties" : {"grid_id" : 1020, "ev_density" : 2.123568790149914}}, {"type" : "Feature", "geometry" : {"type":"Polygon","coordinates":[[[-77.505421005,38.443560991],[-77.505421005,38.478731386],[-77.460505241,38.478731386],[-77.460505241,38.443560991],[-77.505421005,38.443560991]]]}, "properties" : {"grid_id" : 1021, "ev_density" : 0.470478104300615}}, {"type" : "Feature", "geometry" : {"type":"Polygon","coordinates":[[[-77.595252533,38.443560991],[-77.595252533,38.478731386],[-77.550336769,38.478731386],[-77.550336769,38.443560991],[-77.595252533,38.443560991]]]}, "properties" : {"grid_id" : 1022, "ev_density" : 1.3691578783902516}}, {"type" : "Feature", "geometry" : {"type":"Polygon","coordinates":[[[-77.550336769,38.443560991],[-77.550336769,38.478731386],[-77.505421005,38.478731386],[-77.505421005,38.443560991],[-77.550336769,38.443560991]]]}, "properties" : {"grid_id" : 1023, "ev_density" : 2.123568790149914}}, {"type" : "Feature", "geometry" : {"type":"Polygon","coordinates":[[[-77.595252533,38.478731386],[-77.595252533,38.513884629],[-77.550336769,38.513884629],[-77.550336769,38.478731386],[-77.595252533,38.478731386]]]}, "properties" : {"grid_id" : 1024, "ev_density" : 1.7146665754623327}}, {"type" : "Feature", "geometry" : {"type":"Polygon","coordinates":[[[-77.505421005,38.478731386],[-77.505421005,38.513884629],[-77.460505241,38.513884629],[-77.460505241,38.478731386],[-77.505421005,38.478731386]]]}, "properties" : {"grid_id" : 1025, "ev_density" : 1.6642148331271485}}, {"type" : "Feature", "geometry" : {"type":"Polygon","coordinates":[[[-77.460505241,38.478731386],[-77.460505241,38.513884629],[-77.415589477,38.513884629],[-77.415589477,38.478731386],[-77.460505241,38.478731386]]]}, "properties" : {"grid_id" : 1026, "ev_density" : 0.3877192891178427}}, {"type" : "Feature", "geometry" : {"type":"Polygon","coordinates":[[[-77.415589477,38.478731386],[-77.415589477,38.513884629],[-77.370673712,38.513884629],[-77.370673712,38.478731386],[-77.415589477,38.478731386]]]}, "properties" : {"grid_id" : 1027, "ev_density" : 0.07017086539075439}}, {"type" : "Feature", "geometry" : {"type":"Polygon","coordinates":[[[-77.595252533,38.478731386],[-77.595252533,38.513884629],[-77.550336769,38.513884629],[-77.550336769,38.478731386],[-77.595252533,38.478731386]]]}, "properties" : {"grid_id" : 1028, "ev_density" : 1.7146665754623327}}, {"type" : "Feature", "geometry" : {"type":"Polygon","coordinates":[[[-77.550336769,38.478731386],[-77.550336769,38.513884629],[-77.505421005,38.513884629],[-77.505421005,38.478731386],[-77.550336769,38.478731386]]]}, "properties" : {"grid_id" : 1029, "ev_density" : 2.151421886951226}}, {"type" : "Feature", "geometry" : {"type":"Polygon","coordinates":[[[-77.505421005,38.478731386],[-77.505421005,38.513884629],[-77.460505241,38.513884629],[-77.460505241,38.478731386],[-77.505421005,38.478731386]]]}, "properties" : {"grid_id" : 1030, "ev_density" : 1.6642148331271485}}, {"type" : "Feature", "geometry" : {"type":"Polygon","coordinates":[[[-77.460505241,38.478731386],[-77.460505241,38.513884629],[-77.415589477,38.513884629],[-77.415589477,38.478731386],[-77.460505241,38.478731386]]]}, "properties" : {"grid_id" : 1031, "ev_density" : 0.3877192891178427}}, {"type" : "Feature", "geometry" : {"type":"Polygon","coordinates":[[[-77.415589477,38.478731386],[-77.415589477,38.513884629],[-77.370673712,38.513884629],[-77.370673712,38.478731386],[-77.415589477,38.478731386]]]}, "properties" : {"grid_id" : 1032, "ev_density" : 0.07017086539075439}}, {"type" : "Feature", "geometry" : {"type":"Polygon","coordinates":[[[-77.595252533,38.478731386],[-77.595252533,38.513884629],[-77.550336769,38.513884629],[-77.550336769,38.478731386],[-77.595252533,38.478731386]]]}, "properties" : {"grid_id" : 1033, "ev_density" : 1.7146665754623327}}, {"type" : "Feature", "geometry" : {"type":"Polygon","coordinates":[[[-77.415589477,38.513884629],[-77.415589477,38.549020717],[-77.370673712,38.549020717],[-77.370673712,38.513884629],[-77.415589477,38.513884629]]]}, "properties" : {"grid_id" : 1034, "ev_density" : 0.27705313377245766}}, {"type" : "Feature", "geometry" : {"type":"Polygon","coordinates":[[[-77.595252533,38.513884629],[-77.595252533,38.549020717],[-77.550336769,38.549020717],[-77.550336769,38.513884629],[-77.595252533,38.513884629]]]}, "properties" : {"grid_id" : 1035, "ev_density" : 0.6607147573749718}}, {"type" : "Feature", "geometry" : {"type":"Polygon","coordinates":[[[-77.595252533,38.513884629],[-77.595252533,38.549020717],[-77.550336769,38.549020717],[-77.550336769,38.513884629],[-77.595252533,38.513884629]]]}, "properties" : {"grid_id" : 1036, "ev_density" : 0.6607147573749718}}, {"type" : "Feature", "geometry" : {"type":"Polygon","coordinates":[[[-77.550336769,38.513884629],[-77.550336769,38.549020717],[-77.505421005,38.549020717],[-77.505421005,38.513884629],[-77.550336769,38.513884629]]]}, "properties" : {"grid_id" : 1037, "ev_density" : 2.0260651116370267}}, {"type" : "Feature", "geometry" : {"type":"Polygon","coordinates":[[[-77.550336769,38.513884629],[-77.550336769,38.549020717],[-77.505421005,38.549020717],[-77.505421005,38.513884629],[-77.550336769,38.513884629]]]}, "properties" : {"grid_id" : 1038, "ev_density" : 2.0260651116370267}}, {"type" : "Feature", "geometry" : {"type":"Polygon","coordinates":[[[-77.505421005,38.513884629],[-77.505421005,38.549020717],[-77.460505241,38.549020717],[-77.460505241,38.513884629],[-77.505421005,38.513884629]]]}, "properties" : {"grid_id" : 1039, "ev_density" : 1.0578893885326914}}, {"type" : "Feature", "geometry" : {"type":"Polygon","coordinates":[[[-77.460505241,38.513884629],[-77.460505241,38.549020717],[-77.415589477,38.549020717],[-77.415589477,38.513884629],[-77.460505241,38.513884629]]]}, "properties" : {"grid_id" : 1040, "ev_density" : 0.35553594965886415}}, {"type" : "Feature", "geometry" : {"type":"Polygon","coordinates":[[[-77.415589477,38.513884629],[-77.415589477,38.549020717],[-77.370673712,38.549020717],[-77.370673712,38.513884629],[-77.415589477,38.513884629]]]}, "properties" : {"grid_id" : 1041, "ev_density" : 0.27705313377245766}}, {"type" : "Feature", "geometry" : {"type":"Polygon","coordinates":[[[-77.595252533,38.513884629],[-77.595252533,38.549020717],[-77.550336769,38.549020717],[-77.550336769,38.513884629],[-77.595252533,38.513884629]]]}, "properties" : {"grid_id" : 1042, "ev_density" : 0.6607147573749718}}, {"type" : "Feature", "geometry" : {"type":"Polygon","coordinates":[[[-77.550336769,38.513884629],[-77.550336769,38.549020717],[-77.505421005,38.549020717],[-77.505421005,38.513884629],[-77.550336769,38.513884629]]]}, "properties" : {"grid_id" : 1043, "ev_density" : 2.0260651116370267}}, {"type" : "Feature", "geometry" : {"type":"Polygon","coordinates":[[[-77.505421005,38.513884629],[-77.505421005,38.549020717],[-77.460505241,38.549020717],[-77.460505241,38.513884629],[-77.505421005,38.513884629]]]}, "properties" : {"grid_id" : 1044, "ev_density" : 1.0578893885326914}}, {"type" : "Feature", "geometry" : {"type":"Polygon","coordinates":[[[-77.460505241,38.549020717],[-77.460505241,38.584139644],[-77.415589477,38.584139644],[-77.415589477,38.549020717],[-77.460505241,38.549020717]]]}, "properties" : {"grid_id" : 1045, "ev_density" : 0.7008433573174464}}, {"type" : "Feature", "geometry" : {"type":"Polygon","coordinates":[[[-77.415589477,38.549020717],[-77.415589477,38.584139644],[-77.370673712,38.584139644],[-77.370673712,38.549020717],[-77.415589477,38.549020717]]]}, "properties" : {"grid_id" : 1046, "ev_density" : 1.1767080994526438}}, {"type" : "Feature", "geometry" : {"type":"Polygon","coordinates":[[[-77.595252533,38.549020717],[-77.595252533,38.584139644],[-77.550336769,38.584139644],[-77.550336769,38.549020717],[-77.595252533,38.549020717]]]}, "properties" : {"grid_id" : 1047, "ev_density" : 0.23213674477892587}}, {"type" : "Feature", "geometry" : {"type":"Polygon","coordinates":[[[-77.595252533,38.549020717],[-77.595252533,38.584139644],[-77.550336769,38.584139644],[-77.550336769,38.549020717],[-77.595252533,38.549020717]]]}, "properties" : {"grid_id" : 1048, "ev_density" : 0.23213674477892587}}, {"type" : "Feature", "geometry" : {"type":"Polygon","coordinates":[[[-77.550336769,38.549020717],[-77.550336769,38.584139644],[-77.505421005,38.584139644],[-77.505421005,38.549020717],[-77.550336769,38.549020717]]]}, "properties" : {"grid_id" : 1049, "ev_density" : 0.47390811278629336}}, {"type" : "Feature", "geometry" : {"type":"Polygon","coordinates":[[[-77.550336769,38.549020717],[-77.550336769,38.584139644],[-77.505421005,38.584139644],[-77.505421005,38.549020717],[-77.550336769,38.549020717]]]}, "properties" : {"grid_id" : 1050, "ev_density" : 0.47390811278629336}}, {"type" : "Feature", "geometry" : {"type":"Polygon","coordinates":[[[-77.505421005,38.549020717],[-77.505421005,38.584139644],[-77.460505241,38.584139644],[-77.460505241,38.549020717],[-77.505421005,38.549020717]]]}, "properties" : {"grid_id" : 1051, "ev_density" : 0.35961336148500855}}, {"type" : "Feature", "geometry" : {"type":"Polygon","coordinates":[[[-77.460505241,38.549020717],[-77.460505241,38.584139644],[-77.415589477,38.584139644],[-77.415589477,38.549020717],[-77.460505241,38.549020717]]]}, "properties" : {"grid_id" : 1052, "ev_density" : 0.7008433573174464}}, {"type" : "Feature", "geometry" : {"type":"Polygon","coordinates":[[[-77.415589477,38.549020717],[-77.415589477,38.584139644],[-77.370673712,38.584139644],[-77.370673712,38.549020717],[-77.415589477,38.549020717]]]}, "properties" : {"grid_id" : 1053, "ev_density" : 1.1767080994526438}}, {"type" : "Feature", "geometry" : {"type":"Polygon","coordinates":[[[-77.595252533,38.549020717],[-77.595252533,38.584139644],[-77.550336769,38.584139644],[-77.550336769,38.549020717],[-77.595252533,38.549020717]]]}, "properties" : {"grid_id" : 1054, "ev_density" : 0.23213674477892587}}, {"type" : "Feature", "geometry" : {"type":"Polygon","coordinates":[[[-77.550336769,38.549020717],[-77.550336769,38.584139644],[-77.505421005,38.584139644],[-77.505421005,38.549020717],[-77.550336769,38.549020717]]]}, "properties" : {"grid_id" : 1055, "ev_density" : 0.47390811278629336}}, {"type" : "Feature", "geometry" : {"type":"Polygon","coordinates":[[[-77.505421005,38.549020717],[-77.505421005,38.584139644],[-77.460505241,38.584139644],[-77.460505241,38.549020717],[-77.505421005,38.549020717]]]}, "properties" : {"grid_id" : 1056, "ev_density" : 0.35961336148500855}}, {"type" : "Feature", "geometry" : {"type":"Polygon","coordinates":[[[-77.460505241,38.549020717],[-77.460505241,38.584139644],[-77.415589477,38.584139644],[-77.415589477,38.549020717],[-77.460505241,38.549020717]]]}, "properties" : {"grid_id" : 1057, "ev_density" : 0.7008433573174464}}, {"type" : "Feature", "geometry" : {"type":"Polygon","coordinates":[[[-77.550336769,38.549020717],[-77.550336769,38.584139644],[-77.505421005,38.584139644],[-77.505421005,38.549020717],[-77.550336769,38.549020717]]]}, "properties" : {"grid_id" : 1058, "ev_density" : 0.47390811278629336}}, {"type" : "Feature", "geometry" : {"type":"Polygon","coordinates":[[[-77.635038917,38.385330401],[-77.635038917,38.420529164],[-77.590123153,38.420529164],[-77.590123153,38.385330401],[-77.635038917,38.385330401]]]}, "properties" : {"grid_id" : 1059, "ev_density" : 0.5898216620506799}}, {"type" : "Feature", "geometry" : {"type":"Polygon","coordinates":[[[-77.545207389,38.385330401],[-77.545207389,38.420529164],[-77.500291625,38.420529164],[-77.500291625,38.385330401],[-77.545207389,38.385330401]]]}, "properties" : {"grid_id" : 1060, "ev_density" : 0.30623500680443816}}, {"type" : "Feature", "geometry" : {"type":"Polygon","coordinates":[[[-77.635038917,38.385330401],[-77.635038917,38.420529164],[-77.590123153,38.420529164],[-77.590123153,38.385330401],[-77.635038917,38.385330401]]]}, "properties" : {"grid_id" : 1061, "ev_density" : 0.5898216620506799}}, {"type" : "Feature", "geometry" : {"type":"Polygon","coordinates":[[[-77.590123153,38.385330401],[-77.590123153,38.420529164],[-77.545207389,38.420529164],[-77.545207389,38.385330401],[-77.590123153,38.385330401]]]}, "properties" : {"grid_id" : 1062, "ev_density" : 0.07420655180564487}}, {"type" : "Feature", "geometry" : {"type":"Polygon","coordinates":[[[-77.545207389,38.385330401],[-77.545207389,38.420529164],[-77.500291625,38.420529164],[-77.500291625,38.385330401],[-77.545207389,38.385330401]]]}, "properties" : {"grid_id" : 1063, "ev_density" : 0.30623500680443816}}, {"type" : "Feature", "geometry" : {"type":"Polygon","coordinates":[[[-77.545207389,38.420529164],[-77.545207389,38.455710784],[-77.500291625,38.455710784],[-77.500291625,38.420529164],[-77.545207389,38.420529164]]]}, "properties" : {"grid_id" : 1064, "ev_density" : 1.6086753691187323}}, {"type" : "Feature", "geometry" : {"type":"Polygon","coordinates":[[[-77.590123153,38.420529164],[-77.590123153,38.455710784],[-77.545207389,38.455710784],[-77.545207389,38.420529164],[-77.590123153,38.420529164]]]}, "properties" : {"grid_id" : 1065, "ev_density" : 1.077120793831853}}, {"type" : "Feature", "geometry" : {"type":"Polygon","coordinates":[[[-77.545207389,38.420529164],[-77.545207389,38.455710784],[-77.500291625,38.455710784],[-77.500291625,38.420529164],[-77.545207389,38.420529164]]]}, "properties" : {"grid_id" : 1066, "ev_density" : 1.6086753691187323}}, {"type" : "Feature", "geometry" : {"type":"Polygon","coordinates":[[[-77.635038917,38.420529164],[-77.635038917,38.455710784],[-77.590123153,38.455710784],[-77.590123153,38.420529164],[-77.635038917,38.420529164]]]}, "properties" : {"grid_id" : 1067, "ev_density" : 0.7409078647249228}}, {"type" : "Feature", "geometry" : {"type":"Polygon","coordinates":[[[-77.590123153,38.420529164],[-77.590123153,38.455710784],[-77.545207389,38.455710784],[-77.545207389,38.420529164],[-77.590123153,38.420529164]]]}, "properties" : {"grid_id" : 1068, "ev_density" : 1.077120793831853}}, {"type" : "Feature", "geometry" : {"type":"Polygon","coordinates":[[[-77.545207389,38.420529164],[-77.545207389,38.455710784],[-77.500291625,38.455710784],[-77.500291625,38.420529164],[-77.545207389,38.420529164]]]}, "properties" : {"grid_id" : 1069, "ev_density" : 1.6086753691187323}}, {"type" : "Feature", "geometry" : {"type":"Polygon","coordinates":[[[-77.590123153,38.455710784],[-77.590123153,38.490875255],[-77.545207389,38.490875255],[-77.545207389,38.455710784],[-77.590123153,38.455710784]]]}, "properties" : {"grid_id" : 1070, "ev_density" : 1.5834845310866026}}, {"type" : "Feature", "geometry" : {"type":"Polygon","coordinates":[[[-77.545207389,38.455710784],[-77.545207389,38.490875255],[-77.500291625,38.490875255],[-77.500291625,38.455710784],[-77.545207389,38.455710784]]]}, "properties" : {"grid_id" : 1071, "ev_density" : 2.12263656236625}}, {"type" : "Feature", "geometry" : {"type":"Polygon","coordinates":[[[-77.635038917,38.455710784],[-77.635038917,38.490875255],[-77.590123153,38.490875255],[-77.590123153,38.455710784],[-77.635038917,38.455710784]]]}, "properties" : {"grid_id" : 1072, "ev_density" : 0.49756063003116374}}, {"type" : "Feature", "geometry" : {"type":"Polygon","coordinates":[[[-77.590123153,38.455710784],[-77.590123153,38.490875255],[-77.545207389,38.490875255],[-77.545207389,38.455710784],[-77.590123153,38.455710784]]]}, "properties" : {"grid_id" : 1073, "ev_density" : 1.5834845310866026}}, {"type" : "Feature", "geometry" : {"type":"Polygon","coordinates":[[[-77.635038917,38.455710784],[-77.635038917,38.490875255],[-77.590123153,38.490875255],[-77.590123153,38.455710784],[-77.635038917,38.455710784]]]}, "properties" : {"grid_id" : 1074, "ev_density" : 0.49756063003116374}}, {"type" : "Feature", "geometry" : {"type":"Polygon","coordinates":[[[-77.635038917,38.490875255],[-77.635038917,38.526022574],[-77.590123153,38.526022574],[-77.590123153,38.490875255],[-77.635038917,38.490875255]]]}, "properties" : {"grid_id" : 1075, "ev_density" : 0.1703502561769946}}, {"type" : "Feature", "geometry" : {"type":"Polygon","coordinates":[[[-77.590123153,38.490875255],[-77.590123153,38.526022574],[-77.545207389,38.526022574],[-77.545207389,38.490875255],[-77.590123153,38.490875255]]]}, "properties" : {"grid_id" : 1076, "ev_density" : 1.8135038634304566}}, {"type" : "Feature", "geometry" : {"type":"Polygon","coordinates":[[[-77.635038917,38.490875255],[-77.635038917,38.526022574],[-77.590123153,38.526022574],[-77.590123153,38.490875255],[-77.635038917,38.490875255]]]}, "properties" : {"grid_id" : 1077, "ev_density" : 0.1703502561769946}}, {"type" : "Feature", "geometry" : {"type":"Polygon","coordinates":[[[-77.590123153,38.490875255],[-77.590123153,38.526022574],[-77.545207389,38.526022574],[-77.545207389,38.490875255],[-77.590123153,38.490875255]]]}, "properties" : {"grid_id" : 1078, "ev_density" : 1.8135038634304566}}, {"type" : "Feature", "geometry" : {"type":"Polygon","coordinates":[[[-77.545207389,38.490875255],[-77.545207389,38.526022574],[-77.500291625,38.526022574],[-77.500291625,38.490875255],[-77.545207389,38.490875255]]]}, "properties" : {"grid_id" : 1079, "ev_density" : 2.151421886951226}}, {"type" : "Feature", "geometry" : {"type":"Polygon","coordinates":[[[-77.635038917,38.490875255],[-77.635038917,38.526022574],[-77.590123153,38.526022574],[-77.590123153,38.490875255],[-77.635038917,38.490875255]]]}, "properties" : {"grid_id" : 1080, "ev_density" : 0.1703502561769946}}, {"type" : "Feature", "geometry" : {"type":"Polygon","coordinates":[[[-77.590123153,38.490875255],[-77.590123153,38.526022574],[-77.545207389,38.526022574],[-77.545207389,38.490875255],[-77.590123153,38.490875255]]]}, "properties" : {"grid_id" : 1081, "ev_density" : 1.8135038634304566}}, {"type" : "Feature", "geometry" : {"type":"Polygon","coordinates":[[[-77.635038917,38.490875255],[-77.635038917,38.526022574],[-77.590123153,38.526022574],[-77.590123153,38.490875255],[-77.635038917,38.490875255]]]}, "properties" : {"grid_id" : 1082, "ev_density" : 0.1703502561769946}}, {"type" : "Feature", "geometry" : {"type":"Polygon","coordinates":[[[-77.827044826,38.80414691],[-77.827044826,38.839140834],[-77.782129062,38.839140834],[-77.782129062,38.80414691],[-77.827044826,38.80414691]]]}, "properties" : {"grid_id" : 1083, "ev_density" : 0.030833560908768737}}, {"type" : "Feature", "geometry" : {"type":"Polygon","coordinates":[[[-77.916876355,38.80414691],[-77.916876355,38.839140834],[-77.87196059,38.839140834],[-77.87196059,38.80414691],[-77.916876355,38.80414691]]]}, "properties" : {"grid_id" : 1084, "ev_density" : 0.2448980447438701}}, {"type" : "Feature", "geometry" : {"type":"Polygon","coordinates":[[[-77.87196059,38.80414691],[-77.87196059,38.839140834],[-77.827044826,38.839140834],[-77.827044826,38.80414691],[-77.87196059,38.80414691]]]}, "properties" : {"grid_id" : 1085, "ev_density" : 0.021766510063876202}}, {"type" : "Feature", "geometry" : {"type":"Polygon","coordinates":[[[-77.87196059,38.839140834],[-77.87196059,38.874117559],[-77.827044826,38.874117559],[-77.827044826,38.839140834],[-77.87196059,38.839140834]]]}, "properties" : {"grid_id" : 1086, "ev_density" : 0.09393196252864956}}, {"type" : "Feature", "geometry" : {"type":"Polygon","coordinates":[[[-77.827044826,38.839140834],[-77.827044826,38.874117559],[-77.782129062,38.874117559],[-77.782129062,38.839140834],[-77.827044826,38.839140834]]]}, "properties" : {"grid_id" : 1087, "ev_density" : 0.059875693591945604}}, {"type" : "Feature", "geometry" : {"type":"Polygon","coordinates":[[[-77.916876355,38.839140834],[-77.916876355,38.874117559],[-77.87196059,38.874117559],[-77.87196059,38.839140834],[-77.916876355,38.839140834]]]}, "properties" : {"grid_id" : 1088, "ev_density" : 0.07649034129647198}}, {"type" : "Feature", "geometry" : {"type":"Polygon","coordinates":[[[-77.87196059,38.839140834],[-77.87196059,38.874117559],[-77.827044826,38.874117559],[-77.827044826,38.839140834],[-77.87196059,38.839140834]]]}, "properties" : {"grid_id" : 1089, "ev_density" : 0.09393196252864956}}, {"type" : "Feature", "geometry" : {"type":"Polygon","coordinates":[[[-77.827044826,38.839140834],[-77.827044826,38.874117559],[-77.782129062,38.874117559],[-77.782129062,38.839140834],[-77.827044826,38.839140834]]]}, "properties" : {"grid_id" : 1090, "ev_density" : 0.059875693591945604}}, {"type" : "Feature", "geometry" : {"type":"Polygon","coordinates":[[[-77.827044826,38.874117559],[-77.827044826,38.90907708],[-77.782129062,38.90907708],[-77.782129062,38.874117559],[-77.827044826,38.874117559]]]}, "properties" : {"grid_id" : 1091, "ev_density" : 0.02768714523697068}}, {"type" : "Feature", "geometry" : {"type":"Polygon","coordinates":[[[-77.87196059,38.874117559],[-77.87196059,38.90907708],[-77.827044826,38.90907708],[-77.827044826,38.874117559],[-77.87196059,38.874117559]]]}, "properties" : {"grid_id" : 1092, "ev_density" : 0.04593115584244749}}, {"type" : "Feature", "geometry" : {"type":"Polygon","coordinates":[[[-77.827044826,38.874117559],[-77.827044826,38.90907708],[-77.782129062,38.90907708],[-77.782129062,38.874117559],[-77.827044826,38.874117559]]]}, "properties" : {"grid_id" : 1093, "ev_density" : 0.02768714523697068}}, {"type" : "Feature", "geometry" : {"type":"Polygon","coordinates":[[[-77.448126456,38.824039566],[-77.448126456,38.859023715],[-77.403210692,38.859023715],[-77.403210692,38.824039566],[-77.448126456,38.824039566]]]}, "properties" : {"grid_id" : 1094, "ev_density" : 5.22942533267026}}, {"type" : "Feature", "geometry" : {"type":"Polygon","coordinates":[[[-77.537957985,38.824039566],[-77.537957985,38.859023715],[-77.49304222,38.859023715],[-77.49304222,38.824039566],[-77.537957985,38.824039566]]]}, "properties" : {"grid_id" : 1095, "ev_density" : 11.79163130985949}}, {"type" : "Feature", "geometry" : {"type":"Polygon","coordinates":[[[-77.537957985,38.824039566],[-77.537957985,38.859023715],[-77.49304222,38.859023715],[-77.49304222,38.824039566],[-77.537957985,38.824039566]]]}, "properties" : {"grid_id" : 1096, "ev_density" : 11.79163130985949}}, {"type" : "Feature", "geometry" : {"type":"Polygon","coordinates":[[[-77.49304222,38.824039566],[-77.49304222,38.859023715],[-77.448126456,38.859023715],[-77.448126456,38.824039566],[-77.49304222,38.824039566]]]}, "properties" : {"grid_id" : 1097, "ev_density" : 13.342436408246556}}, {"type" : "Feature", "geometry" : {"type":"Polygon","coordinates":[[[-77.448126456,38.824039566],[-77.448126456,38.859023715],[-77.403210692,38.859023715],[-77.403210692,38.824039566],[-77.448126456,38.824039566]]]}, "properties" : {"grid_id" : 1098, "ev_density" : 5.22942533267026}}, {"type" : "Feature", "geometry" : {"type":"Polygon","coordinates":[[[-77.537957985,38.824039566],[-77.537957985,38.859023715],[-77.49304222,38.859023715],[-77.49304222,38.824039566],[-77.537957985,38.824039566]]]}, "properties" : {"grid_id" : 1099, "ev_density" : 11.79163130985949}}, {"type" : "Feature", "geometry" : {"type":"Polygon","coordinates":[[[-77.537957985,38.824039566],[-77.537957985,38.859023715],[-77.49304222,38.859023715],[-77.49304222,38.824039566],[-77.537957985,38.824039566]]]}, "properties" : {"grid_id" : 1100, "ev_density" : 11.79163130985949}}, {"type" : "Feature", "geometry" : {"type":"Polygon","coordinates":[[[-77.49304222,38.824039566],[-77.49304222,38.859023715],[-77.448126456,38.859023715],[-77.448126456,38.824039566],[-77.49304222,38.824039566]]]}, "properties" : {"grid_id" : 1101, "ev_density" : 13.342436408246556}}, {"type" : "Feature", "geometry" : {"type":"Polygon","coordinates":[[[-77.448126456,38.824039566],[-77.448126456,38.859023715],[-77.403210692,38.859023715],[-77.403210692,38.824039566],[-77.448126456,38.824039566]]]}, "properties" : {"grid_id" : 1102, "ev_density" : 5.22942533267026}}, {"type" : "Feature", "geometry" : {"type":"Polygon","coordinates":[[[-77.537957985,38.859023715],[-77.537957985,38.893990661],[-77.49304222,38.893990661],[-77.49304222,38.859023715],[-77.537957985,38.859023715]]]}, "properties" : {"grid_id" : 1103, "ev_density" : 19.60306185258172}}, {"type" : "Feature", "geometry" : {"type":"Polygon","coordinates":[[[-77.49304222,38.859023715],[-77.49304222,38.893990661],[-77.448126456,38.893990661],[-77.448126456,38.859023715],[-77.49304222,38.859023715]]]}, "properties" : {"grid_id" : 1104, "ev_density" : 8.558813383157363}}, {"type" : "Feature", "geometry" : {"type":"Polygon","coordinates":[[[-77.537957985,38.859023715],[-77.537957985,38.893990661],[-77.49304222,38.893990661],[-77.49304222,38.859023715],[-77.537957985,38.859023715]]]}, "properties" : {"grid_id" : 1105, "ev_density" : 19.60306185258172}}, {"type" : "Feature", "geometry" : {"type":"Polygon","coordinates":[[[-77.49304222,38.859023715],[-77.49304222,38.893990661],[-77.448126456,38.893990661],[-77.448126456,38.859023715],[-77.49304222,38.859023715]]]}, "properties" : {"grid_id" : 1106, "ev_density" : 8.558813383157363}}, {"type" : "Feature", "geometry" : {"type":"Polygon","coordinates":[[[-77.537957985,38.859023715],[-77.537957985,38.893990661],[-77.49304222,38.893990661],[-77.49304222,38.859023715],[-77.537957985,38.859023715]]]}, "properties" : {"grid_id" : 1107, "ev_density" : 19.60306185258172}}, {"type" : "Feature", "geometry" : {"type":"Polygon","coordinates":[[[-77.49304222,38.859023715],[-77.49304222,38.893990661],[-77.448126456,38.893990661],[-77.448126456,38.859023715],[-77.49304222,38.859023715]]]}, "properties" : {"grid_id" : 1108, "ev_density" : 8.558813383157363}}, {"type" : "Feature", "geometry" : {"type":"Polygon","coordinates":[[[-77.448126456,38.859023715],[-77.448126456,38.893990661],[-77.403210692,38.893990661],[-77.403210692,38.859023715],[-77.448126456,38.859023715]]]}, "properties" : {"grid_id" : 1109, "ev_density" : 0.3677206260998672}}, {"type" : "Feature", "geometry" : {"type":"Polygon","coordinates":[[[-77.49304222,38.893990661],[-77.49304222,38.928940401],[-77.448126456,38.928940401],[-77.448126456,38.893990661],[-77.49304222,38.893990661]]]}, "properties" : {"grid_id" : 1110, "ev_density" : 5.15676340959303}}, {"type" : "Feature", "geometry" : {"type":"Polygon","coordinates":[[[-77.537957985,38.893990661],[-77.537957985,38.928940401],[-77.49304222,38.928940401],[-77.49304222,38.893990661],[-77.537957985,38.893990661]]]}, "properties" : {"grid_id" : 1111, "ev_density" : 24.938745213614425}}, {"type" : "Feature", "geometry" : {"type":"Polygon","coordinates":[[[-77.49304222,38.893990661],[-77.49304222,38.928940401],[-77.448126456,38.928940401],[-77.448126456,38.893990661],[-77.49304222,38.893990661]]]}, "properties" : {"grid_id" : 1112, "ev_density" : 5.15676340959303}}, {"type" : "Feature", "geometry" : {"type":"Polygon","coordinates":[[[-77.49304222,38.893990661],[-77.49304222,38.928940401],[-77.448126456,38.928940401],[-77.448126456,38.893990661],[-77.49304222,38.893990661]]]}, "properties" : {"grid_id" : 1113, "ev_density" : 5.15676340959303}}, {"type" : "Feature", "geometry" : {"type":"Polygon","coordinates":[[[-77.448126456,38.893990661],[-77.448126456,38.928940401],[-77.403210692,38.928940401],[-77.403210692,38.893990661],[-77.448126456,38.893990661]]]}, "properties" : {"grid_id" : 1114, "ev_density" : 0.2527752697933813}}, {"type" : "Feature", "geometry" : {"type":"Polygon","coordinates":[[[-77.537957985,38.893990661],[-77.537957985,38.928940401],[-77.49304222,38.928940401],[-77.49304222,38.893990661],[-77.537957985,38.893990661]]]}, "properties" : {"grid_id" : 1115, "ev_density" : 24.938745213614425}}, {"type" : "Feature", "geometry" : {"type":"Polygon","coordinates":[[[-77.644246649,38.478105502],[-77.644246649,38.513259052],[-77.599330885,38.513259052],[-77.599330885,38.478105502],[-77.644246649,38.478105502]]]}, "properties" : {"grid_id" : 1116, "ev_density" : 0.18883177375714316}}, {"type" : "Feature", "geometry" : {"type":"Polygon","coordinates":[[[-77.644246649,38.478105502],[-77.644246649,38.513259052],[-77.599330885,38.513259052],[-77.599330885,38.478105502],[-77.644246649,38.478105502]]]}, "properties" : {"grid_id" : 1117, "ev_density" : 0.18883177375714316}}, {"type" : "Feature", "geometry" : {"type":"Polygon","coordinates":[[[-77.644246649,38.478105502],[-77.644246649,38.513259052],[-77.599330885,38.513259052],[-77.599330885,38.478105502],[-77.644246649,38.478105502]]]}, "properties" : {"grid_id" : 1118, "ev_density" : 0.18883177375714316}}, {"type" : "Feature", "geometry" : {"type":"Polygon","coordinates":[[[-77.644246649,38.513259052],[-77.644246649,38.548395445],[-77.599330885,38.548395445],[-77.599330885,38.513259052],[-77.644246649,38.513259052]]]}, "properties" : {"grid_id" : 1119, "ev_density" : 0.08456779993383469}}, {"type" : "Feature", "geometry" : {"type":"Polygon","coordinates":[[[-77.644246649,38.513259052],[-77.644246649,38.548395445],[-77.599330885,38.548395445],[-77.599330885,38.513259052],[-77.644246649,38.513259052]]]}, "properties" : {"grid_id" : 1120, "ev_density" : 0.08456779993383469}}, {"type" : "Feature", "geometry" : {"type":"Polygon","coordinates":[[[-77.644246649,38.513259052],[-77.644246649,38.548395445],[-77.599330885,38.548395445],[-77.599330885,38.513259052],[-77.644246649,38.513259052]]]}, "properties" : {"grid_id" : 1121, "ev_density" : 0.08456779993383469}}]}
