{"type" : "FeatureCollection", "features" : [{"type" : "Feature", "geometry" : {"type":"Polygon","coordinates":[[[-77.604918406,39.301761799],[-77.604918406,39.336509919],[-77.560002642,39.336509919],[-77.560002642,39.301761799],[-77.604918406,39.301761799]]]}, "properties" : {"grid_id" : 1, "hotspot_class" : "Neutral"}}, {"type" : "Feature", "geometry" : {"type":"Polygon","coordinates":[[[-77.604918406,39.301761799],[-77.604918406,39.336509919],[-77.560002642,39.336509919],[-77.560002642,39.301761799],[-77.604918406,39.301761799]]]}, "properties" : {"grid_id" : 2, "hotspot_class" : "Neutral"}}, {"type" : "Feature", "geometry" : {"type":"Polygon","coordinates":[[[-77.917011102,39.032967606],[-77.917011102,39.067848827],[-77.872095338,39.067848827],[-77.872095338,39.032967606],[-77.917011102,39.032967606]]]}, "properties" : {"grid_id" : 3, "hotspot_class" : "Neutral"}}, {"type" : "Feature", "geometry" : {"type":"Polygon","coordinates":[[[-77.872095338,39.032967606],[-77.872095338,39.067848827],[-77.827179574,39.067848827],[-77.827179574,39.032967606],[-77.872095338,39.032967606]]]}, "properties" : {"grid_id" : 4, "hotspot_class" : "Cold Spot"}}, {"type" : "Feature", "geometry" : {"type":"Polygon","coordinates":[[[-77.827179574,39.032967606],[-77.827179574,39.067848827],[-77.782263809,39.067848827],[-77.782263809,39.032967606],[-77.827179574,39.032967606]]]}, "properties" : {"grid_id" : 5, "hotspot_class" : "Neutral"}}, {"type" : "Feature", "geometry" : {"type":"Polygon","coordinates":[[[-77.827179574,39.032967606],[-77.827179574,39.067848827],[-77.782263809,39.067848827],[-77.782263809,39.032967606],[-77.827179574,39.032967606]]]}, "properties" : {"grid_id" : 6, "hotspot_class" : "Neutral"}}, {"type" : "Feature", "geometry" : {"type":"Polygon","coordinates":[[[-77.917011102,39.032967606],[-77.917011102,39.067848827],[-77.872095338,39.067848827],[-77.872095338,39.032967606],[-77.917011102,39.032967606]]]}, "properties" : {"grid_id" : 7, "hotspot_class" : "Neutral"}}, {"type" : "Feature", "geometry" : {"type":"Polygon","coordinates":[[[-77.917011102,39.032967606],[-77.917011102,39.067848827],[-77.872095338,39.067848827],[-77.872095338,39.032967606],[-77.917011102,39.032967606]]]}, "properties" : {"grid_id" : 8, "hotspot_class" : "Neutral"}}, {"type" : "Feature", "geometry" : {"type":"Polygon","coordinates":[[[-77.872095338,39.032967606],[-77.872095338,39.067848827],[-77.827179574,39.067848827],[-77.827179574,39.032967606],[-77.872095338,39.032967606]]]}, "properties" : {"grid_id" : 9, "hotspot_class" : "Cold Spot"}}, {"type" : "Feature", "geometry" : {"type":"Polygon","coordinates":[[[-77.917011102,39.067848827],[-77.917011102,39.10271282],[-77.872095338,39.10271282],[-77.872095338,39.067848827],[-77.917011102,39.067848827]]]}, "properties" : {"grid_id" : 10, "hotspot_class" : "Cold Spot"}}, {"type" : "Feature", "geometry" : {"type":"Polygon","coordinates":[[[-77.872095338,39.067848827],[-77.872095338,39.10271282],[-77.827179574,39.10271282],[-77.827179574,39.067848827],[-77.872095338,39.067848827]]]}, "properties" : {"grid_id" : 11, "hotspot_class" : "Cold Spot"}}, {"type" : "Feature", "geometry" : {"type":"Polygon","coordinates":[[[-77.827179574,39.067848827],[-77.827179574,39.10271282],[-77.782263809,39.10271282],[-77.782263809,39.067848827],[-77.827179574,39.067848827]]]}, "properties" : {"grid_id" : 12, "hotspot_class" : "Hot Spot"}}, {"type" : "Feature", "geometry" : {"type":"Polygon","coordinates":[[[-77.827179574,39.067848827],[-77.827179574,39.10271282],[-77.782263809,39.10271282],[-77.782263809,39.067848827],[-77.827179574,39.067848827]]]}, "properties" : {"grid_id" : 13, "hotspot_class" : "Hot Spot"}}, {"type" : "Feature", "geometry" : {"type":"Polygon","coordinates":[[[-77.827179574,39.067848827],[-77.827179574,39.10271282],[-77.782263809,39.10271282],[-77.782263809,39.067848827],[-77.827179574,39.067848827]]]}, "properties" : {"grid_id" : 14, "hotspot_class" : "Hot Spot"}}, {"type" : "Feature", "geometry" : {"type":"Polygon","coordinates":[[[-77.872095338,39.10271282],[-77.872095338,39.137559578],[-77.827179574,39.137559578],[-77.827179574,39.10271282],[-77.872095338,39.10271282]]]}, "properties" : {"grid_id" : 15, "hotspot_class" : "Cold Spot"}}, {"type" : "Feature", "geometry" : {"type":"Polygon","coordinates":[[[-77.827179574,39.10271282],[-77.827179574,39.137559578],[-77.782263809,39.137559578],[-77.782263809,39.10271282],[-77.827179574,39.10271282]]]}, "properties" : {"grid_id" : 16, "hotspot_class" : "Cold Spot"}}, {"type" : "Feature", "geometry" : {"type":"Polygon","coordinates":[[[-77.872095338,39.10271282],[-77.872095338,39.137559578],[-77.827179574,39.137559578],[-77.827179574,39.10271282],[-77.872095338,39.10271282]]]}, "properties" : {"grid_id" : 17, "hotspot_class" : "Cold Spot"}}, {"type" : "Feature", "geometry" : {"type":"Polygon","coordinates":[[[-77.827179574,39.10271282],[-77.827179574,39.137559578],[-77.782263809,39.137559578],[-77.782263809,39.10271282],[-77.827179574,39.10271282]]]}, "properties" : {"grid_id" : 18, "hotspot_class" : "Cold Spot"}}, {"type" : "Feature", "geometry" : {"type":"Polygon","coordinates":[[[-77.827179574,39.137559578],[-77.827179574,39.172389099],[-77.782263809,39.172389099],[-77.782263809,39.137559578],[-77.827179574,39.137559578]]]}, "properties" : {"grid_id" : 19, "hotspot_class" : "Hot Spot"}}, {"type" : "Feature", "geometry" : {"type":"Polygon","coordinates":[[[-77.827179574,39.137559578],[-77.827179574,39.172389099],[-77.782263809,39.172389099],[-77.782263809,39.137559578],[-77.827179574,39.137559578]]]}, "properties" : {"grid_id" : 20, "hotspot_class" : "Hot Spot"}}, {"type" : "Feature", "geometry" : {"type":"Polygon","coordinates":[[[-77.827179574,39.137559578],[-77.827179574,39.172389099],[-77.782263809,39.172389099],[-77.782263809,39.137559578],[-77.827179574,39.137559578]]]}, "properties" : {"grid_id" : 21, "hotspot_class" : "Hot Spot"}}, {"type" : "Feature", "geometry" : {"type":"Polygon","coordinates":[[[-77.781670921,38.762453715],[-77.781670921,38.797468115],[-77.736755157,38.797468115],[-77.736755157,38.762453715],[-77.781670921,38.762453715]]]}, "properties" : {"grid_id" : 22, "hotspot_class" : "Cold Spot"}}, {"type" : "Feature", "geometry" : {"type":"Polygon","coordinates":[[[-77.736755157,38.762453715],[-77.736755157,38.797468115],[-77.691839393,38.797468115],[-77.691839393,38.762453715],[-77.736755157,38.762453715]]]}, "properties" : {"grid_id" : 23, "hotspot_class" : "Cold Spot"}}, {"type" : "Feature", "geometry" : {"type":"Polygon","coordinates":[[[-77.736755157,38.762453715],[-77.736755157,38.797468115],[-77.691839393,38.797468115],[-77.691839393,38.762453715],[-77.736755157,38.762453715]]]}, "properties" : {"grid_id" : 24, "hotspot_class" : "Cold Spot"}}, {"type" : "Feature", "geometry" : {"type":"Polygon","coordinates":[[[-77.691839393,38.762453715],[-77.691839393,38.797468115],[-77.646923629,38.797468115],[-77.646923629,38.762453715],[-77.691839393,38.762453715]]]}, "properties" : {"grid_id" : 25, "hotspot_class" : "Neutral"}}, {"type" : "Feature", "geometry" : {"type":"Polygon","coordinates":[[[-77.781670921,38.762453715],[-77.781670921,38.797468115],[-77.736755157,38.797468115],[-77.736755157,38.762453715],[-77.781670921,38.762453715]]]}, "properties" : {"grid_id" : 26, "hotspot_class" : "Cold Spot"}}, {"type" : "Feature", "geometry" : {"type":"Polygon","coordinates":[[[-77.736755157,38.762453715],[-77.736755157,38.797468115],[-77.691839393,38.797468115],[-77.691839393,38.762453715],[-77.736755157,38.762453715]]]}, "properties" : {"grid_id" : 27, "hotspot_class" : "Cold Spot"}}, {"type" : "Feature", "geometry" : {"type":"Polygon","coordinates":[[[-77.691839393,38.762453715],[-77.691839393,38.797468115],[-77.646923629,38.797468115],[-77.646923629,38.762453715],[-77.691839393,38.762453715]]]}, "properties" : {"grid_id" : 28, "hotspot_class" : "Neutral"}}, {"type" : "Feature", "geometry" : {"type":"Polygon","coordinates":[[[-77.691839393,38.762453715],[-77.691839393,38.797468115],[-77.646923629,38.797468115],[-77.646923629,38.762453715],[-77.691839393,38.762453715]]]}, "properties" : {"grid_id" : 29, "hotspot_class" : "Neutral"}}, {"type" : "Feature", "geometry" : {"type":"Polygon","coordinates":[[[-77.781670921,38.762453715],[-77.781670921,38.797468115],[-77.736755157,38.797468115],[-77.736755157,38.762453715],[-77.781670921,38.762453715]]]}, "properties" : {"grid_id" : 30, "hotspot_class" : "Cold Spot"}}, {"type" : "Feature", "geometry" : {"type":"Polygon","coordinates":[[[-77.781670921,38.797468115],[-77.781670921,38.832465321],[-77.736755157,38.832465321],[-77.736755157,38.797468115],[-77.781670921,38.797468115]]]}, "properties" : {"grid_id" : 31, "hotspot_class" : "Neutral"}}, {"type" : "Feature", "geometry" : {"type":"Polygon","coordinates":[[[-77.736755157,38.797468115],[-77.736755157,38.832465321],[-77.691839393,38.832465321],[-77.691839393,38.797468115],[-77.736755157,38.797468115]]]}, "properties" : {"grid_id" : 32, "hotspot_class" : "Neutral"}}, {"type" : "Feature", "geometry" : {"type":"Polygon","coordinates":[[[-77.691839393,38.797468115],[-77.691839393,38.832465321],[-77.646923629,38.832465321],[-77.646923629,38.797468115],[-77.691839393,38.797468115]]]}, "properties" : {"grid_id" : 33, "hotspot_class" : "Hot Spot"}}, {"type" : "Feature", "geometry" : {"type":"Polygon","coordinates":[[[-77.736755157,38.797468115],[-77.736755157,38.832465321],[-77.691839393,38.832465321],[-77.691839393,38.797468115],[-77.736755157,38.797468115]]]}, "properties" : {"grid_id" : 34, "hotspot_class" : "Neutral"}}, {"type" : "Feature", "geometry" : {"type":"Polygon","coordinates":[[[-77.691839393,38.797468115],[-77.691839393,38.832465321],[-77.646923629,38.832465321],[-77.646923629,38.797468115],[-77.691839393,38.797468115]]]}, "properties" : {"grid_id" : 35, "hotspot_class" : "Hot Spot"}}, {"type" : "Feature", "geometry" : {"type":"Polygon","coordinates":[[[-77.691839393,38.797468115],[-77.691839393,38.832465321],[-77.646923629,38.832465321],[-77.646923629,38.797468115],[-77.691839393,38.797468115]]]}, "properties" : {"grid_id" : 36, "hotspot_class" : "Hot Spot"}}, {"type" : "Feature", "geometry" : {"type":"Polygon","coordinates":[[[-77.781670921,38.797468115],[-77.781670921,38.832465321],[-77.736755157,38.832465321],[-77.736755157,38.797468115],[-77.781670921,38.797468115]]]}, "properties" : {"grid_id" : 37, "hotspot_class" : "Neutral"}}, {"type" : "Feature", "geometry" : {"type":"Polygon","coordinates":[[[-77.736755157,38.797468115],[-77.736755157,38.832465321],[-77.691839393,38.832465321],[-77.691839393,38.797468115],[-77.736755157,38.797468115]]]}, "properties" : {"grid_id" : 38, "hotspot_class" : "Neutral"}}, {"type" : "Feature", "geometry" : {"type":"Polygon","coordinates":[[[-77.781670921,38.832465321],[-77.781670921,38.867445328],[-77.736755157,38.867445328],[-77.736755157,38.832465321],[-77.781670921,38.832465321]]]}, "properties" : {"grid_id" : 39, "hotspot_class" : "Cold Spot"}}, {"type" : "Feature", "geometry" : {"type":"Polygon","coordinates":[[[-77.736755157,38.832465321],[-77.736755157,38.867445328],[-77.691839393,38.867445328],[-77.691839393,38.832465321],[-77.736755157,38.832465321]]]}, "properties" : {"grid_id" : 40, "hotspot_class" : "Cold Spot"}}, {"type" : "Feature", "geometry" : {"type":"Polygon","coordinates":[[[-77.691839393,38.832465321],[-77.691839393,38.867445328],[-77.646923629,38.867445328],[-77.646923629,38.832465321],[-77.691839393,38.832465321]]]}, "properties" : {"grid_id" : 41, "hotspot_class" : "Hot Spot"}}, {"type" : "Feature", "geometry" : {"type":"Polygon","coordinates":[[[-77.736755157,38.832465321],[-77.736755157,38.867445328],[-77.691839393,38.867445328],[-77.691839393,38.832465321],[-77.736755157,38.832465321]]]}, "properties" : {"grid_id" : 42, "hotspot_class" : "Cold Spot"}}, {"type" : "Feature", "geometry" : {"type":"Polygon","coordinates":[[[-77.691839393,38.832465321],[-77.691839393,38.867445328],[-77.646923629,38.867445328],[-77.646923629,38.832465321],[-77.691839393,38.832465321]]]}, "properties" : {"grid_id" : 43, "hotspot_class" : "Hot Spot"}}, {"type" : "Feature", "geometry" : {"type":"Polygon","coordinates":[[[-77.781670921,38.832465321],[-77.781670921,38.867445328],[-77.736755157,38.867445328],[-77.736755157,38.832465321],[-77.781670921,38.832465321]]]}, "properties" : {"grid_id" : 44, "hotspot_class" : "Cold Spot"}}, {"type" : "Feature", "geometry" : {"type":"Polygon","coordinates":[[[-77.736755157,38.832465321],[-77.736755157,38.867445328],[-77.691839393,38.867445328],[-77.691839393,38.832465321],[-77.736755157,38.832465321]]]}, "properties" : {"grid_id" : 45, "hotspot_class" : "Cold Spot"}}, {"type" : "Feature", "geometry" : {"type":"Polygon","coordinates":[[[-77.545611631,38.918778791],[-77.545611631,38.953716325],[-77.500695867,38.953716325],[-77.500695867,38.918778791],[-77.545611631,38.918778791]]]}, "properties" : {"grid_id" : 46, "hotspot_class" : "Cold Spot"}}, {"type" : "Feature", "geometry" : {"type":"Polygon","coordinates":[[[-77.500695867,38.918778791],[-77.500695867,38.953716325],[-77.455780102,38.953716325],[-77.455780102,38.918778791],[-77.500695867,38.918778791]]]}, "properties" : {"grid_id" : 47, "hotspot_class" : "Cold Spot"}}, {"type" : "Feature", "geometry" : {"type":"Polygon","coordinates":[[[-77.545611631,38.918778791],[-77.545611631,38.953716325],[-77.500695867,38.953716325],[-77.500695867,38.918778791],[-77.545611631,38.918778791]]]}, "properties" : {"grid_id" : 48, "hotspot_class" : "Cold Spot"}}, {"type" : "Feature", "geometry" : {"type":"Polygon","coordinates":[[[-77.545611631,38.918778791],[-77.545611631,38.953716325],[-77.500695867,38.953716325],[-77.500695867,38.918778791],[-77.545611631,38.918778791]]]}, "properties" : {"grid_id" : 49, "hotspot_class" : "Cold Spot"}}, {"type" : "Feature", "geometry" : {"type":"Polygon","coordinates":[[[-77.500695867,38.918778791],[-77.500695867,38.953716325],[-77.455780102,38.953716325],[-77.455780102,38.918778791],[-77.500695867,38.918778791]]]}, "properties" : {"grid_id" : 50, "hotspot_class" : "Cold Spot"}}, {"type" : "Feature", "geometry" : {"type":"Polygon","coordinates":[[[-77.545611631,38.918778791],[-77.545611631,38.953716325],[-77.500695867,38.953716325],[-77.500695867,38.918778791],[-77.545611631,38.918778791]]]}, "properties" : {"grid_id" : 51, "hotspot_class" : "Cold Spot"}}, {"type" : "Feature", "geometry" : {"type":"Polygon","coordinates":[[[-77.500695867,38.918778791],[-77.500695867,38.953716325],[-77.455780102,38.953716325],[-77.455780102,38.918778791],[-77.500695867,38.918778791]]]}, "properties" : {"grid_id" : 52, "hotspot_class" : "Cold Spot"}}, {"type" : "Feature", "geometry" : {"type":"Polygon","coordinates":[[[-77.455780102,38.918778791],[-77.455780102,38.953716325],[-77.410864338,38.953716325],[-77.410864338,38.918778791],[-77.455780102,38.918778791]]]}, "properties" : {"grid_id" : 53, "hotspot_class" : "Cold Spot"}}, {"type" : "Feature", "geometry" : {"type":"Polygon","coordinates":[[[-77.545611631,38.953716325],[-77.545611631,38.988636644],[-77.500695867,38.988636644],[-77.500695867,38.953716325],[-77.545611631,38.953716325]]]}, "properties" : {"grid_id" : 54, "hotspot_class" : "Hot Spot"}}, {"type" : "Feature", "geometry" : {"type":"Polygon","coordinates":[[[-77.500695867,38.953716325],[-77.500695867,38.988636644],[-77.455780102,38.988636644],[-77.455780102,38.953716325],[-77.500695867,38.953716325]]]}, "properties" : {"grid_id" : 55, "hotspot_class" : "Cold Spot"}}, {"type" : "Feature", "geometry" : {"type":"Polygon","coordinates":[[[-77.455780102,38.953716325],[-77.455780102,38.988636644],[-77.410864338,38.988636644],[-77.410864338,38.953716325],[-77.455780102,38.953716325]]]}, "properties" : {"grid_id" : 56, "hotspot_class" : "Neutral"}}, {"type" : "Feature", "geometry" : {"type":"Polygon","coordinates":[[[-77.410864338,38.953716325],[-77.410864338,38.988636644],[-77.365948574,38.988636644],[-77.365948574,38.953716325],[-77.410864338,38.953716325]]]}, "properties" : {"grid_id" : 57, "hotspot_class" : "Cold Spot"}}, {"type" : "Feature", "geometry" : {"type":"Polygon","coordinates":[[[-77.545611631,38.953716325],[-77.545611631,38.988636644],[-77.500695867,38.988636644],[-77.500695867,38.953716325],[-77.545611631,38.953716325]]]}, "properties" : {"grid_id" : 58, "hotspot_class" : "Hot Spot"}}, {"type" : "Feature", "geometry" : {"type":"Polygon","coordinates":[[[-77.500695867,38.953716325],[-77.500695867,38.988636644],[-77.455780102,38.988636644],[-77.455780102,38.953716325],[-77.500695867,38.953716325]]]}, "properties" : {"grid_id" : 59, "hotspot_class" : "Cold Spot"}}, {"type" : "Feature", "geometry" : {"type":"Polygon","coordinates":[[[-77.545611631,38.953716325],[-77.545611631,38.988636644],[-77.500695867,38.988636644],[-77.500695867,38.953716325],[-77.545611631,38.953716325]]]}, "properties" : {"grid_id" : 60, "hotspot_class" : "Hot Spot"}}, {"type" : "Feature", "geometry" : {"type":"Polygon","coordinates":[[[-77.455780102,38.953716325],[-77.455780102,38.988636644],[-77.410864338,38.988636644],[-77.410864338,38.953716325],[-77.455780102,38.953716325]]]}, "properties" : {"grid_id" : 61, "hotspot_class" : "Neutral"}}, {"type" : "Feature", "geometry" : {"type":"Polygon","coordinates":[[[-77.545611631,38.953716325],[-77.545611631,38.988636644],[-77.500695867,38.988636644],[-77.500695867,38.953716325],[-77.545611631,38.953716325]]]}, "properties" : {"grid_id" : 62, "hotspot_class" : "Hot Spot"}}, {"type" : "Feature", "geometry" : {"type":"Polygon","coordinates":[[[-77.455780102,38.953716325],[-77.455780102,38.988636644],[-77.410864338,38.988636644],[-77.410864338,38.953716325],[-77.455780102,38.953716325]]]}, "properties" : {"grid_id" : 63, "hotspot_class" : "Neutral"}}, {"type" : "Feature", "geometry" : {"type":"Polygon","coordinates":[[[-77.455780102,38.953716325],[-77.455780102,38.988636644],[-77.410864338,38.988636644],[-77.410864338,38.953716325],[-77.455780102,38.953716325]]]}, "properties" : {"grid_id" : 64, "hotspot_class" : "Neutral"}}, {"type" : "Feature", "geometry" : {"type":"Polygon","coordinates":[[[-77.410864338,38.953716325],[-77.410864338,38.988636644],[-77.365948574,38.988636644],[-77.365948574,38.953716325],[-77.410864338,38.953716325]]]}, "properties" : {"grid_id" : 65, "hotspot_class" : "Cold Spot"}}, {"type" : "Feature", "geometry" : {"type":"Polygon","coordinates":[[[-77.500695867,38.988636644],[-77.500695867,39.023539744],[-77.455780102,39.023539744],[-77.455780102,38.988636644],[-77.500695867,38.988636644]]]}, "properties" : {"grid_id" : 66, "hotspot_class" : "Cold Spot"}}, {"type" : "Feature", "geometry" : {"type":"Polygon","coordinates":[[[-77.545611631,38.988636644],[-77.545611631,39.023539744],[-77.500695867,39.023539744],[-77.500695867,38.988636644],[-77.545611631,38.988636644]]]}, "properties" : {"grid_id" : 67, "hotspot_class" : "Cold Spot"}}, {"type" : "Feature", "geometry" : {"type":"Polygon","coordinates":[[[-77.545611631,38.988636644],[-77.545611631,39.023539744],[-77.500695867,39.023539744],[-77.500695867,38.988636644],[-77.545611631,38.988636644]]]}, "properties" : {"grid_id" : 68, "hotspot_class" : "Cold Spot"}}, {"type" : "Feature", "geometry" : {"type":"Polygon","coordinates":[[[-77.500695867,38.988636644],[-77.500695867,39.023539744],[-77.455780102,39.023539744],[-77.455780102,38.988636644],[-77.500695867,38.988636644]]]}, "properties" : {"grid_id" : 69, "hotspot_class" : "Cold Spot"}}, {"type" : "Feature", "geometry" : {"type":"Polygon","coordinates":[[[-77.455780102,38.988636644],[-77.455780102,39.023539744],[-77.410864338,39.023539744],[-77.410864338,38.988636644],[-77.455780102,38.988636644]]]}, "properties" : {"grid_id" : 70, "hotspot_class" : "Cold Spot"}}, {"type" : "Feature", "geometry" : {"type":"Polygon","coordinates":[[[-77.643545963,38.963942777],[-77.643545963,38.998858054],[-77.598630199,38.998858054],[-77.598630199,38.963942777],[-77.643545963,38.963942777]]]}, "properties" : {"grid_id" : 71, "hotspot_class" : "Neutral"}}, {"type" : "Feature", "geometry" : {"type":"Polygon","coordinates":[[[-77.598630199,38.963942777],[-77.598630199,38.998858054],[-77.553714435,38.998858054],[-77.553714435,38.963942777],[-77.598630199,38.963942777]]]}, "properties" : {"grid_id" : 72, "hotspot_class" : "Hot Spot"}}, {"type" : "Feature", "geometry" : {"type":"Polygon","coordinates":[[[-77.598630199,38.963942777],[-77.598630199,38.998858054],[-77.553714435,38.998858054],[-77.553714435,38.963942777],[-77.598630199,38.963942777]]]}, "properties" : {"grid_id" : 73, "hotspot_class" : "Hot Spot"}}, {"type" : "Feature", "geometry" : {"type":"Polygon","coordinates":[[[-77.553714435,38.963942777],[-77.553714435,38.998858054],[-77.508798671,38.998858054],[-77.508798671,38.963942777],[-77.553714435,38.963942777]]]}, "properties" : {"grid_id" : 74, "hotspot_class" : "Hot Spot"}}, {"type" : "Feature", "geometry" : {"type":"Polygon","coordinates":[[[-77.688461727,38.963942777],[-77.688461727,38.998858054],[-77.643545963,38.998858054],[-77.643545963,38.963942777],[-77.688461727,38.963942777]]]}, "properties" : {"grid_id" : 75, "hotspot_class" : "Cold Spot"}}, {"type" : "Feature", "geometry" : {"type":"Polygon","coordinates":[[[-77.688461727,38.963942777],[-77.688461727,38.998858054],[-77.643545963,38.998858054],[-77.643545963,38.963942777],[-77.688461727,38.963942777]]]}, "properties" : {"grid_id" : 76, "hotspot_class" : "Cold Spot"}}, {"type" : "Feature", "geometry" : {"type":"Polygon","coordinates":[[[-77.643545963,38.963942777],[-77.643545963,38.998858054],[-77.598630199,38.998858054],[-77.598630199,38.963942777],[-77.643545963,38.963942777]]]}, "properties" : {"grid_id" : 77, "hotspot_class" : "Neutral"}}, {"type" : "Feature", "geometry" : {"type":"Polygon","coordinates":[[[-77.598630199,38.963942777],[-77.598630199,38.998858054],[-77.553714435,38.998858054],[-77.553714435,38.963942777],[-77.598630199,38.963942777]]]}, "properties" : {"grid_id" : 78, "hotspot_class" : "Hot Spot"}}, {"type" : "Feature", "geometry" : {"type":"Polygon","coordinates":[[[-77.553714435,38.963942777],[-77.553714435,38.998858054],[-77.508798671,38.998858054],[-77.508798671,38.963942777],[-77.553714435,38.963942777]]]}, "properties" : {"grid_id" : 79, "hotspot_class" : "Hot Spot"}}, {"type" : "Feature", "geometry" : {"type":"Polygon","coordinates":[[[-77.688461727,38.998858054],[-77.688461727,39.033756112],[-77.643545963,39.033756112],[-77.643545963,38.998858054],[-77.688461727,38.998858054]]]}, "properties" : {"grid_id" : 80, "hotspot_class" : "Cold Spot"}}, {"type" : "Feature", "geometry" : {"type":"Polygon","coordinates":[[[-77.643545963,38.998858054],[-77.643545963,39.033756112],[-77.598630199,39.033756112],[-77.598630199,38.998858054],[-77.643545963,38.998858054]]]}, "properties" : {"grid_id" : 81, "hotspot_class" : "Cold Spot"}}, {"type" : "Feature", "geometry" : {"type":"Polygon","coordinates":[[[-77.598630199,38.998858054],[-77.598630199,39.033756112],[-77.553714435,39.033756112],[-77.553714435,38.998858054],[-77.598630199,38.998858054]]]}, "properties" : {"grid_id" : 82, "hotspot_class" : "Neutral"}}, {"type" : "Feature", "geometry" : {"type":"Polygon","coordinates":[[[-77.553714435,38.998858054],[-77.553714435,39.033756112],[-77.508798671,39.033756112],[-77.508798671,38.998858054],[-77.553714435,38.998858054]]]}, "properties" : {"grid_id" : 83, "hotspot_class" : "Neutral"}}, {"type" : "Feature", "geometry" : {"type":"Polygon","coordinates":[[[-77.598630199,38.998858054],[-77.598630199,39.033756112],[-77.553714435,39.033756112],[-77.553714435,38.998858054],[-77.598630199,38.998858054]]]}, "properties" : {"grid_id" : 84, "hotspot_class" : "Neutral"}}, {"type" : "Feature", "geometry" : {"type":"Polygon","coordinates":[[[-77.553714435,38.998858054],[-77.553714435,39.033756112],[-77.508798671,39.033756112],[-77.508798671,38.998858054],[-77.553714435,38.998858054]]]}, "properties" : {"grid_id" : 85, "hotspot_class" : "Neutral"}}, {"type" : "Feature", "geometry" : {"type":"Polygon","coordinates":[[[-77.688461727,38.998858054],[-77.688461727,39.033756112],[-77.643545963,39.033756112],[-77.643545963,38.998858054],[-77.688461727,38.998858054]]]}, "properties" : {"grid_id" : 86, "hotspot_class" : "Cold Spot"}}, {"type" : "Feature", "geometry" : {"type":"Polygon","coordinates":[[[-77.688461727,38.998858054],[-77.688461727,39.033756112],[-77.643545963,39.033756112],[-77.643545963,38.998858054],[-77.688461727,38.998858054]]]}, "properties" : {"grid_id" : 87, "hotspot_class" : "Cold Spot"}}, {"type" : "Feature", "geometry" : {"type":"Polygon","coordinates":[[[-77.643545963,38.998858054],[-77.643545963,39.033756112],[-77.598630199,39.033756112],[-77.598630199,38.998858054],[-77.643545963,38.998858054]]]}, "properties" : {"grid_id" : 88, "hotspot_class" : "Cold Spot"}}, {"type" : "Feature", "geometry" : {"type":"Polygon","coordinates":[[[-77.688461727,39.033756112],[-77.688461727,39.068636944],[-77.643545963,39.068636944],[-77.643545963,39.033756112],[-77.688461727,39.033756112]]]}, "properties" : {"grid_id" : 89, "hotspot_class" : "Neutral"}}, {"type" : "Feature", "geometry" : {"type":"Polygon","coordinates":[[[-77.643545963,39.033756112],[-77.643545963,39.068636944],[-77.598630199,39.068636944],[-77.598630199,39.033756112],[-77.643545963,39.033756112]]]}, "properties" : {"grid_id" : 90, "hotspot_class" : "Neutral"}}, {"type" : "Feature", "geometry" : {"type":"Polygon","coordinates":[[[-77.598630199,39.033756112],[-77.598630199,39.068636944],[-77.553714435,39.068636944],[-77.553714435,39.033756112],[-77.598630199,39.033756112]]]}, "properties" : {"grid_id" : 91, "hotspot_class" : "Neutral"}}, {"type" : "Feature", "geometry" : {"type":"Polygon","coordinates":[[[-77.553714435,39.033756112],[-77.553714435,39.068636944],[-77.508798671,39.068636944],[-77.508798671,39.033756112],[-77.553714435,39.033756112]]]}, "properties" : {"grid_id" : 92, "hotspot_class" : "Cold Spot"}}, {"type" : "Feature", "geometry" : {"type":"Polygon","coordinates":[[[-77.553714435,39.033756112],[-77.553714435,39.068636944],[-77.508798671,39.068636944],[-77.508798671,39.033756112],[-77.553714435,39.033756112]]]}, "properties" : {"grid_id" : 93, "hotspot_class" : "Cold Spot"}}, {"type" : "Feature", "geometry" : {"type":"Polygon","coordinates":[[[-77.688461727,39.033756112],[-77.688461727,39.068636944],[-77.643545963,39.068636944],[-77.643545963,39.033756112],[-77.688461727,39.033756112]]]}, "properties" : {"grid_id" : 94, "hotspot_class" : "Neutral"}}, {"type" : "Feature", "geometry" : {"type":"Polygon","coordinates":[[[-77.553714435,39.033756112],[-77.553714435,39.068636944],[-77.508798671,39.068636944],[-77.508798671,39.033756112],[-77.553714435,39.033756112]]]}, "properties" : {"grid_id" : 95, "hotspot_class" : "Cold Spot"}}, {"type" : "Feature", "geometry" : {"type":"Polygon","coordinates":[[[-77.688461727,39.033756112],[-77.688461727,39.068636944],[-77.643545963,39.068636944],[-77.643545963,39.033756112],[-77.688461727,39.033756112]]]}, "properties" : {"grid_id" : 96, "hotspot_class" : "Neutral"}}, {"type" : "Feature", "geometry" : {"type":"Polygon","coordinates":[[[-77.643545963,39.033756112],[-77.643545963,39.068636944],[-77.598630199,39.068636944],[-77.598630199,39.033756112],[-77.643545963,39.033756112]]]}, "properties" : {"grid_id" : 97, "hotspot_class" : "Neutral"}}, {"type" : "Feature", "geometry" : {"type":"Polygon","coordinates":[[[-77.688461727,39.068636944],[-77.688461727,39.103500547],[-77.643545963,39.103500547],[-77.643545963,39.068636944],[-77.688461727,39.068636944]]]}, "properties" : {"grid_id" : 98, "hotspot_class" : "Neutral"}}, {"type" : "Feature", "geometry" : {"type":"Polygon","coordinates":[[[-77.643545963,39.068636944],[-77.643545963,39.103500547],[-77.598630199,39.103500547],[-77.598630199,39.068636944],[-77.643545963,39.068636944]]]}, "properties" : {"grid_id" : 99, "hotspot_class" : "Neutral"}}, {"type" : "Feature", "geometry" : {"type":"Polygon","coordinates":[[[-77.598630199,39.068636944],[-77.598630199,39.103500547],[-77.553714435,39.103500547],[-77.553714435,39.068636944],[-77.598630199,39.068636944]]]}, "properties" : {"grid_id" : 100, "hotspot_class" : "Neutral"}}, {"type" : "Feature", "geometry" : {"type":"Polygon","coordinates":[[[-77.553714435,39.068636944],[-77.553714435,39.103500547],[-77.508798671,39.103500547],[-77.508798671,39.068636944],[-77.553714435,39.068636944]]]}, "properties" : {"grid_id" : 101, "hotspot_class" : "Neutral"}}, {"type" : "Feature", "geometry" : {"type":"Polygon","coordinates":[[[-77.688461727,39.068636944],[-77.688461727,39.103500547],[-77.643545963,39.103500547],[-77.643545963,39.068636944],[-77.688461727,39.068636944]]]}, "properties" : {"grid_id" : 102, "hotspot_class" : "Neutral"}}, {"type" : "Feature", "geometry" : {"type":"Polygon","coordinates":[[[-77.688461727,39.103500547],[-77.688461727,39.138346916],[-77.643545963,39.138346916],[-77.643545963,39.103500547],[-77.688461727,39.103500547]]]}, "properties" : {"grid_id" : 103, "hotspot_class" : "Cold Spot"}}, {"type" : "Feature", "geometry" : {"type":"Polygon","coordinates":[[[-77.643545963,39.103500547],[-77.643545963,39.138346916],[-77.598630199,39.138346916],[-77.598630199,39.103500547],[-77.643545963,39.103500547]]]}, "properties" : {"grid_id" : 104, "hotspot_class" : "Hot Spot"}}, {"type" : "Feature", "geometry" : {"type":"Polygon","coordinates":[[[-77.598630199,39.103500547],[-77.598630199,39.138346916],[-77.553714435,39.138346916],[-77.553714435,39.103500547],[-77.598630199,39.103500547]]]}, "properties" : {"grid_id" : 105, "hotspot_class" : "Cold Spot"}}, {"type" : "Feature", "geometry" : {"type":"Polygon","coordinates":[[[-77.688461727,39.103500547],[-77.688461727,39.138346916],[-77.643545963,39.138346916],[-77.643545963,39.103500547],[-77.688461727,39.103500547]]]}, "properties" : {"grid_id" : 106, "hotspot_class" : "Cold Spot"}}, {"type" : "Feature", "geometry" : {"type":"Polygon","coordinates":[[[-77.643545963,39.103500547],[-77.643545963,39.138346916],[-77.598630199,39.138346916],[-77.598630199,39.103500547],[-77.643545963,39.103500547]]]}, "properties" : {"grid_id" : 107, "hotspot_class" : "Hot Spot"}}, {"type" : "Feature", "geometry" : {"type":"Polygon","coordinates":[[[-77.634742473,38.385316319],[-77.634742473,38.420515088],[-77.589826709,38.420515088],[-77.589826709,38.385316319],[-77.634742473,38.385316319]]]}, "properties" : {"grid_id" : 108, "hotspot_class" : "Neutral"}}, {"type" : "Feature", "geometry" : {"type":"Polygon","coordinates":[[[-77.634742473,38.385316319],[-77.634742473,38.420515088],[-77.589826709,38.420515088],[-77.589826709,38.385316319],[-77.634742473,38.385316319]]]}, "properties" : {"grid_id" : 109, "hotspot_class" : "Neutral"}}, {"type" : "Feature", "geometry" : {"type":"Polygon","coordinates":[[[-77.445898634,38.596174462],[-77.445898634,38.631270337],[-77.40098287,38.631270337],[-77.40098287,38.596174462],[-77.445898634,38.596174462]]]}, "properties" : {"grid_id" : 110, "hotspot_class" : "Neutral"}}, {"type" : "Feature", "geometry" : {"type":"Polygon","coordinates":[[[-77.40098287,38.596174462],[-77.40098287,38.631270337],[-77.356067106,38.631270337],[-77.356067106,38.596174462],[-77.40098287,38.596174462]]]}, "properties" : {"grid_id" : 111, "hotspot_class" : "Hot Spot"}}, {"type" : "Feature", "geometry" : {"type":"Polygon","coordinates":[[[-77.490814399,38.596174462],[-77.490814399,38.631270337],[-77.445898634,38.631270337],[-77.445898634,38.596174462],[-77.490814399,38.596174462]]]}, "properties" : {"grid_id" : 112, "hotspot_class" : "Cold Spot"}}, {"type" : "Feature", "geometry" : {"type":"Polygon","coordinates":[[[-77.445898634,38.596174462],[-77.445898634,38.631270337],[-77.40098287,38.631270337],[-77.40098287,38.596174462],[-77.445898634,38.596174462]]]}, "properties" : {"grid_id" : 113, "hotspot_class" : "Neutral"}}, {"type" : "Feature", "geometry" : {"type":"Polygon","coordinates":[[[-77.40098287,38.596174462],[-77.40098287,38.631270337],[-77.356067106,38.631270337],[-77.356067106,38.596174462],[-77.40098287,38.596174462]]]}, "properties" : {"grid_id" : 114, "hotspot_class" : "Hot Spot"}}, {"type" : "Feature", "geometry" : {"type":"Polygon","coordinates":[[[-77.40098287,38.596174462],[-77.40098287,38.631270337],[-77.356067106,38.631270337],[-77.356067106,38.596174462],[-77.40098287,38.596174462]]]}, "properties" : {"grid_id" : 115, "hotspot_class" : "Hot Spot"}}, {"type" : "Feature", "geometry" : {"type":"Polygon","coordinates":[[[-77.490814399,38.596174462],[-77.490814399,38.631270337],[-77.445898634,38.631270337],[-77.445898634,38.596174462],[-77.490814399,38.596174462]]]}, "properties" : {"grid_id" : 116, "hotspot_class" : "Cold Spot"}}, {"type" : "Feature", "geometry" : {"type":"Polygon","coordinates":[[[-77.445898634,38.596174462],[-77.445898634,38.631270337],[-77.40098287,38.631270337],[-77.40098287,38.596174462],[-77.445898634,38.596174462]]]}, "properties" : {"grid_id" : 117, "hotspot_class" : "Neutral"}}, {"type" : "Feature", "geometry" : {"type":"Polygon","coordinates":[[[-77.445898634,38.596174462],[-77.445898634,38.631270337],[-77.40098287,38.631270337],[-77.40098287,38.596174462],[-77.445898634,38.596174462]]]}, "properties" : {"grid_id" : 118, "hotspot_class" : "Neutral"}}, {"type" : "Feature", "geometry" : {"type":"Polygon","coordinates":[[[-77.40098287,38.596174462],[-77.40098287,38.631270337],[-77.356067106,38.631270337],[-77.356067106,38.596174462],[-77.40098287,38.596174462]]]}, "properties" : {"grid_id" : 119, "hotspot_class" : "Hot Spot"}}, {"type" : "Feature", "geometry" : {"type":"Polygon","coordinates":[[[-77.490814399,38.631270337],[-77.490814399,38.666349041],[-77.445898634,38.666349041],[-77.445898634,38.631270337],[-77.490814399,38.631270337]]]}, "properties" : {"grid_id" : 120, "hotspot_class" : "Cold Spot"}}, {"type" : "Feature", "geometry" : {"type":"Polygon","coordinates":[[[-77.445898634,38.631270337],[-77.445898634,38.666349041],[-77.40098287,38.666349041],[-77.40098287,38.631270337],[-77.445898634,38.631270337]]]}, "properties" : {"grid_id" : 121, "hotspot_class" : "Neutral"}}, {"type" : "Feature", "geometry" : {"type":"Polygon","coordinates":[[[-77.40098287,38.631270337],[-77.40098287,38.666349041],[-77.356067106,38.666349041],[-77.356067106,38.631270337],[-77.40098287,38.631270337]]]}, "properties" : {"grid_id" : 122, "hotspot_class" : "Hot Spot"}}, {"type" : "Feature", "geometry" : {"type":"Polygon","coordinates":[[[-77.445898634,38.631270337],[-77.445898634,38.666349041],[-77.40098287,38.666349041],[-77.40098287,38.631270337],[-77.445898634,38.631270337]]]}, "properties" : {"grid_id" : 123, "hotspot_class" : "Neutral"}}, {"type" : "Feature", "geometry" : {"type":"Polygon","coordinates":[[[-77.40098287,38.631270337],[-77.40098287,38.666349041],[-77.356067106,38.666349041],[-77.356067106,38.631270337],[-77.40098287,38.631270337]]]}, "properties" : {"grid_id" : 124, "hotspot_class" : "Hot Spot"}}, {"type" : "Feature", "geometry" : {"type":"Polygon","coordinates":[[[-77.490814399,38.631270337],[-77.490814399,38.666349041],[-77.445898634,38.666349041],[-77.445898634,38.631270337],[-77.490814399,38.631270337]]]}, "properties" : {"grid_id" : 125, "hotspot_class" : "Cold Spot"}}, {"type" : "Feature", "geometry" : {"type":"Polygon","coordinates":[[[-77.445898634,38.631270337],[-77.445898634,38.666349041],[-77.40098287,38.666349041],[-77.40098287,38.631270337],[-77.445898634,38.631270337]]]}, "properties" : {"grid_id" : 126, "hotspot_class" : "Neutral"}}, {"type" : "Feature", "geometry" : {"type":"Polygon","coordinates":[[[-77.490814399,38.666349041],[-77.490814399,38.701410568],[-77.445898634,38.701410568],[-77.445898634,38.666349041],[-77.490814399,38.666349041]]]}, "properties" : {"grid_id" : 127, "hotspot_class" : "Neutral"}}, {"type" : "Feature", "geometry" : {"type":"Polygon","coordinates":[[[-77.445898634,38.666349041],[-77.445898634,38.701410568],[-77.40098287,38.701410568],[-77.40098287,38.666349041],[-77.445898634,38.666349041]]]}, "properties" : {"grid_id" : 128, "hotspot_class" : "Neutral"}}, {"type" : "Feature", "geometry" : {"type":"Polygon","coordinates":[[[-77.40098287,38.666349041],[-77.40098287,38.701410568],[-77.356067106,38.701410568],[-77.356067106,38.666349041],[-77.40098287,38.666349041]]]}, "properties" : {"grid_id" : 129, "hotspot_class" : "Neutral"}}, {"type" : "Feature", "geometry" : {"type":"Polygon","coordinates":[[[-77.445898634,38.666349041],[-77.445898634,38.701410568],[-77.40098287,38.701410568],[-77.40098287,38.666349041],[-77.445898634,38.666349041]]]}, "properties" : {"grid_id" : 130, "hotspot_class" : "Neutral"}}, {"type" : "Feature", "geometry" : {"type":"Polygon","coordinates":[[[-77.40098287,38.666349041],[-77.40098287,38.701410568],[-77.356067106,38.701410568],[-77.356067106,38.666349041],[-77.40098287,38.666349041]]]}, "properties" : {"grid_id" : 131, "hotspot_class" : "Neutral"}}, {"type" : "Feature", "geometry" : {"type":"Polygon","coordinates":[[[-77.490814399,38.666349041],[-77.490814399,38.701410568],[-77.445898634,38.701410568],[-77.445898634,38.666349041],[-77.490814399,38.666349041]]]}, "properties" : {"grid_id" : 132, "hotspot_class" : "Neutral"}}, {"type" : "Feature", "geometry" : {"type":"Polygon","coordinates":[[[-77.40098287,38.666349041],[-77.40098287,38.701410568],[-77.356067106,38.701410568],[-77.356067106,38.666349041],[-77.40098287,38.666349041]]]}, "properties" : {"grid_id" : 133, "hotspot_class" : "Neutral"}}, {"type" : "Feature", "geometry" : {"type":"Polygon","coordinates":[[[-77.490814399,38.666349041],[-77.490814399,38.701410568],[-77.445898634,38.701410568],[-77.445898634,38.666349041],[-77.490814399,38.666349041]]]}, "properties" : {"grid_id" : 134, "hotspot_class" : "Neutral"}}, {"type" : "Feature", "geometry" : {"type":"Polygon","coordinates":[[[-77.490814399,38.701410568],[-77.490814399,38.736454913],[-77.445898634,38.736454913],[-77.445898634,38.701410568],[-77.490814399,38.701410568]]]}, "properties" : {"grid_id" : 135, "hotspot_class" : "Cold Spot"}}, {"type" : "Feature", "geometry" : {"type":"Polygon","coordinates":[[[-77.445898634,38.701410568],[-77.445898634,38.736454913],[-77.40098287,38.736454913],[-77.40098287,38.701410568],[-77.445898634,38.701410568]]]}, "properties" : {"grid_id" : 136, "hotspot_class" : "Neutral"}}, {"type" : "Feature", "geometry" : {"type":"Polygon","coordinates":[[[-77.40098287,38.701410568],[-77.40098287,38.736454913],[-77.356067106,38.736454913],[-77.356067106,38.701410568],[-77.40098287,38.701410568]]]}, "properties" : {"grid_id" : 137, "hotspot_class" : "Cold Spot"}}, {"type" : "Feature", "geometry" : {"type":"Polygon","coordinates":[[[-77.490814399,38.701410568],[-77.490814399,38.736454913],[-77.445898634,38.736454913],[-77.445898634,38.701410568],[-77.490814399,38.701410568]]]}, "properties" : {"grid_id" : 138, "hotspot_class" : "Cold Spot"}}, {"type" : "Feature", "geometry" : {"type":"Polygon","coordinates":[[[-77.445898634,38.701410568],[-77.445898634,38.736454913],[-77.40098287,38.736454913],[-77.40098287,38.701410568],[-77.445898634,38.701410568]]]}, "properties" : {"grid_id" : 139, "hotspot_class" : "Neutral"}}, {"type" : "Feature", "geometry" : {"type":"Polygon","coordinates":[[[-77.40098287,38.701410568],[-77.40098287,38.736454913],[-77.356067106,38.736454913],[-77.356067106,38.701410568],[-77.40098287,38.701410568]]]}, "properties" : {"grid_id" : 140, "hotspot_class" : "Cold Spot"}}, {"type" : "Feature", "geometry" : {"type":"Polygon","coordinates":[[[-77.828392299,39.048980225],[-77.828392299,39.083853539],[-77.783476535,39.083853539],[-77.783476535,39.048980225],[-77.828392299,39.048980225]]]}, "properties" : {"grid_id" : 141, "hotspot_class" : "Hot Spot"}}, {"type" : "Feature", "geometry" : {"type":"Polygon","coordinates":[[[-77.828392299,39.048980225],[-77.828392299,39.083853539],[-77.783476535,39.083853539],[-77.783476535,39.048980225],[-77.828392299,39.048980225]]]}, "properties" : {"grid_id" : 142, "hotspot_class" : "Hot Spot"}}, {"type" : "Feature", "geometry" : {"type":"Polygon","coordinates":[[[-77.783476535,39.048980225],[-77.783476535,39.083853539],[-77.738560771,39.083853539],[-77.738560771,39.048980225],[-77.783476535,39.048980225]]]}, "properties" : {"grid_id" : 143, "hotspot_class" : "Neutral"}}, {"type" : "Feature", "geometry" : {"type":"Polygon","coordinates":[[[-77.828392299,39.048980225],[-77.828392299,39.083853539],[-77.783476535,39.083853539],[-77.783476535,39.048980225],[-77.828392299,39.048980225]]]}, "properties" : {"grid_id" : 144, "hotspot_class" : "Hot Spot"}}, {"type" : "Feature", "geometry" : {"type":"Polygon","coordinates":[[[-77.783476535,39.048980225],[-77.783476535,39.083853539],[-77.738560771,39.083853539],[-77.738560771,39.048980225],[-77.783476535,39.048980225]]]}, "properties" : {"grid_id" : 145, "hotspot_class" : "Neutral"}}, {"type" : "Feature", "geometry" : {"type":"Polygon","coordinates":[[[-77.828392299,39.083853539],[-77.828392299,39.118709622],[-77.783476535,39.118709622],[-77.783476535,39.083853539],[-77.828392299,39.083853539]]]}, "properties" : {"grid_id" : 146, "hotspot_class" : "Cold Spot"}}, {"type" : "Feature", "geometry" : {"type":"Polygon","coordinates":[[[-77.828392299,39.083853539],[-77.828392299,39.118709622],[-77.783476535,39.118709622],[-77.783476535,39.083853539],[-77.828392299,39.083853539]]]}, "properties" : {"grid_id" : 147, "hotspot_class" : "Cold Spot"}}, {"type" : "Feature", "geometry" : {"type":"Polygon","coordinates":[[[-77.783476535,39.083853539],[-77.783476535,39.118709622],[-77.738560771,39.118709622],[-77.738560771,39.083853539],[-77.783476535,39.083853539]]]}, "properties" : {"grid_id" : 148, "hotspot_class" : "Cold Spot"}}, {"type" : "Feature", "geometry" : {"type":"Polygon","coordinates":[[[-77.828392299,39.083853539],[-77.828392299,39.118709622],[-77.783476535,39.118709622],[-77.783476535,39.083853539],[-77.828392299,39.083853539]]]}, "properties" : {"grid_id" : 149, "hotspot_class" : "Cold Spot"}}, {"type" : "Feature", "geometry" : {"type":"Polygon","coordinates":[[[-77.783476535,39.083853539],[-77.783476535,39.118709622],[-77.738560771,39.118709622],[-77.738560771,39.083853539],[-77.783476535,39.083853539]]]}, "properties" : {"grid_id" : 150, "hotspot_class" : "Cold Spot"}}, {"type" : "Feature", "geometry" : {"type":"Polygon","coordinates":[[[-77.828392299,39.118709622],[-77.828392299,39.153548469],[-77.783476535,39.153548469],[-77.783476535,39.118709622],[-77.828392299,39.118709622]]]}, "properties" : {"grid_id" : 151, "hotspot_class" : "Hot Spot"}}, {"type" : "Feature", "geometry" : {"type":"Polygon","coordinates":[[[-77.828392299,39.118709622],[-77.828392299,39.153548469],[-77.783476535,39.153548469],[-77.783476535,39.118709622],[-77.828392299,39.118709622]]]}, "properties" : {"grid_id" : 152, "hotspot_class" : "Hot Spot"}}, {"type" : "Feature", "geometry" : {"type":"Polygon","coordinates":[[[-77.783476535,39.118709622],[-77.783476535,39.153548469],[-77.738560771,39.153548469],[-77.738560771,39.118709622],[-77.783476535,39.118709622]]]}, "properties" : {"grid_id" : 153, "hotspot_class" : "Cold Spot"}}, {"type" : "Feature", "geometry" : {"type":"Polygon","coordinates":[[[-77.828392299,39.118709622],[-77.828392299,39.153548469],[-77.783476535,39.153548469],[-77.783476535,39.118709622],[-77.828392299,39.118709622]]]}, "properties" : {"grid_id" : 154, "hotspot_class" : "Hot Spot"}}, {"type" : "Feature", "geometry" : {"type":"Polygon","coordinates":[[[-77.828392299,39.153548469],[-77.828392299,39.188370075],[-77.783476535,39.188370075],[-77.783476535,39.153548469],[-77.828392299,39.153548469]]]}, "properties" : {"grid_id" : 155, "hotspot_class" : "Hot Spot"}}, {"type" : "Feature", "geometry" : {"type":"Polygon","coordinates":[[[-77.783476535,39.153548469],[-77.783476535,39.188370075],[-77.738560771,39.188370075],[-77.738560771,39.153548469],[-77.783476535,39.153548469]]]}, "properties" : {"grid_id" : 156, "hotspot_class" : "Neutral"}}, {"type" : "Feature", "geometry" : {"type":"Polygon","coordinates":[[[-77.828392299,39.153548469],[-77.828392299,39.188370075],[-77.783476535,39.188370075],[-77.783476535,39.153548469],[-77.828392299,39.153548469]]]}, "properties" : {"grid_id" : 157, "hotspot_class" : "Hot Spot"}}, {"type" : "Feature", "geometry" : {"type":"Polygon","coordinates":[[[-77.783476535,39.153548469],[-77.783476535,39.188370075],[-77.738560771,39.188370075],[-77.738560771,39.153548469],[-77.783476535,39.153548469]]]}, "properties" : {"grid_id" : 158, "hotspot_class" : "Neutral"}}, {"type" : "Feature", "geometry" : {"type":"Polygon","coordinates":[[[-77.828392299,39.153548469],[-77.828392299,39.188370075],[-77.783476535,39.188370075],[-77.783476535,39.153548469],[-77.828392299,39.153548469]]]}, "properties" : {"grid_id" : 159, "hotspot_class" : "Hot Spot"}}, {"type" : "Feature", "geometry" : {"type":"Polygon","coordinates":[[[-77.828392299,39.188370075],[-77.828392299,39.223174438],[-77.783476535,39.223174438],[-77.783476535,39.188370075],[-77.828392299,39.188370075]]]}, "properties" : {"grid_id" : 160, "hotspot_class" : "Cold Spot"}}, {"type" : "Feature", "geometry" : {"type":"Polygon","coordinates":[[[-77.828392299,39.188370075],[-77.828392299,39.223174438],[-77.783476535,39.223174438],[-77.783476535,39.188370075],[-77.828392299,39.188370075]]]}, "properties" : {"grid_id" : 161, "hotspot_class" : "Cold Spot"}}, {"type" : "Feature", "geometry" : {"type":"Polygon","coordinates":[[[-77.783476535,39.188370075],[-77.783476535,39.223174438],[-77.738560771,39.223174438],[-77.738560771,39.188370075],[-77.783476535,39.188370075]]]}, "properties" : {"grid_id" : 162, "hotspot_class" : "Neutral"}}, {"type" : "Feature", "geometry" : {"type":"Polygon","coordinates":[[[-77.828392299,39.188370075],[-77.828392299,39.223174438],[-77.783476535,39.223174438],[-77.783476535,39.188370075],[-77.828392299,39.188370075]]]}, "properties" : {"grid_id" : 163, "hotspot_class" : "Cold Spot"}}, {"type" : "Feature", "geometry" : {"type":"Polygon","coordinates":[[[-77.585892088,38.941657834],[-77.585892088,38.976584096],[-77.540976324,38.976584096],[-77.540976324,38.941657834],[-77.585892088,38.941657834]]]}, "properties" : {"grid_id" : 164, "hotspot_class" : "Neutral"}}, {"type" : "Feature", "geometry" : {"type":"Polygon","coordinates":[[[-77.540976324,38.941657834],[-77.540976324,38.976584096],[-77.49606056,38.976584096],[-77.49606056,38.941657834],[-77.540976324,38.941657834]]]}, "properties" : {"grid_id" : 165, "hotspot_class" : "Neutral"}}, {"type" : "Feature", "geometry" : {"type":"Polygon","coordinates":[[[-77.49606056,38.941657834],[-77.49606056,38.976584096],[-77.451144796,38.976584096],[-77.451144796,38.941657834],[-77.49606056,38.941657834]]]}, "properties" : {"grid_id" : 166, "hotspot_class" : "Cold Spot"}}, {"type" : "Feature", "geometry" : {"type":"Polygon","coordinates":[[[-77.585892088,38.941657834],[-77.585892088,38.976584096],[-77.540976324,38.976584096],[-77.540976324,38.941657834],[-77.585892088,38.941657834]]]}, "properties" : {"grid_id" : 167, "hotspot_class" : "Neutral"}}, {"type" : "Feature", "geometry" : {"type":"Polygon","coordinates":[[[-77.540976324,38.941657834],[-77.540976324,38.976584096],[-77.49606056,38.976584096],[-77.49606056,38.941657834],[-77.540976324,38.941657834]]]}, "properties" : {"grid_id" : 168, "hotspot_class" : "Neutral"}}, {"type" : "Feature", "geometry" : {"type":"Polygon","coordinates":[[[-77.540976324,38.941657834],[-77.540976324,38.976584096],[-77.49606056,38.976584096],[-77.49606056,38.941657834],[-77.540976324,38.941657834]]]}, "properties" : {"grid_id" : 169, "hotspot_class" : "Neutral"}}, {"type" : "Feature", "geometry" : {"type":"Polygon","coordinates":[[[-77.585892088,38.941657834],[-77.585892088,38.976584096],[-77.540976324,38.976584096],[-77.540976324,38.941657834],[-77.585892088,38.941657834]]]}, "properties" : {"grid_id" : 170, "hotspot_class" : "Neutral"}}, {"type" : "Feature", "geometry" : {"type":"Polygon","coordinates":[[[-77.540976324,38.941657834],[-77.540976324,38.976584096],[-77.49606056,38.976584096],[-77.49606056,38.941657834],[-77.540976324,38.941657834]]]}, "properties" : {"grid_id" : 171, "hotspot_class" : "Neutral"}}, {"type" : "Feature", "geometry" : {"type":"Polygon","coordinates":[[[-77.540976324,38.976584096],[-77.540976324,39.01149314],[-77.49606056,39.01149314],[-77.49606056,38.976584096],[-77.540976324,38.976584096]]]}, "properties" : {"grid_id" : 172, "hotspot_class" : "Neutral"}}, {"type" : "Feature", "geometry" : {"type":"Polygon","coordinates":[[[-77.49606056,38.976584096],[-77.49606056,39.01149314],[-77.451144796,39.01149314],[-77.451144796,38.976584096],[-77.49606056,38.976584096]]]}, "properties" : {"grid_id" : 173, "hotspot_class" : "Cold Spot"}}, {"type" : "Feature", "geometry" : {"type":"Polygon","coordinates":[[[-77.585892088,38.976584096],[-77.585892088,39.01149314],[-77.540976324,39.01149314],[-77.540976324,38.976584096],[-77.585892088,38.976584096]]]}, "properties" : {"grid_id" : 174, "hotspot_class" : "Hot Spot"}}, {"type" : "Feature", "geometry" : {"type":"Polygon","coordinates":[[[-77.585892088,38.976584096],[-77.585892088,39.01149314],[-77.540976324,39.01149314],[-77.540976324,38.976584096],[-77.585892088,38.976584096]]]}, "properties" : {"grid_id" : 175, "hotspot_class" : "Hot Spot"}}, {"type" : "Feature", "geometry" : {"type":"Polygon","coordinates":[[[-77.540976324,38.976584096],[-77.540976324,39.01149314],[-77.49606056,39.01149314],[-77.49606056,38.976584096],[-77.540976324,38.976584096]]]}, "properties" : {"grid_id" : 176, "hotspot_class" : "Neutral"}}, {"type" : "Feature", "geometry" : {"type":"Polygon","coordinates":[[[-77.49606056,38.976584096],[-77.49606056,39.01149314],[-77.451144796,39.01149314],[-77.451144796,38.976584096],[-77.49606056,38.976584096]]]}, "properties" : {"grid_id" : 177, "hotspot_class" : "Cold Spot"}}, {"type" : "Feature", "geometry" : {"type":"Polygon","coordinates":[[[-77.585892088,38.976584096],[-77.585892088,39.01149314],[-77.540976324,39.01149314],[-77.540976324,38.976584096],[-77.585892088,38.976584096]]]}, "properties" : {"grid_id" : 178, "hotspot_class" : "Hot Spot"}}, {"type" : "Feature", "geometry" : {"type":"Polygon","coordinates":[[[-77.585892088,39.01149314],[-77.585892088,39.046384962],[-77.540976324,39.046384962],[-77.540976324,39.01149314],[-77.585892088,39.01149314]]]}, "properties" : {"grid_id" : 179, "hotspot_class" : "Neutral"}}, {"type" : "Feature", "geometry" : {"type":"Polygon","coordinates":[[[-77.540976324,39.01149314],[-77.540976324,39.046384962],[-77.49606056,39.046384962],[-77.49606056,39.01149314],[-77.540976324,39.01149314]]]}, "properties" : {"grid_id" : 180, "hotspot_class" : "Cold Spot"}}, {"type" : "Feature", "geometry" : {"type":"Polygon","coordinates":[[[-77.585892088,39.01149314],[-77.585892088,39.046384962],[-77.540976324,39.046384962],[-77.540976324,39.01149314],[-77.585892088,39.01149314]]]}, "properties" : {"grid_id" : 181, "hotspot_class" : "Neutral"}}, {"type" : "Feature", "geometry" : {"type":"Polygon","coordinates":[[[-77.540976324,39.01149314],[-77.540976324,39.046384962],[-77.49606056,39.046384962],[-77.49606056,39.01149314],[-77.540976324,39.01149314]]]}, "properties" : {"grid_id" : 182, "hotspot_class" : "Cold Spot"}}, {"type" : "Feature", "geometry" : {"type":"Polygon","coordinates":[[[-77.540976324,39.01149314],[-77.540976324,39.046384962],[-77.49606056,39.046384962],[-77.49606056,39.01149314],[-77.540976324,39.01149314]]]}, "properties" : {"grid_id" : 183, "hotspot_class" : "Cold Spot"}}, {"type" : "Feature", "geometry" : {"type":"Polygon","coordinates":[[[-77.67188781,39.1610505],[-77.67188781,39.195868392],[-77.626972046,39.195868392],[-77.626972046,39.1610505],[-77.67188781,39.1610505]]]}, "properties" : {"grid_id" : 184, "hotspot_class" : "Hot Spot"}}, {"type" : "Feature", "geometry" : {"type":"Polygon","coordinates":[[[-77.626972046,39.1610505],[-77.626972046,39.195868392],[-77.582056282,39.195868392],[-77.582056282,39.1610505],[-77.626972046,39.1610505]]]}, "properties" : {"grid_id" : 185, "hotspot_class" : "Cold Spot"}}, {"type" : "Feature", "geometry" : {"type":"Polygon","coordinates":[[[-77.67188781,39.1610505],[-77.67188781,39.195868392],[-77.626972046,39.195868392],[-77.626972046,39.1610505],[-77.67188781,39.1610505]]]}, "properties" : {"grid_id" : 186, "hotspot_class" : "Hot Spot"}}, {"type" : "Feature", "geometry" : {"type":"Polygon","coordinates":[[[-77.67188781,39.1610505],[-77.67188781,39.195868392],[-77.626972046,39.195868392],[-77.626972046,39.1610505],[-77.67188781,39.1610505]]]}, "properties" : {"grid_id" : 187, "hotspot_class" : "Hot Spot"}}, {"type" : "Feature", "geometry" : {"type":"Polygon","coordinates":[[[-77.626972046,39.1610505],[-77.626972046,39.195868392],[-77.582056282,39.195868392],[-77.582056282,39.1610505],[-77.626972046,39.1610505]]]}, "properties" : {"grid_id" : 188, "hotspot_class" : "Cold Spot"}}, {"type" : "Feature", "geometry" : {"type":"Polygon","coordinates":[[[-77.67188781,39.195868392],[-77.67188781,39.23066904],[-77.626972046,39.23066904],[-77.626972046,39.195868392],[-77.67188781,39.195868392]]]}, "properties" : {"grid_id" : 189, "hotspot_class" : "Neutral"}}, {"type" : "Feature", "geometry" : {"type":"Polygon","coordinates":[[[-77.626972046,39.195868392],[-77.626972046,39.23066904],[-77.582056282,39.23066904],[-77.582056282,39.195868392],[-77.626972046,39.195868392]]]}, "properties" : {"grid_id" : 190, "hotspot_class" : "Neutral"}}, {"type" : "Feature", "geometry" : {"type":"Polygon","coordinates":[[[-77.67188781,39.195868392],[-77.67188781,39.23066904],[-77.626972046,39.23066904],[-77.626972046,39.195868392],[-77.67188781,39.195868392]]]}, "properties" : {"grid_id" : 191, "hotspot_class" : "Neutral"}}, {"type" : "Feature", "geometry" : {"type":"Polygon","coordinates":[[[-77.67188781,39.195868392],[-77.67188781,39.23066904],[-77.626972046,39.23066904],[-77.626972046,39.195868392],[-77.67188781,39.195868392]]]}, "properties" : {"grid_id" : 192, "hotspot_class" : "Neutral"}}, {"type" : "Feature", "geometry" : {"type":"Polygon","coordinates":[[[-77.626972046,39.195868392],[-77.626972046,39.23066904],[-77.582056282,39.23066904],[-77.582056282,39.195868392],[-77.626972046,39.195868392]]]}, "properties" : {"grid_id" : 193, "hotspot_class" : "Neutral"}}, {"type" : "Feature", "geometry" : {"type":"Polygon","coordinates":[[[-77.626972046,39.195868392],[-77.626972046,39.23066904],[-77.582056282,39.23066904],[-77.582056282,39.195868392],[-77.626972046,39.195868392]]]}, "properties" : {"grid_id" : 194, "hotspot_class" : "Neutral"}}, {"type" : "Feature", "geometry" : {"type":"Polygon","coordinates":[[[-77.466038863,38.545943482],[-77.466038863,38.581063912],[-77.421123099,38.581063912],[-77.421123099,38.545943482],[-77.466038863,38.545943482]]]}, "properties" : {"grid_id" : 195, "hotspot_class" : "Cold Spot"}}, {"type" : "Feature", "geometry" : {"type":"Polygon","coordinates":[[[-77.421123099,38.545943482],[-77.421123099,38.581063912],[-77.376207335,38.581063912],[-77.376207335,38.545943482],[-77.421123099,38.545943482]]]}, "properties" : {"grid_id" : 196, "hotspot_class" : "Cold Spot"}}, {"type" : "Feature", "geometry" : {"type":"Polygon","coordinates":[[[-77.376207335,38.545943482],[-77.376207335,38.581063912],[-77.33129157,38.581063912],[-77.33129157,38.545943482],[-77.376207335,38.545943482]]]}, "properties" : {"grid_id" : 197, "hotspot_class" : "Cold Spot"}}, {"type" : "Feature", "geometry" : {"type":"Polygon","coordinates":[[[-77.466038863,38.545943482],[-77.466038863,38.581063912],[-77.421123099,38.581063912],[-77.421123099,38.545943482],[-77.466038863,38.545943482]]]}, "properties" : {"grid_id" : 198, "hotspot_class" : "Cold Spot"}}, {"type" : "Feature", "geometry" : {"type":"Polygon","coordinates":[[[-77.421123099,38.545943482],[-77.421123099,38.581063912],[-77.376207335,38.581063912],[-77.376207335,38.545943482],[-77.421123099,38.545943482]]]}, "properties" : {"grid_id" : 199, "hotspot_class" : "Cold Spot"}}, {"type" : "Feature", "geometry" : {"type":"Polygon","coordinates":[[[-77.376207335,38.545943482],[-77.376207335,38.581063912],[-77.33129157,38.581063912],[-77.33129157,38.545943482],[-77.376207335,38.545943482]]]}, "properties" : {"grid_id" : 200, "hotspot_class" : "Cold Spot"}}, {"type" : "Feature", "geometry" : {"type":"Polygon","coordinates":[[[-77.466038863,38.545943482],[-77.466038863,38.581063912],[-77.421123099,38.581063912],[-77.421123099,38.545943482],[-77.466038863,38.545943482]]]}, "properties" : {"grid_id" : 201, "hotspot_class" : "Cold Spot"}}, {"type" : "Feature", "geometry" : {"type":"Polygon","coordinates":[[[-77.376207335,38.545943482],[-77.376207335,38.581063912],[-77.33129157,38.581063912],[-77.33129157,38.545943482],[-77.376207335,38.545943482]]]}, "properties" : {"grid_id" : 202, "hotspot_class" : "Cold Spot"}}, {"type" : "Feature", "geometry" : {"type":"Polygon","coordinates":[[[-77.466038863,38.581063912],[-77.466038863,38.616167177],[-77.421123099,38.616167177],[-77.421123099,38.581063912],[-77.466038863,38.581063912]]]}, "properties" : {"grid_id" : 203, "hotspot_class" : "Cold Spot"}}, {"type" : "Feature", "geometry" : {"type":"Polygon","coordinates":[[[-77.421123099,38.581063912],[-77.421123099,38.616167177],[-77.376207335,38.616167177],[-77.376207335,38.581063912],[-77.421123099,38.581063912]]]}, "properties" : {"grid_id" : 204, "hotspot_class" : "Neutral"}}, {"type" : "Feature", "geometry" : {"type":"Polygon","coordinates":[[[-77.376207335,38.581063912],[-77.376207335,38.616167177],[-77.33129157,38.616167177],[-77.33129157,38.581063912],[-77.376207335,38.581063912]]]}, "properties" : {"grid_id" : 205, "hotspot_class" : "Hot Spot"}}, {"type" : "Feature", "geometry" : {"type":"Polygon","coordinates":[[[-77.466038863,38.581063912],[-77.466038863,38.616167177],[-77.421123099,38.616167177],[-77.421123099,38.581063912],[-77.466038863,38.581063912]]]}, "properties" : {"grid_id" : 206, "hotspot_class" : "Cold Spot"}}, {"type" : "Feature", "geometry" : {"type":"Polygon","coordinates":[[[-77.421123099,38.581063912],[-77.421123099,38.616167177],[-77.376207335,38.616167177],[-77.376207335,38.581063912],[-77.421123099,38.581063912]]]}, "properties" : {"grid_id" : 207, "hotspot_class" : "Neutral"}}, {"type" : "Feature", "geometry" : {"type":"Polygon","coordinates":[[[-77.376207335,38.581063912],[-77.376207335,38.616167177],[-77.33129157,38.616167177],[-77.33129157,38.581063912],[-77.376207335,38.581063912]]]}, "properties" : {"grid_id" : 208, "hotspot_class" : "Hot Spot"}}, {"type" : "Feature", "geometry" : {"type":"Polygon","coordinates":[[[-77.466038863,38.581063912],[-77.466038863,38.616167177],[-77.421123099,38.616167177],[-77.421123099,38.581063912],[-77.466038863,38.581063912]]]}, "properties" : {"grid_id" : 209, "hotspot_class" : "Cold Spot"}}, {"type" : "Feature", "geometry" : {"type":"Polygon","coordinates":[[[-77.376207335,38.581063912],[-77.376207335,38.616167177],[-77.33129157,38.616167177],[-77.33129157,38.581063912],[-77.376207335,38.581063912]]]}, "properties" : {"grid_id" : 210, "hotspot_class" : "Hot Spot"}}, {"type" : "Feature", "geometry" : {"type":"Polygon","coordinates":[[[-77.466038863,38.581063912],[-77.466038863,38.616167177],[-77.421123099,38.616167177],[-77.421123099,38.581063912],[-77.466038863,38.581063912]]]}, "properties" : {"grid_id" : 211, "hotspot_class" : "Cold Spot"}}, {"type" : "Feature", "geometry" : {"type":"Polygon","coordinates":[[[-77.421123099,38.581063912],[-77.421123099,38.616167177],[-77.376207335,38.616167177],[-77.376207335,38.581063912],[-77.421123099,38.581063912]]]}, "properties" : {"grid_id" : 212, "hotspot_class" : "Neutral"}}, {"type" : "Feature", "geometry" : {"type":"Polygon","coordinates":[[[-77.376207335,38.581063912],[-77.376207335,38.616167177],[-77.33129157,38.616167177],[-77.33129157,38.581063912],[-77.376207335,38.581063912]]]}, "properties" : {"grid_id" : 213, "hotspot_class" : "Hot Spot"}}, {"type" : "Feature", "geometry" : {"type":"Polygon","coordinates":[[[-77.466038863,38.616167177],[-77.466038863,38.651253272],[-77.421123099,38.651253272],[-77.421123099,38.616167177],[-77.466038863,38.616167177]]]}, "properties" : {"grid_id" : 214, "hotspot_class" : "Neutral"}}, {"type" : "Feature", "geometry" : {"type":"Polygon","coordinates":[[[-77.421123099,38.616167177],[-77.421123099,38.651253272],[-77.376207335,38.651253272],[-77.376207335,38.616167177],[-77.421123099,38.616167177]]]}, "properties" : {"grid_id" : 215, "hotspot_class" : "Neutral"}}, {"type" : "Feature", "geometry" : {"type":"Polygon","coordinates":[[[-77.376207335,38.616167177],[-77.376207335,38.651253272],[-77.33129157,38.651253272],[-77.33129157,38.616167177],[-77.376207335,38.616167177]]]}, "properties" : {"grid_id" : 216, "hotspot_class" : "Hot Spot"}}, {"type" : "Feature", "geometry" : {"type":"Polygon","coordinates":[[[-77.466038863,38.616167177],[-77.466038863,38.651253272],[-77.421123099,38.651253272],[-77.421123099,38.616167177],[-77.466038863,38.616167177]]]}, "properties" : {"grid_id" : 217, "hotspot_class" : "Neutral"}}, {"type" : "Feature", "geometry" : {"type":"Polygon","coordinates":[[[-77.421123099,38.616167177],[-77.421123099,38.651253272],[-77.376207335,38.651253272],[-77.376207335,38.616167177],[-77.421123099,38.616167177]]]}, "properties" : {"grid_id" : 218, "hotspot_class" : "Neutral"}}, {"type" : "Feature", "geometry" : {"type":"Polygon","coordinates":[[[-77.376207335,38.616167177],[-77.376207335,38.651253272],[-77.33129157,38.651253272],[-77.33129157,38.616167177],[-77.376207335,38.616167177]]]}, "properties" : {"grid_id" : 219, "hotspot_class" : "Hot Spot"}}, {"type" : "Feature", "geometry" : {"type":"Polygon","coordinates":[[[-77.466038863,38.616167177],[-77.466038863,38.651253272],[-77.421123099,38.651253272],[-77.421123099,38.616167177],[-77.466038863,38.616167177]]]}, "properties" : {"grid_id" : 220, "hotspot_class" : "Neutral"}}, {"type" : "Feature", "geometry" : {"type":"Polygon","coordinates":[[[-77.421123099,38.616167177],[-77.421123099,38.651253272],[-77.376207335,38.651253272],[-77.376207335,38.616167177],[-77.421123099,38.616167177]]]}, "properties" : {"grid_id" : 221, "hotspot_class" : "Neutral"}}, {"type" : "Feature", "geometry" : {"type":"Polygon","coordinates":[[[-77.376207335,38.616167177],[-77.376207335,38.651253272],[-77.33129157,38.651253272],[-77.33129157,38.616167177],[-77.376207335,38.616167177]]]}, "properties" : {"grid_id" : 222, "hotspot_class" : "Hot Spot"}}, {"type" : "Feature", "geometry" : {"type":"Polygon","coordinates":[[[-77.48346618,38.702371012],[-77.48346618,38.737414886],[-77.438550415,38.737414886],[-77.438550415,38.702371012],[-77.48346618,38.702371012]]]}, "properties" : {"grid_id" : 223, "hotspot_class" : "Cold Spot"}}, {"type" : "Feature", "geometry" : {"type":"Polygon","coordinates":[[[-77.438550415,38.702371012],[-77.438550415,38.737414886],[-77.393634651,38.737414886],[-77.393634651,38.702371012],[-77.438550415,38.702371012]]]}, "properties" : {"grid_id" : 224, "hotspot_class" : "Neutral"}}, {"type" : "Feature", "geometry" : {"type":"Polygon","coordinates":[[[-77.48346618,38.702371012],[-77.48346618,38.737414886],[-77.438550415,38.737414886],[-77.438550415,38.702371012],[-77.48346618,38.702371012]]]}, "properties" : {"grid_id" : 225, "hotspot_class" : "Cold Spot"}}, {"type" : "Feature", "geometry" : {"type":"Polygon","coordinates":[[[-77.438550415,38.702371012],[-77.438550415,38.737414886],[-77.393634651,38.737414886],[-77.393634651,38.702371012],[-77.438550415,38.702371012]]]}, "properties" : {"grid_id" : 226, "hotspot_class" : "Neutral"}}, {"type" : "Feature", "geometry" : {"type":"Polygon","coordinates":[[[-77.48346618,38.702371012],[-77.48346618,38.737414886],[-77.438550415,38.737414886],[-77.438550415,38.702371012],[-77.48346618,38.702371012]]]}, "properties" : {"grid_id" : 227, "hotspot_class" : "Cold Spot"}}, {"type" : "Feature", "geometry" : {"type":"Polygon","coordinates":[[[-77.48346618,38.737414886],[-77.48346618,38.772441574],[-77.438550415,38.772441574],[-77.438550415,38.737414886],[-77.48346618,38.737414886]]]}, "properties" : {"grid_id" : 228, "hotspot_class" : "Cold Spot"}}, {"type" : "Feature", "geometry" : {"type":"Polygon","coordinates":[[[-77.438550415,38.737414886],[-77.438550415,38.772441574],[-77.393634651,38.772441574],[-77.393634651,38.737414886],[-77.438550415,38.737414886]]]}, "properties" : {"grid_id" : 229, "hotspot_class" : "Neutral"}}, {"type" : "Feature", "geometry" : {"type":"Polygon","coordinates":[[[-77.438550415,38.737414886],[-77.438550415,38.772441574],[-77.393634651,38.772441574],[-77.393634651,38.737414886],[-77.438550415,38.737414886]]]}, "properties" : {"grid_id" : 230, "hotspot_class" : "Neutral"}}, {"type" : "Feature", "geometry" : {"type":"Polygon","coordinates":[[[-77.48346618,38.737414886],[-77.48346618,38.772441574],[-77.438550415,38.772441574],[-77.438550415,38.737414886],[-77.48346618,38.737414886]]]}, "properties" : {"grid_id" : 231, "hotspot_class" : "Cold Spot"}}, {"type" : "Feature", "geometry" : {"type":"Polygon","coordinates":[[[-77.48346618,38.772441574],[-77.48346618,38.807451071],[-77.438550415,38.807451071],[-77.438550415,38.772441574],[-77.48346618,38.772441574]]]}, "properties" : {"grid_id" : 232, "hotspot_class" : "Neutral"}}, {"type" : "Feature", "geometry" : {"type":"Polygon","coordinates":[[[-77.438550415,38.772441574],[-77.438550415,38.807451071],[-77.393634651,38.807451071],[-77.393634651,38.772441574],[-77.438550415,38.772441574]]]}, "properties" : {"grid_id" : 233, "hotspot_class" : "Hot Spot"}}, {"type" : "Feature", "geometry" : {"type":"Polygon","coordinates":[[[-77.438550415,38.772441574],[-77.438550415,38.807451071],[-77.393634651,38.807451071],[-77.393634651,38.772441574],[-77.438550415,38.772441574]]]}, "properties" : {"grid_id" : 234, "hotspot_class" : "Hot Spot"}}, {"type" : "Feature", "geometry" : {"type":"Polygon","coordinates":[[[-77.48346618,38.772441574],[-77.48346618,38.807451071],[-77.438550415,38.807451071],[-77.438550415,38.772441574],[-77.48346618,38.772441574]]]}, "properties" : {"grid_id" : 235, "hotspot_class" : "Neutral"}}, {"type" : "Feature", "geometry" : {"type":"Polygon","coordinates":[[[-77.438550415,38.772441574],[-77.438550415,38.807451071],[-77.393634651,38.807451071],[-77.393634651,38.772441574],[-77.438550415,38.772441574]]]}, "properties" : {"grid_id" : 236, "hotspot_class" : "Hot Spot"}}, {"type" : "Feature", "geometry" : {"type":"Polygon","coordinates":[[[-77.48346618,38.772441574],[-77.48346618,38.807451071],[-77.438550415,38.807451071],[-77.438550415,38.772441574],[-77.48346618,38.772441574]]]}, "properties" : {"grid_id" : 237, "hotspot_class" : "Neutral"}}, {"type" : "Feature", "geometry" : {"type":"Polygon","coordinates":[[[-77.48346618,38.772441574],[-77.48346618,38.807451071],[-77.438550415,38.807451071],[-77.438550415,38.772441574],[-77.48346618,38.772441574]]]}, "properties" : {"grid_id" : 238, "hotspot_class" : "Neutral"}}, {"type" : "Feature", "geometry" : {"type":"Polygon","coordinates":[[[-77.713174381,38.945996612],[-77.713174381,38.980920735],[-77.668258617,38.980920735],[-77.668258617,38.945996612],[-77.713174381,38.945996612]]]}, "properties" : {"grid_id" : 239, "hotspot_class" : "Cold Spot"}}, {"type" : "Feature", "geometry" : {"type":"Polygon","coordinates":[[[-77.668258617,38.945996612],[-77.668258617,38.980920735],[-77.623342852,38.980920735],[-77.623342852,38.945996612],[-77.668258617,38.945996612]]]}, "properties" : {"grid_id" : 240, "hotspot_class" : "Hot Spot"}}, {"type" : "Feature", "geometry" : {"type":"Polygon","coordinates":[[[-77.713174381,38.945996612],[-77.713174381,38.980920735],[-77.668258617,38.980920735],[-77.668258617,38.945996612],[-77.713174381,38.945996612]]]}, "properties" : {"grid_id" : 241, "hotspot_class" : "Cold Spot"}}, {"type" : "Feature", "geometry" : {"type":"Polygon","coordinates":[[[-77.668258617,38.945996612],[-77.668258617,38.980920735],[-77.623342852,38.980920735],[-77.623342852,38.945996612],[-77.668258617,38.945996612]]]}, "properties" : {"grid_id" : 242, "hotspot_class" : "Hot Spot"}}, {"type" : "Feature", "geometry" : {"type":"Polygon","coordinates":[[[-77.713174381,38.945996612],[-77.713174381,38.980920735],[-77.668258617,38.980920735],[-77.668258617,38.945996612],[-77.713174381,38.945996612]]]}, "properties" : {"grid_id" : 243, "hotspot_class" : "Cold Spot"}}, {"type" : "Feature", "geometry" : {"type":"Polygon","coordinates":[[[-77.713174381,38.980920735],[-77.713174381,39.015827641],[-77.668258617,39.015827641],[-77.668258617,38.980920735],[-77.713174381,38.980920735]]]}, "properties" : {"grid_id" : 244, "hotspot_class" : "Cold Spot"}}, {"type" : "Feature", "geometry" : {"type":"Polygon","coordinates":[[[-77.668258617,38.980920735],[-77.668258617,39.015827641],[-77.623342852,39.015827641],[-77.623342852,38.980920735],[-77.668258617,38.980920735]]]}, "properties" : {"grid_id" : 245, "hotspot_class" : "Hot Spot"}}, {"type" : "Feature", "geometry" : {"type":"Polygon","coordinates":[[[-77.713174381,38.980920735],[-77.713174381,39.015827641],[-77.668258617,39.015827641],[-77.668258617,38.980920735],[-77.713174381,38.980920735]]]}, "properties" : {"grid_id" : 246, "hotspot_class" : "Cold Spot"}}, {"type" : "Feature", "geometry" : {"type":"Polygon","coordinates":[[[-77.668258617,38.980920735],[-77.668258617,39.015827641],[-77.623342852,39.015827641],[-77.623342852,38.980920735],[-77.668258617,38.980920735]]]}, "properties" : {"grid_id" : 247, "hotspot_class" : "Hot Spot"}}, {"type" : "Feature", "geometry" : {"type":"Polygon","coordinates":[[[-77.713174381,39.015827641],[-77.713174381,39.050717324],[-77.668258617,39.050717324],[-77.668258617,39.015827641],[-77.713174381,39.015827641]]]}, "properties" : {"grid_id" : 248, "hotspot_class" : "Neutral"}}, {"type" : "Feature", "geometry" : {"type":"Polygon","coordinates":[[[-77.668258617,39.015827641],[-77.668258617,39.050717324],[-77.623342852,39.050717324],[-77.623342852,39.015827641],[-77.668258617,39.015827641]]]}, "properties" : {"grid_id" : 249, "hotspot_class" : "Neutral"}}, {"type" : "Feature", "geometry" : {"type":"Polygon","coordinates":[[[-77.713174381,39.015827641],[-77.713174381,39.050717324],[-77.668258617,39.050717324],[-77.668258617,39.015827641],[-77.713174381,39.015827641]]]}, "properties" : {"grid_id" : 250, "hotspot_class" : "Neutral"}}, {"type" : "Feature", "geometry" : {"type":"Polygon","coordinates":[[[-77.668258617,39.015827641],[-77.668258617,39.050717324],[-77.623342852,39.050717324],[-77.623342852,39.015827641],[-77.668258617,39.015827641]]]}, "properties" : {"grid_id" : 251, "hotspot_class" : "Neutral"}}, {"type" : "Feature", "geometry" : {"type":"Polygon","coordinates":[[[-77.713174381,39.015827641],[-77.713174381,39.050717324],[-77.668258617,39.050717324],[-77.668258617,39.015827641],[-77.713174381,39.015827641]]]}, "properties" : {"grid_id" : 252, "hotspot_class" : "Neutral"}}, {"type" : "Feature", "geometry" : {"type":"Polygon","coordinates":[[[-77.713174381,39.015827641],[-77.713174381,39.050717324],[-77.668258617,39.050717324],[-77.668258617,39.015827641],[-77.713174381,39.015827641]]]}, "properties" : {"grid_id" : 253, "hotspot_class" : "Neutral"}}, {"type" : "Feature", "geometry" : {"type":"Polygon","coordinates":[[[-77.668258617,39.015827641],[-77.668258617,39.050717324],[-77.623342852,39.050717324],[-77.623342852,39.015827641],[-77.668258617,39.015827641]]]}, "properties" : {"grid_id" : 254, "hotspot_class" : "Neutral"}}, {"type" : "Feature", "geometry" : {"type":"Polygon","coordinates":[[[-77.713174381,39.050717324],[-77.713174381,39.08558978],[-77.668258617,39.08558978],[-77.668258617,39.050717324],[-77.713174381,39.050717324]]]}, "properties" : {"grid_id" : 255, "hotspot_class" : "Neutral"}}, {"type" : "Feature", "geometry" : {"type":"Polygon","coordinates":[[[-77.668258617,39.050717324],[-77.668258617,39.08558978],[-77.623342852,39.08558978],[-77.623342852,39.050717324],[-77.668258617,39.050717324]]]}, "properties" : {"grid_id" : 256, "hotspot_class" : "Hot Spot"}}, {"type" : "Feature", "geometry" : {"type":"Polygon","coordinates":[[[-77.713174381,39.050717324],[-77.713174381,39.08558978],[-77.668258617,39.08558978],[-77.668258617,39.050717324],[-77.713174381,39.050717324]]]}, "properties" : {"grid_id" : 257, "hotspot_class" : "Neutral"}}, {"type" : "Feature", "geometry" : {"type":"Polygon","coordinates":[[[-77.713174381,39.050717324],[-77.713174381,39.08558978],[-77.668258617,39.08558978],[-77.668258617,39.050717324],[-77.713174381,39.050717324]]]}, "properties" : {"grid_id" : 258, "hotspot_class" : "Neutral"}}, {"type" : "Feature", "geometry" : {"type":"Polygon","coordinates":[[[-77.437005313,38.740294728],[-77.437005313,38.775320003],[-77.392089549,38.775320003],[-77.392089549,38.740294728],[-77.437005313,38.740294728]]]}, "properties" : {"grid_id" : 259, "hotspot_class" : "Neutral"}}, {"type" : "Feature", "geometry" : {"type":"Polygon","coordinates":[[[-77.437005313,38.740294728],[-77.437005313,38.775320003],[-77.392089549,38.775320003],[-77.392089549,38.740294728],[-77.437005313,38.740294728]]]}, "properties" : {"grid_id" : 260, "hotspot_class" : "Neutral"}}, {"type" : "Feature", "geometry" : {"type":"Polygon","coordinates":[[[-77.392089549,38.740294728],[-77.392089549,38.775320003],[-77.347173785,38.775320003],[-77.347173785,38.740294728],[-77.392089549,38.740294728]]]}, "properties" : {"grid_id" : 261, "hotspot_class" : "Neutral"}}, {"type" : "Feature", "geometry" : {"type":"Polygon","coordinates":[[[-77.347173785,38.740294728],[-77.347173785,38.775320003],[-77.30225802,38.775320003],[-77.30225802,38.740294728],[-77.347173785,38.740294728]]]}, "properties" : {"grid_id" : 262, "hotspot_class" : "Neutral"}}, {"type" : "Feature", "geometry" : {"type":"Polygon","coordinates":[[[-77.392089549,38.740294728],[-77.392089549,38.775320003],[-77.347173785,38.775320003],[-77.347173785,38.740294728],[-77.392089549,38.740294728]]]}, "properties" : {"grid_id" : 263, "hotspot_class" : "Neutral"}}, {"type" : "Feature", "geometry" : {"type":"Polygon","coordinates":[[[-77.347173785,38.740294728],[-77.347173785,38.775320003],[-77.30225802,38.775320003],[-77.30225802,38.740294728],[-77.347173785,38.740294728]]]}, "properties" : {"grid_id" : 264, "hotspot_class" : "Neutral"}}, {"type" : "Feature", "geometry" : {"type":"Polygon","coordinates":[[[-77.437005313,38.775320003],[-77.437005313,38.810328087],[-77.392089549,38.810328087],[-77.392089549,38.775320003],[-77.437005313,38.775320003]]]}, "properties" : {"grid_id" : 265, "hotspot_class" : "Neutral"}}, {"type" : "Feature", "geometry" : {"type":"Polygon","coordinates":[[[-77.437005313,38.775320003],[-77.437005313,38.810328087],[-77.392089549,38.810328087],[-77.392089549,38.775320003],[-77.437005313,38.775320003]]]}, "properties" : {"grid_id" : 266, "hotspot_class" : "Neutral"}}, {"type" : "Feature", "geometry" : {"type":"Polygon","coordinates":[[[-77.392089549,38.775320003],[-77.392089549,38.810328087],[-77.347173785,38.810328087],[-77.347173785,38.775320003],[-77.392089549,38.775320003]]]}, "properties" : {"grid_id" : 267, "hotspot_class" : "Hot Spot"}}, {"type" : "Feature", "geometry" : {"type":"Polygon","coordinates":[[[-77.347173785,38.775320003],[-77.347173785,38.810328087],[-77.30225802,38.810328087],[-77.30225802,38.775320003],[-77.347173785,38.775320003]]]}, "properties" : {"grid_id" : 268, "hotspot_class" : "Cold Spot"}}, {"type" : "Feature", "geometry" : {"type":"Polygon","coordinates":[[[-77.437005313,38.775320003],[-77.437005313,38.810328087],[-77.392089549,38.810328087],[-77.392089549,38.775320003],[-77.437005313,38.775320003]]]}, "properties" : {"grid_id" : 269, "hotspot_class" : "Neutral"}}, {"type" : "Feature", "geometry" : {"type":"Polygon","coordinates":[[[-77.392089549,38.775320003],[-77.392089549,38.810328087],[-77.347173785,38.810328087],[-77.347173785,38.775320003],[-77.392089549,38.775320003]]]}, "properties" : {"grid_id" : 270, "hotspot_class" : "Hot Spot"}}, {"type" : "Feature", "geometry" : {"type":"Polygon","coordinates":[[[-77.347173785,38.775320003],[-77.347173785,38.810328087],[-77.30225802,38.810328087],[-77.30225802,38.775320003],[-77.347173785,38.775320003]]]}, "properties" : {"grid_id" : 271, "hotspot_class" : "Cold Spot"}}, {"type" : "Feature", "geometry" : {"type":"Polygon","coordinates":[[[-77.392089549,38.775320003],[-77.392089549,38.810328087],[-77.347173785,38.810328087],[-77.347173785,38.775320003],[-77.392089549,38.775320003]]]}, "properties" : {"grid_id" : 272, "hotspot_class" : "Hot Spot"}}, {"type" : "Feature", "geometry" : {"type":"Polygon","coordinates":[[[-77.347173785,38.775320003],[-77.347173785,38.810328087],[-77.30225802,38.810328087],[-77.30225802,38.775320003],[-77.347173785,38.775320003]]]}, "properties" : {"grid_id" : 273, "hotspot_class" : "Cold Spot"}}, {"type" : "Feature", "geometry" : {"type":"Polygon","coordinates":[[[-77.437005313,38.810328087],[-77.437005313,38.845318975],[-77.392089549,38.845318975],[-77.392089549,38.810328087],[-77.437005313,38.810328087]]]}, "properties" : {"grid_id" : 274, "hotspot_class" : "Neutral"}}, {"type" : "Feature", "geometry" : {"type":"Polygon","coordinates":[[[-77.392089549,38.810328087],[-77.392089549,38.845318975],[-77.347173785,38.845318975],[-77.347173785,38.810328087],[-77.392089549,38.810328087]]]}, "properties" : {"grid_id" : 275, "hotspot_class" : "Hot Spot"}}, {"type" : "Feature", "geometry" : {"type":"Polygon","coordinates":[[[-77.437005313,38.810328087],[-77.437005313,38.845318975],[-77.392089549,38.845318975],[-77.392089549,38.810328087],[-77.437005313,38.810328087]]]}, "properties" : {"grid_id" : 276, "hotspot_class" : "Neutral"}}, {"type" : "Feature", "geometry" : {"type":"Polygon","coordinates":[[[-77.437005313,38.810328087],[-77.437005313,38.845318975],[-77.392089549,38.845318975],[-77.392089549,38.810328087],[-77.437005313,38.810328087]]]}, "properties" : {"grid_id" : 277, "hotspot_class" : "Neutral"}}, {"type" : "Feature", "geometry" : {"type":"Polygon","coordinates":[[[-77.392089549,38.810328087],[-77.392089549,38.845318975],[-77.347173785,38.845318975],[-77.347173785,38.810328087],[-77.392089549,38.810328087]]]}, "properties" : {"grid_id" : 278, "hotspot_class" : "Hot Spot"}}, {"type" : "Feature", "geometry" : {"type":"Polygon","coordinates":[[[-77.347173785,38.810328087],[-77.347173785,38.845318975],[-77.30225802,38.845318975],[-77.30225802,38.810328087],[-77.347173785,38.810328087]]]}, "properties" : {"grid_id" : 279, "hotspot_class" : "Cold Spot"}}, {"type" : "Feature", "geometry" : {"type":"Polygon","coordinates":[[[-77.437005313,38.810328087],[-77.437005313,38.845318975],[-77.392089549,38.845318975],[-77.392089549,38.810328087],[-77.437005313,38.810328087]]]}, "properties" : {"grid_id" : 280, "hotspot_class" : "Neutral"}}, {"type" : "Feature", "geometry" : {"type":"Polygon","coordinates":[[[-77.530888243,39.043559366],[-77.530888243,39.078435357],[-77.485972479,39.078435357],[-77.485972479,39.043559366],[-77.530888243,39.043559366]]]}, "properties" : {"grid_id" : 281, "hotspot_class" : "Neutral"}}, {"type" : "Feature", "geometry" : {"type":"Polygon","coordinates":[[[-77.530888243,39.043559366],[-77.530888243,39.078435357],[-77.485972479,39.078435357],[-77.485972479,39.043559366],[-77.530888243,39.043559366]]]}, "properties" : {"grid_id" : 282, "hotspot_class" : "Neutral"}}, {"type" : "Feature", "geometry" : {"type":"Polygon","coordinates":[[[-77.530888243,39.043559366],[-77.530888243,39.078435357],[-77.485972479,39.078435357],[-77.485972479,39.043559366],[-77.530888243,39.043559366]]]}, "properties" : {"grid_id" : 283, "hotspot_class" : "Neutral"}}, {"type" : "Feature", "geometry" : {"type":"Polygon","coordinates":[[[-77.503911835,38.427362776],[-77.503911835,38.462541066],[-77.458996071,38.462541066],[-77.458996071,38.427362776],[-77.503911835,38.427362776]]]}, "properties" : {"grid_id" : 284, "hotspot_class" : "Neutral"}}, {"type" : "Feature", "geometry" : {"type":"Polygon","coordinates":[[[-77.503911835,38.427362776],[-77.503911835,38.462541066],[-77.458996071,38.462541066],[-77.458996071,38.427362776],[-77.503911835,38.427362776]]]}, "properties" : {"grid_id" : 285, "hotspot_class" : "Neutral"}}, {"type" : "Feature", "geometry" : {"type":"Polygon","coordinates":[[[-77.674645638,38.495459438],[-77.674645638,38.53060452],[-77.629729874,38.53060452],[-77.629729874,38.495459438],[-77.674645638,38.495459438]]]}, "properties" : {"grid_id" : 286, "hotspot_class" : "Cold Spot"}}, {"type" : "Feature", "geometry" : {"type":"Polygon","coordinates":[[[-77.629729874,38.495459438],[-77.629729874,38.53060452],[-77.58481411,38.53060452],[-77.58481411,38.495459438],[-77.629729874,38.495459438]]]}, "properties" : {"grid_id" : 287, "hotspot_class" : "Cold Spot"}}, {"type" : "Feature", "geometry" : {"type":"Polygon","coordinates":[[[-77.58481411,38.495459438],[-77.58481411,38.53060452],[-77.539898346,38.53060452],[-77.539898346,38.495459438],[-77.58481411,38.495459438]]]}, "properties" : {"grid_id" : 288, "hotspot_class" : "Hot Spot"}}, {"type" : "Feature", "geometry" : {"type":"Polygon","coordinates":[[[-77.58481411,38.495459438],[-77.58481411,38.53060452],[-77.539898346,38.53060452],[-77.539898346,38.495459438],[-77.58481411,38.495459438]]]}, "properties" : {"grid_id" : 289, "hotspot_class" : "Hot Spot"}}, {"type" : "Feature", "geometry" : {"type":"Polygon","coordinates":[[[-77.629729874,38.495459438],[-77.629729874,38.53060452],[-77.58481411,38.53060452],[-77.58481411,38.495459438],[-77.629729874,38.495459438]]]}, "properties" : {"grid_id" : 290, "hotspot_class" : "Cold Spot"}}, {"type" : "Feature", "geometry" : {"type":"Polygon","coordinates":[[[-77.58481411,38.495459438],[-77.58481411,38.53060452],[-77.539898346,38.53060452],[-77.539898346,38.495459438],[-77.58481411,38.495459438]]]}, "properties" : {"grid_id" : 291, "hotspot_class" : "Hot Spot"}}, {"type" : "Feature", "geometry" : {"type":"Polygon","coordinates":[[[-77.629729874,38.495459438],[-77.629729874,38.53060452],[-77.58481411,38.53060452],[-77.58481411,38.495459438],[-77.629729874,38.495459438]]]}, "properties" : {"grid_id" : 292, "hotspot_class" : "Cold Spot"}}, {"type" : "Feature", "geometry" : {"type":"Polygon","coordinates":[[[-77.58481411,38.495459438],[-77.58481411,38.53060452],[-77.539898346,38.53060452],[-77.539898346,38.495459438],[-77.58481411,38.495459438]]]}, "properties" : {"grid_id" : 293, "hotspot_class" : "Hot Spot"}}, {"type" : "Feature", "geometry" : {"type":"Polygon","coordinates":[[[-77.674645638,38.495459438],[-77.674645638,38.53060452],[-77.629729874,38.53060452],[-77.629729874,38.495459438],[-77.674645638,38.495459438]]]}, "properties" : {"grid_id" : 294, "hotspot_class" : "Cold Spot"}}, {"type" : "Feature", "geometry" : {"type":"Polygon","coordinates":[[[-77.629729874,38.495459438],[-77.629729874,38.53060452],[-77.58481411,38.53060452],[-77.58481411,38.495459438],[-77.629729874,38.495459438]]]}, "properties" : {"grid_id" : 295, "hotspot_class" : "Cold Spot"}}, {"type" : "Feature", "geometry" : {"type":"Polygon","coordinates":[[[-77.674645638,38.53060452],[-77.674645638,38.565732443],[-77.629729874,38.565732443],[-77.629729874,38.53060452],[-77.674645638,38.53060452]]]}, "properties" : {"grid_id" : 296, "hotspot_class" : "Neutral"}}, {"type" : "Feature", "geometry" : {"type":"Polygon","coordinates":[[[-77.629729874,38.53060452],[-77.629729874,38.565732443],[-77.58481411,38.565732443],[-77.58481411,38.53060452],[-77.629729874,38.53060452]]]}, "properties" : {"grid_id" : 297, "hotspot_class" : "Cold Spot"}}, {"type" : "Feature", "geometry" : {"type":"Polygon","coordinates":[[[-77.58481411,38.53060452],[-77.58481411,38.565732443],[-77.539898346,38.565732443],[-77.539898346,38.53060452],[-77.58481411,38.53060452]]]}, "properties" : {"grid_id" : 298, "hotspot_class" : "Cold Spot"}}, {"type" : "Feature", "geometry" : {"type":"Polygon","coordinates":[[[-77.674645638,38.53060452],[-77.674645638,38.565732443],[-77.629729874,38.565732443],[-77.629729874,38.53060452],[-77.674645638,38.53060452]]]}, "properties" : {"grid_id" : 299, "hotspot_class" : "Neutral"}}, {"type" : "Feature", "geometry" : {"type":"Polygon","coordinates":[[[-77.629729874,38.53060452],[-77.629729874,38.565732443],[-77.58481411,38.565732443],[-77.58481411,38.53060452],[-77.629729874,38.53060452]]]}, "properties" : {"grid_id" : 300, "hotspot_class" : "Cold Spot"}}, {"type" : "Feature", "geometry" : {"type":"Polygon","coordinates":[[[-77.58481411,38.53060452],[-77.58481411,38.565732443],[-77.539898346,38.565732443],[-77.539898346,38.53060452],[-77.58481411,38.53060452]]]}, "properties" : {"grid_id" : 301, "hotspot_class" : "Cold Spot"}}, {"type" : "Feature", "geometry" : {"type":"Polygon","coordinates":[[[-77.58481411,38.53060452],[-77.58481411,38.565732443],[-77.539898346,38.565732443],[-77.539898346,38.53060452],[-77.58481411,38.53060452]]]}, "properties" : {"grid_id" : 302, "hotspot_class" : "Cold Spot"}}, {"type" : "Feature", "geometry" : {"type":"Polygon","coordinates":[[[-77.67504988,38.527055645],[-77.67504988,38.562185302],[-77.630134116,38.562185302],[-77.630134116,38.527055645],[-77.67504988,38.527055645]]]}, "properties" : {"grid_id" : 303, "hotspot_class" : "Neutral"}}, {"type" : "Feature", "geometry" : {"type":"Polygon","coordinates":[[[-77.630134116,38.527055645],[-77.630134116,38.562185302],[-77.585218352,38.562185302],[-77.585218352,38.527055645],[-77.630134116,38.527055645]]]}, "properties" : {"grid_id" : 304, "hotspot_class" : "Neutral"}}, {"type" : "Feature", "geometry" : {"type":"Polygon","coordinates":[[[-77.585218352,38.527055645],[-77.585218352,38.562185302],[-77.540302588,38.562185302],[-77.540302588,38.527055645],[-77.585218352,38.527055645]]]}, "properties" : {"grid_id" : 305, "hotspot_class" : "Neutral"}}, {"type" : "Feature", "geometry" : {"type":"Polygon","coordinates":[[[-77.67504988,38.527055645],[-77.67504988,38.562185302],[-77.630134116,38.562185302],[-77.630134116,38.527055645],[-77.67504988,38.527055645]]]}, "properties" : {"grid_id" : 306, "hotspot_class" : "Neutral"}}, {"type" : "Feature", "geometry" : {"type":"Polygon","coordinates":[[[-77.630134116,38.527055645],[-77.630134116,38.562185302],[-77.585218352,38.562185302],[-77.585218352,38.527055645],[-77.630134116,38.527055645]]]}, "properties" : {"grid_id" : 307, "hotspot_class" : "Neutral"}}, {"type" : "Feature", "geometry" : {"type":"Polygon","coordinates":[[[-77.585218352,38.527055645],[-77.585218352,38.562185302],[-77.540302588,38.562185302],[-77.540302588,38.527055645],[-77.585218352,38.527055645]]]}, "properties" : {"grid_id" : 308, "hotspot_class" : "Neutral"}}, {"type" : "Feature", "geometry" : {"type":"Polygon","coordinates":[[[-77.540302588,38.527055645],[-77.540302588,38.562185302],[-77.495386823,38.562185302],[-77.495386823,38.527055645],[-77.540302588,38.527055645]]]}, "properties" : {"grid_id" : 309, "hotspot_class" : "Hot Spot"}}, {"type" : "Feature", "geometry" : {"type":"Polygon","coordinates":[[[-77.540302588,38.527055645],[-77.540302588,38.562185302],[-77.495386823,38.562185302],[-77.495386823,38.527055645],[-77.540302588,38.527055645]]]}, "properties" : {"grid_id" : 310, "hotspot_class" : "Hot Spot"}}, {"type" : "Feature", "geometry" : {"type":"Polygon","coordinates":[[[-77.540302588,38.527055645],[-77.540302588,38.562185302],[-77.495386823,38.562185302],[-77.495386823,38.527055645],[-77.540302588,38.527055645]]]}, "properties" : {"grid_id" : 311, "hotspot_class" : "Hot Spot"}}, {"type" : "Feature", "geometry" : {"type":"Polygon","coordinates":[[[-77.585218352,38.527055645],[-77.585218352,38.562185302],[-77.540302588,38.562185302],[-77.540302588,38.527055645],[-77.585218352,38.527055645]]]}, "properties" : {"grid_id" : 312, "hotspot_class" : "Neutral"}}, {"type" : "Feature", "geometry" : {"type":"Polygon","coordinates":[[[-77.540302588,38.527055645],[-77.540302588,38.562185302],[-77.495386823,38.562185302],[-77.495386823,38.527055645],[-77.540302588,38.527055645]]]}, "properties" : {"grid_id" : 313, "hotspot_class" : "Hot Spot"}}, {"type" : "Feature", "geometry" : {"type":"Polygon","coordinates":[[[-77.67504988,38.562185302],[-77.67504988,38.597297796],[-77.630134116,38.597297796],[-77.630134116,38.562185302],[-77.67504988,38.562185302]]]}, "properties" : {"grid_id" : 314, "hotspot_class" : "Cold Spot"}}, {"type" : "Feature", "geometry" : {"type":"Polygon","coordinates":[[[-77.67504988,38.562185302],[-77.67504988,38.597297796],[-77.630134116,38.597297796],[-77.630134116,38.562185302],[-77.67504988,38.562185302]]]}, "properties" : {"grid_id" : 315, "hotspot_class" : "Cold Spot"}}, {"type" : "Feature", "geometry" : {"type":"Polygon","coordinates":[[[-77.630134116,38.562185302],[-77.630134116,38.597297796],[-77.585218352,38.597297796],[-77.585218352,38.562185302],[-77.630134116,38.562185302]]]}, "properties" : {"grid_id" : 316, "hotspot_class" : "Neutral"}}, {"type" : "Feature", "geometry" : {"type":"Polygon","coordinates":[[[-77.585218352,38.562185302],[-77.585218352,38.597297796],[-77.540302588,38.597297796],[-77.540302588,38.562185302],[-77.585218352,38.562185302]]]}, "properties" : {"grid_id" : 317, "hotspot_class" : "Cold Spot"}}, {"type" : "Feature", "geometry" : {"type":"Polygon","coordinates":[[[-77.540302588,38.562185302],[-77.540302588,38.597297796],[-77.495386823,38.597297796],[-77.495386823,38.562185302],[-77.540302588,38.562185302]]]}, "properties" : {"grid_id" : 318, "hotspot_class" : "Neutral"}}, {"type" : "Feature", "geometry" : {"type":"Polygon","coordinates":[[[-77.540302588,38.562185302],[-77.540302588,38.597297796],[-77.495386823,38.597297796],[-77.495386823,38.562185302],[-77.540302588,38.562185302]]]}, "properties" : {"grid_id" : 319, "hotspot_class" : "Neutral"}}, {"type" : "Feature", "geometry" : {"type":"Polygon","coordinates":[[[-77.585218352,38.562185302],[-77.585218352,38.597297796],[-77.540302588,38.597297796],[-77.540302588,38.562185302],[-77.585218352,38.562185302]]]}, "properties" : {"grid_id" : 320, "hotspot_class" : "Cold Spot"}}, {"type" : "Feature", "geometry" : {"type":"Polygon","coordinates":[[[-77.540302588,38.562185302],[-77.540302588,38.597297796],[-77.495386823,38.597297796],[-77.495386823,38.562185302],[-77.540302588,38.562185302]]]}, "properties" : {"grid_id" : 321, "hotspot_class" : "Neutral"}}, {"type" : "Feature", "geometry" : {"type":"Polygon","coordinates":[[[-77.630134116,38.597297796],[-77.630134116,38.632393122],[-77.585218352,38.632393122],[-77.585218352,38.597297796],[-77.630134116,38.597297796]]]}, "properties" : {"grid_id" : 322, "hotspot_class" : "Cold Spot"}}, {"type" : "Feature", "geometry" : {"type":"Polygon","coordinates":[[[-77.585218352,38.597297796],[-77.585218352,38.632393122],[-77.540302588,38.632393122],[-77.540302588,38.597297796],[-77.585218352,38.597297796]]]}, "properties" : {"grid_id" : 323, "hotspot_class" : "Neutral"}}, {"type" : "Feature", "geometry" : {"type":"Polygon","coordinates":[[[-77.585218352,38.597297796],[-77.585218352,38.632393122],[-77.540302588,38.632393122],[-77.540302588,38.597297796],[-77.585218352,38.597297796]]]}, "properties" : {"grid_id" : 324, "hotspot_class" : "Neutral"}}, {"type" : "Feature", "geometry" : {"type":"Polygon","coordinates":[[[-77.540302588,38.597297796],[-77.540302588,38.632393122],[-77.495386823,38.632393122],[-77.495386823,38.597297796],[-77.540302588,38.597297796]]]}, "properties" : {"grid_id" : 325, "hotspot_class" : "Neutral"}}, {"type" : "Feature", "geometry" : {"type":"Polygon","coordinates":[[[-77.630134116,38.632393122],[-77.630134116,38.667471276],[-77.585218352,38.667471276],[-77.585218352,38.632393122],[-77.630134116,38.632393122]]]}, "properties" : {"grid_id" : 326, "hotspot_class" : "Cold Spot"}}, {"type" : "Feature", "geometry" : {"type":"Polygon","coordinates":[[[-77.585218352,38.632393122],[-77.585218352,38.667471276],[-77.540302588,38.667471276],[-77.540302588,38.632393122],[-77.585218352,38.632393122]]]}, "properties" : {"grid_id" : 327, "hotspot_class" : "Neutral"}}, {"type" : "Feature", "geometry" : {"type":"Polygon","coordinates":[[[-77.540302588,38.632393122],[-77.540302588,38.667471276],[-77.495386823,38.667471276],[-77.495386823,38.632393122],[-77.540302588,38.632393122]]]}, "properties" : {"grid_id" : 328, "hotspot_class" : "Neutral"}}, {"type" : "Feature", "geometry" : {"type":"Polygon","coordinates":[[[-77.719965644,38.667471276],[-77.719965644,38.702532253],[-77.67504988,38.702532253],[-77.67504988,38.667471276],[-77.719965644,38.667471276]]]}, "properties" : {"grid_id" : 329, "hotspot_class" : "Neutral"}}, {"type" : "Feature", "geometry" : {"type":"Polygon","coordinates":[[[-77.67504988,38.667471276],[-77.67504988,38.702532253],[-77.630134116,38.702532253],[-77.630134116,38.667471276],[-77.67504988,38.667471276]]]}, "properties" : {"grid_id" : 330, "hotspot_class" : "Cold Spot"}}, {"type" : "Feature", "geometry" : {"type":"Polygon","coordinates":[[[-77.630134116,38.667471276],[-77.630134116,38.702532253],[-77.585218352,38.702532253],[-77.585218352,38.667471276],[-77.630134116,38.667471276]]]}, "properties" : {"grid_id" : 331, "hotspot_class" : "Cold Spot"}}, {"type" : "Feature", "geometry" : {"type":"Polygon","coordinates":[[[-77.719965644,38.667471276],[-77.719965644,38.702532253],[-77.67504988,38.702532253],[-77.67504988,38.667471276],[-77.719965644,38.667471276]]]}, "properties" : {"grid_id" : 332, "hotspot_class" : "Neutral"}}, {"type" : "Feature", "geometry" : {"type":"Polygon","coordinates":[[[-77.540302588,38.667471276],[-77.540302588,38.702532253],[-77.495386823,38.702532253],[-77.495386823,38.667471276],[-77.540302588,38.667471276]]]}, "properties" : {"grid_id" : 333, "hotspot_class" : "Cold Spot"}}, {"type" : "Feature", "geometry" : {"type":"Polygon","coordinates":[[[-77.630134116,38.667471276],[-77.630134116,38.702532253],[-77.585218352,38.702532253],[-77.585218352,38.667471276],[-77.630134116,38.667471276]]]}, "properties" : {"grid_id" : 334, "hotspot_class" : "Cold Spot"}}, {"type" : "Feature", "geometry" : {"type":"Polygon","coordinates":[[[-77.540302588,38.667471276],[-77.540302588,38.702532253],[-77.495386823,38.702532253],[-77.495386823,38.667471276],[-77.540302588,38.667471276]]]}, "properties" : {"grid_id" : 335, "hotspot_class" : "Cold Spot"}}, {"type" : "Feature", "geometry" : {"type":"Polygon","coordinates":[[[-77.719965644,38.702532253],[-77.719965644,38.737576048],[-77.67504988,38.737576048],[-77.67504988,38.702532253],[-77.719965644,38.702532253]]]}, "properties" : {"grid_id" : 336, "hotspot_class" : "Hot Spot"}}, {"type" : "Feature", "geometry" : {"type":"Polygon","coordinates":[[[-77.67504988,38.702532253],[-77.67504988,38.737576048],[-77.630134116,38.737576048],[-77.630134116,38.702532253],[-77.67504988,38.702532253]]]}, "properties" : {"grid_id" : 337, "hotspot_class" : "Neutral"}}, {"type" : "Feature", "geometry" : {"type":"Polygon","coordinates":[[[-77.630134116,38.702532253],[-77.630134116,38.737576048],[-77.585218352,38.737576048],[-77.585218352,38.702532253],[-77.630134116,38.702532253]]]}, "properties" : {"grid_id" : 338, "hotspot_class" : "Cold Spot"}}, {"type" : "Feature", "geometry" : {"type":"Polygon","coordinates":[[[-77.719965644,38.702532253],[-77.719965644,38.737576048],[-77.67504988,38.737576048],[-77.67504988,38.702532253],[-77.719965644,38.702532253]]]}, "properties" : {"grid_id" : 339, "hotspot_class" : "Hot Spot"}}, {"type" : "Feature", "geometry" : {"type":"Polygon","coordinates":[[[-77.630134116,38.702532253],[-77.630134116,38.737576048],[-77.585218352,38.737576048],[-77.585218352,38.702532253],[-77.630134116,38.702532253]]]}, "properties" : {"grid_id" : 340, "hotspot_class" : "Cold Spot"}}, {"type" : "Feature", "geometry" : {"type":"Polygon","coordinates":[[[-77.585218352,38.702532253],[-77.585218352,38.737576048],[-77.540302588,38.737576048],[-77.540302588,38.702532253],[-77.585218352,38.702532253]]]}, "properties" : {"grid_id" : 341, "hotspot_class" : "Hot Spot"}}, {"type" : "Feature", "geometry" : {"type":"Polygon","coordinates":[[[-77.540302588,38.702532253],[-77.540302588,38.737576048],[-77.495386823,38.737576048],[-77.495386823,38.702532253],[-77.540302588,38.702532253]]]}, "properties" : {"grid_id" : 342, "hotspot_class" : "Cold Spot"}}, {"type" : "Feature", "geometry" : {"type":"Polygon","coordinates":[[[-77.719965644,38.702532253],[-77.719965644,38.737576048],[-77.67504988,38.737576048],[-77.67504988,38.702532253],[-77.719965644,38.702532253]]]}, "properties" : {"grid_id" : 343, "hotspot_class" : "Hot Spot"}}, {"type" : "Feature", "geometry" : {"type":"Polygon","coordinates":[[[-77.67504988,38.702532253],[-77.67504988,38.737576048],[-77.630134116,38.737576048],[-77.630134116,38.702532253],[-77.67504988,38.702532253]]]}, "properties" : {"grid_id" : 344, "hotspot_class" : "Neutral"}}, {"type" : "Feature", "geometry" : {"type":"Polygon","coordinates":[[[-77.630134116,38.702532253],[-77.630134116,38.737576048],[-77.585218352,38.737576048],[-77.585218352,38.702532253],[-77.630134116,38.702532253]]]}, "properties" : {"grid_id" : 345, "hotspot_class" : "Cold Spot"}}, {"type" : "Feature", "geometry" : {"type":"Polygon","coordinates":[[[-77.585218352,38.702532253],[-77.585218352,38.737576048],[-77.540302588,38.737576048],[-77.540302588,38.702532253],[-77.585218352,38.702532253]]]}, "properties" : {"grid_id" : 346, "hotspot_class" : "Hot Spot"}}, {"type" : "Feature", "geometry" : {"type":"Polygon","coordinates":[[[-77.540302588,38.702532253],[-77.540302588,38.737576048],[-77.495386823,38.737576048],[-77.495386823,38.702532253],[-77.540302588,38.702532253]]]}, "properties" : {"grid_id" : 347, "hotspot_class" : "Cold Spot"}}, {"type" : "Feature", "geometry" : {"type":"Polygon","coordinates":[[[-77.71038062,39.035744782],[-77.71038062,39.070624632],[-77.665464856,39.070624632],[-77.665464856,39.035744782],[-77.71038062,39.035744782]]]}, "properties" : {"grid_id" : 348, "hotspot_class" : "Neutral"}}, {"type" : "Feature", "geometry" : {"type":"Polygon","coordinates":[[[-77.665464856,39.035744782],[-77.665464856,39.070624632],[-77.620549092,39.070624632],[-77.620549092,39.035744782],[-77.665464856,39.035744782]]]}, "properties" : {"grid_id" : 349, "hotspot_class" : "Hot Spot"}}, {"type" : "Feature", "geometry" : {"type":"Polygon","coordinates":[[[-77.800212149,39.035744782],[-77.800212149,39.070624632],[-77.755296384,39.070624632],[-77.755296384,39.035744782],[-77.800212149,39.035744782]]]}, "properties" : {"grid_id" : 350, "hotspot_class" : "Hot Spot"}}, {"type" : "Feature", "geometry" : {"type":"Polygon","coordinates":[[[-77.755296384,39.035744782],[-77.755296384,39.070624632],[-77.71038062,39.070624632],[-77.71038062,39.035744782],[-77.755296384,39.035744782]]]}, "properties" : {"grid_id" : 351, "hotspot_class" : "Cold Spot"}}, {"type" : "Feature", "geometry" : {"type":"Polygon","coordinates":[[[-77.71038062,39.035744782],[-77.71038062,39.070624632],[-77.665464856,39.070624632],[-77.665464856,39.035744782],[-77.71038062,39.035744782]]]}, "properties" : {"grid_id" : 352, "hotspot_class" : "Neutral"}}, {"type" : "Feature", "geometry" : {"type":"Polygon","coordinates":[[[-77.665464856,39.035744782],[-77.665464856,39.070624632],[-77.620549092,39.070624632],[-77.620549092,39.035744782],[-77.665464856,39.035744782]]]}, "properties" : {"grid_id" : 353, "hotspot_class" : "Hot Spot"}}, {"type" : "Feature", "geometry" : {"type":"Polygon","coordinates":[[[-77.800212149,39.035744782],[-77.800212149,39.070624632],[-77.755296384,39.070624632],[-77.755296384,39.035744782],[-77.800212149,39.035744782]]]}, "properties" : {"grid_id" : 354, "hotspot_class" : "Hot Spot"}}, {"type" : "Feature", "geometry" : {"type":"Polygon","coordinates":[[[-77.755296384,39.035744782],[-77.755296384,39.070624632],[-77.71038062,39.070624632],[-77.71038062,39.035744782],[-77.755296384,39.035744782]]]}, "properties" : {"grid_id" : 355, "hotspot_class" : "Cold Spot"}}, {"type" : "Feature", "geometry" : {"type":"Polygon","coordinates":[[[-77.71038062,39.035744782],[-77.71038062,39.070624632],[-77.665464856,39.070624632],[-77.665464856,39.035744782],[-77.71038062,39.035744782]]]}, "properties" : {"grid_id" : 356, "hotspot_class" : "Neutral"}}, {"type" : "Feature", "geometry" : {"type":"Polygon","coordinates":[[[-77.71038062,39.070624632],[-77.71038062,39.105487253],[-77.665464856,39.105487253],[-77.665464856,39.070624632],[-77.71038062,39.070624632]]]}, "properties" : {"grid_id" : 357, "hotspot_class" : "Neutral"}}, {"type" : "Feature", "geometry" : {"type":"Polygon","coordinates":[[[-77.665464856,39.070624632],[-77.665464856,39.105487253],[-77.620549092,39.105487253],[-77.620549092,39.070624632],[-77.665464856,39.070624632]]]}, "properties" : {"grid_id" : 358, "hotspot_class" : "Neutral"}}, {"type" : "Feature", "geometry" : {"type":"Polygon","coordinates":[[[-77.800212149,39.070624632],[-77.800212149,39.105487253],[-77.755296384,39.105487253],[-77.755296384,39.070624632],[-77.800212149,39.070624632]]]}, "properties" : {"grid_id" : 359, "hotspot_class" : "Hot Spot"}}, {"type" : "Feature", "geometry" : {"type":"Polygon","coordinates":[[[-77.800212149,39.070624632],[-77.800212149,39.105487253],[-77.755296384,39.105487253],[-77.755296384,39.070624632],[-77.800212149,39.070624632]]]}, "properties" : {"grid_id" : 360, "hotspot_class" : "Hot Spot"}}, {"type" : "Feature", "geometry" : {"type":"Polygon","coordinates":[[[-77.755296384,39.070624632],[-77.755296384,39.105487253],[-77.71038062,39.105487253],[-77.71038062,39.070624632],[-77.755296384,39.070624632]]]}, "properties" : {"grid_id" : 361, "hotspot_class" : "Cold Spot"}}, {"type" : "Feature", "geometry" : {"type":"Polygon","coordinates":[[[-77.71038062,39.070624632],[-77.71038062,39.105487253],[-77.665464856,39.105487253],[-77.665464856,39.070624632],[-77.71038062,39.070624632]]]}, "properties" : {"grid_id" : 362, "hotspot_class" : "Neutral"}}, {"type" : "Feature", "geometry" : {"type":"Polygon","coordinates":[[[-77.71038062,39.105487253],[-77.71038062,39.140332639],[-77.665464856,39.140332639],[-77.665464856,39.105487253],[-77.71038062,39.105487253]]]}, "properties" : {"grid_id" : 363, "hotspot_class" : "Cold Spot"}}, {"type" : "Feature", "geometry" : {"type":"Polygon","coordinates":[[[-77.665464856,39.105487253],[-77.665464856,39.140332639],[-77.620549092,39.140332639],[-77.620549092,39.105487253],[-77.665464856,39.105487253]]]}, "properties" : {"grid_id" : 364, "hotspot_class" : "Neutral"}}, {"type" : "Feature", "geometry" : {"type":"Polygon","coordinates":[[[-77.800212149,39.105487253],[-77.800212149,39.140332639],[-77.755296384,39.140332639],[-77.755296384,39.105487253],[-77.800212149,39.105487253]]]}, "properties" : {"grid_id" : 365, "hotspot_class" : "Cold Spot"}}, {"type" : "Feature", "geometry" : {"type":"Polygon","coordinates":[[[-77.71038062,39.105487253],[-77.71038062,39.140332639],[-77.665464856,39.140332639],[-77.665464856,39.105487253],[-77.71038062,39.105487253]]]}, "properties" : {"grid_id" : 366, "hotspot_class" : "Cold Spot"}}, {"type" : "Feature", "geometry" : {"type":"Polygon","coordinates":[[[-77.665464856,39.105487253],[-77.665464856,39.140332639],[-77.620549092,39.140332639],[-77.620549092,39.105487253],[-77.665464856,39.105487253]]]}, "properties" : {"grid_id" : 367, "hotspot_class" : "Neutral"}}, {"type" : "Feature", "geometry" : {"type":"Polygon","coordinates":[[[-77.800212149,39.140332639],[-77.800212149,39.175160788],[-77.755296384,39.175160788],[-77.755296384,39.140332639],[-77.800212149,39.140332639]]]}, "properties" : {"grid_id" : 368, "hotspot_class" : "Neutral"}}, {"type" : "Feature", "geometry" : {"type":"Polygon","coordinates":[[[-77.755296384,39.140332639],[-77.755296384,39.175160788],[-77.71038062,39.175160788],[-77.71038062,39.140332639],[-77.755296384,39.140332639]]]}, "properties" : {"grid_id" : 369, "hotspot_class" : "Cold Spot"}}, {"type" : "Feature", "geometry" : {"type":"Polygon","coordinates":[[[-77.665464856,39.140332639],[-77.665464856,39.175160788],[-77.620549092,39.175160788],[-77.620549092,39.140332639],[-77.665464856,39.140332639]]]}, "properties" : {"grid_id" : 370, "hotspot_class" : "Neutral"}}, {"type" : "Feature", "geometry" : {"type":"Polygon","coordinates":[[[-77.800212149,39.140332639],[-77.800212149,39.175160788],[-77.755296384,39.175160788],[-77.755296384,39.140332639],[-77.800212149,39.140332639]]]}, "properties" : {"grid_id" : 371, "hotspot_class" : "Neutral"}}, {"type" : "Feature", "geometry" : {"type":"Polygon","coordinates":[[[-77.755296384,39.140332639],[-77.755296384,39.175160788],[-77.71038062,39.175160788],[-77.71038062,39.140332639],[-77.755296384,39.140332639]]]}, "properties" : {"grid_id" : 372, "hotspot_class" : "Cold Spot"}}, {"type" : "Feature", "geometry" : {"type":"Polygon","coordinates":[[[-77.71038062,39.140332639],[-77.71038062,39.175160788],[-77.665464856,39.175160788],[-77.665464856,39.140332639],[-77.71038062,39.140332639]]]}, "properties" : {"grid_id" : 373, "hotspot_class" : "Neutral"}}, {"type" : "Feature", "geometry" : {"type":"Polygon","coordinates":[[[-77.71038062,39.140332639],[-77.71038062,39.175160788],[-77.665464856,39.175160788],[-77.665464856,39.140332639],[-77.71038062,39.140332639]]]}, "properties" : {"grid_id" : 374, "hotspot_class" : "Neutral"}}, {"type" : "Feature", "geometry" : {"type":"Polygon","coordinates":[[[-77.665464856,39.140332639],[-77.665464856,39.175160788],[-77.620549092,39.175160788],[-77.620549092,39.140332639],[-77.665464856,39.140332639]]]}, "properties" : {"grid_id" : 375, "hotspot_class" : "Neutral"}}, {"type" : "Feature", "geometry" : {"type":"Polygon","coordinates":[[[-77.665464856,39.140332639],[-77.665464856,39.175160788],[-77.620549092,39.175160788],[-77.620549092,39.140332639],[-77.665464856,39.140332639]]]}, "properties" : {"grid_id" : 376, "hotspot_class" : "Neutral"}}, {"type" : "Feature", "geometry" : {"type":"Polygon","coordinates":[[[-77.800212149,39.175160788],[-77.800212149,39.209971693],[-77.755296384,39.209971693],[-77.755296384,39.175160788],[-77.800212149,39.175160788]]]}, "properties" : {"grid_id" : 377, "hotspot_class" : "Hot Spot"}}, {"type" : "Feature", "geometry" : {"type":"Polygon","coordinates":[[[-77.71038062,39.175160788],[-77.71038062,39.209971693],[-77.665464856,39.209971693],[-77.665464856,39.175160788],[-77.71038062,39.175160788]]]}, "properties" : {"grid_id" : 378, "hotspot_class" : "Neutral"}}, {"type" : "Feature", "geometry" : {"type":"Polygon","coordinates":[[[-77.665464856,39.175160788],[-77.665464856,39.209971693],[-77.620549092,39.209971693],[-77.620549092,39.175160788],[-77.665464856,39.175160788]]]}, "properties" : {"grid_id" : 379, "hotspot_class" : "Neutral"}}, {"type" : "Feature", "geometry" : {"type":"Polygon","coordinates":[[[-77.800212149,39.175160788],[-77.800212149,39.209971693],[-77.755296384,39.209971693],[-77.755296384,39.175160788],[-77.800212149,39.175160788]]]}, "properties" : {"grid_id" : 380, "hotspot_class" : "Hot Spot"}}, {"type" : "Feature", "geometry" : {"type":"Polygon","coordinates":[[[-77.755296384,39.175160788],[-77.755296384,39.209971693],[-77.71038062,39.209971693],[-77.71038062,39.175160788],[-77.755296384,39.175160788]]]}, "properties" : {"grid_id" : 381, "hotspot_class" : "Neutral"}}, {"type" : "Feature", "geometry" : {"type":"Polygon","coordinates":[[[-77.71038062,39.175160788],[-77.71038062,39.209971693],[-77.665464856,39.209971693],[-77.665464856,39.175160788],[-77.71038062,39.175160788]]]}, "properties" : {"grid_id" : 382, "hotspot_class" : "Neutral"}}, {"type" : "Feature", "geometry" : {"type":"Polygon","coordinates":[[[-77.665464856,39.175160788],[-77.665464856,39.209971693],[-77.620549092,39.209971693],[-77.620549092,39.175160788],[-77.665464856,39.175160788]]]}, "properties" : {"grid_id" : 383, "hotspot_class" : "Neutral"}}, {"type" : "Feature", "geometry" : {"type":"Polygon","coordinates":[[[-77.71038062,39.175160788],[-77.71038062,39.209971693],[-77.665464856,39.209971693],[-77.665464856,39.175160788],[-77.71038062,39.175160788]]]}, "properties" : {"grid_id" : 384, "hotspot_class" : "Neutral"}}, {"type" : "Feature", "geometry" : {"type":"Polygon","coordinates":[[[-77.665464856,39.175160788],[-77.665464856,39.209971693],[-77.620549092,39.209971693],[-77.620549092,39.175160788],[-77.665464856,39.175160788]]]}, "properties" : {"grid_id" : 385, "hotspot_class" : "Neutral"}}, {"type" : "Feature", "geometry" : {"type":"Polygon","coordinates":[[[-77.665464856,39.175160788],[-77.665464856,39.209971693],[-77.620549092,39.209971693],[-77.620549092,39.175160788],[-77.665464856,39.175160788]]]}, "properties" : {"grid_id" : 386, "hotspot_class" : "Neutral"}}, {"type" : "Feature", "geometry" : {"type":"Polygon","coordinates":[[[-77.800212149,39.175160788],[-77.800212149,39.209971693],[-77.755296384,39.209971693],[-77.755296384,39.175160788],[-77.800212149,39.175160788]]]}, "properties" : {"grid_id" : 387, "hotspot_class" : "Hot Spot"}}, {"type" : "Feature", "geometry" : {"type":"Polygon","coordinates":[[[-77.665464856,39.209971693],[-77.665464856,39.244765352],[-77.620549092,39.244765352],[-77.620549092,39.209971693],[-77.665464856,39.209971693]]]}, "properties" : {"grid_id" : 388, "hotspot_class" : "Neutral"}}, {"type" : "Feature", "geometry" : {"type":"Polygon","coordinates":[[[-77.800212149,39.209971693],[-77.800212149,39.244765352],[-77.755296384,39.244765352],[-77.755296384,39.209971693],[-77.800212149,39.209971693]]]}, "properties" : {"grid_id" : 389, "hotspot_class" : "Cold Spot"}}, {"type" : "Feature", "geometry" : {"type":"Polygon","coordinates":[[[-77.755296384,39.209971693],[-77.755296384,39.244765352],[-77.71038062,39.244765352],[-77.71038062,39.209971693],[-77.755296384,39.209971693]]]}, "properties" : {"grid_id" : 390, "hotspot_class" : "Cold Spot"}}, {"type" : "Feature", "geometry" : {"type":"Polygon","coordinates":[[[-77.71038062,39.209971693],[-77.71038062,39.244765352],[-77.665464856,39.244765352],[-77.665464856,39.209971693],[-77.71038062,39.209971693]]]}, "properties" : {"grid_id" : 391, "hotspot_class" : "Neutral"}}, {"type" : "Feature", "geometry" : {"type":"Polygon","coordinates":[[[-77.665464856,39.209971693],[-77.665464856,39.244765352],[-77.620549092,39.244765352],[-77.620549092,39.209971693],[-77.665464856,39.209971693]]]}, "properties" : {"grid_id" : 392, "hotspot_class" : "Neutral"}}, {"type" : "Feature", "geometry" : {"type":"Polygon","coordinates":[[[-77.71038062,39.209971693],[-77.71038062,39.244765352],[-77.665464856,39.244765352],[-77.665464856,39.209971693],[-77.71038062,39.209971693]]]}, "properties" : {"grid_id" : 393, "hotspot_class" : "Neutral"}}, {"type" : "Feature", "geometry" : {"type":"Polygon","coordinates":[[[-77.665464856,39.209971693],[-77.665464856,39.244765352],[-77.620549092,39.244765352],[-77.620549092,39.209971693],[-77.665464856,39.209971693]]]}, "properties" : {"grid_id" : 394, "hotspot_class" : "Neutral"}}, {"type" : "Feature", "geometry" : {"type":"Polygon","coordinates":[[[-77.800212149,39.209971693],[-77.800212149,39.244765352],[-77.755296384,39.244765352],[-77.755296384,39.209971693],[-77.800212149,39.209971693]]]}, "properties" : {"grid_id" : 395, "hotspot_class" : "Cold Spot"}}, {"type" : "Feature", "geometry" : {"type":"Polygon","coordinates":[[[-77.591290963,38.82688092],[-77.591290963,38.861863673],[-77.546375199,38.861863673],[-77.546375199,38.82688092],[-77.591290963,38.82688092]]]}, "properties" : {"grid_id" : 396, "hotspot_class" : "Cold Spot"}}, {"type" : "Feature", "geometry" : {"type":"Polygon","coordinates":[[[-77.546375199,38.82688092],[-77.546375199,38.861863673],[-77.501459435,38.861863673],[-77.501459435,38.82688092],[-77.546375199,38.82688092]]]}, "properties" : {"grid_id" : 397, "hotspot_class" : "Neutral"}}, {"type" : "Feature", "geometry" : {"type":"Polygon","coordinates":[[[-77.591290963,38.82688092],[-77.591290963,38.861863673],[-77.546375199,38.861863673],[-77.546375199,38.82688092],[-77.591290963,38.82688092]]]}, "properties" : {"grid_id" : 398, "hotspot_class" : "Cold Spot"}}, {"type" : "Feature", "geometry" : {"type":"Polygon","coordinates":[[[-77.591290963,38.82688092],[-77.591290963,38.861863673],[-77.546375199,38.861863673],[-77.546375199,38.82688092],[-77.591290963,38.82688092]]]}, "properties" : {"grid_id" : 399, "hotspot_class" : "Cold Spot"}}, {"type" : "Feature", "geometry" : {"type":"Polygon","coordinates":[[[-77.546375199,38.82688092],[-77.546375199,38.861863673],[-77.501459435,38.861863673],[-77.501459435,38.82688092],[-77.546375199,38.82688092]]]}, "properties" : {"grid_id" : 400, "hotspot_class" : "Neutral"}}, {"type" : "Feature", "geometry" : {"type":"Polygon","coordinates":[[[-77.591290963,38.82688092],[-77.591290963,38.861863673],[-77.546375199,38.861863673],[-77.546375199,38.82688092],[-77.591290963,38.82688092]]]}, "properties" : {"grid_id" : 401, "hotspot_class" : "Cold Spot"}}, {"type" : "Feature", "geometry" : {"type":"Polygon","coordinates":[[[-77.546375199,38.82688092],[-77.546375199,38.861863673],[-77.501459435,38.861863673],[-77.501459435,38.82688092],[-77.546375199,38.82688092]]]}, "properties" : {"grid_id" : 402, "hotspot_class" : "Neutral"}}, {"type" : "Feature", "geometry" : {"type":"Polygon","coordinates":[[[-77.546375199,38.82688092],[-77.546375199,38.861863673],[-77.501459435,38.861863673],[-77.501459435,38.82688092],[-77.546375199,38.82688092]]]}, "properties" : {"grid_id" : 403, "hotspot_class" : "Neutral"}}, {"type" : "Feature", "geometry" : {"type":"Polygon","coordinates":[[[-77.591290963,38.861863673],[-77.591290963,38.896829222],[-77.546375199,38.896829222],[-77.546375199,38.861863673],[-77.591290963,38.861863673]]]}, "properties" : {"grid_id" : 404, "hotspot_class" : "Cold Spot"}}, {"type" : "Feature", "geometry" : {"type":"Polygon","coordinates":[[[-77.591290963,38.861863673],[-77.591290963,38.896829222],[-77.546375199,38.896829222],[-77.546375199,38.861863673],[-77.591290963,38.861863673]]]}, "properties" : {"grid_id" : 405, "hotspot_class" : "Cold Spot"}}, {"type" : "Feature", "geometry" : {"type":"Polygon","coordinates":[[[-77.591290963,38.861863673],[-77.591290963,38.896829222],[-77.546375199,38.896829222],[-77.546375199,38.861863673],[-77.591290963,38.861863673]]]}, "properties" : {"grid_id" : 406, "hotspot_class" : "Cold Spot"}}, {"type" : "Feature", "geometry" : {"type":"Polygon","coordinates":[[[-77.546375199,38.861863673],[-77.546375199,38.896829222],[-77.501459435,38.896829222],[-77.501459435,38.861863673],[-77.546375199,38.861863673]]]}, "properties" : {"grid_id" : 407, "hotspot_class" : "Hot Spot"}}, {"type" : "Feature", "geometry" : {"type":"Polygon","coordinates":[[[-77.591290963,38.861863673],[-77.591290963,38.896829222],[-77.546375199,38.896829222],[-77.546375199,38.861863673],[-77.591290963,38.861863673]]]}, "properties" : {"grid_id" : 408, "hotspot_class" : "Cold Spot"}}, {"type" : "Feature", "geometry" : {"type":"Polygon","coordinates":[[[-77.546375199,38.861863673],[-77.546375199,38.896829222],[-77.501459435,38.896829222],[-77.501459435,38.861863673],[-77.546375199,38.861863673]]]}, "properties" : {"grid_id" : 409, "hotspot_class" : "Hot Spot"}}, {"type" : "Feature", "geometry" : {"type":"Polygon","coordinates":[[[-77.591290963,38.861863673],[-77.591290963,38.896829222],[-77.546375199,38.896829222],[-77.546375199,38.861863673],[-77.591290963,38.861863673]]]}, "properties" : {"grid_id" : 410, "hotspot_class" : "Cold Spot"}}, {"type" : "Feature", "geometry" : {"type":"Polygon","coordinates":[[[-77.546375199,38.861863673],[-77.546375199,38.896829222],[-77.501459435,38.896829222],[-77.501459435,38.861863673],[-77.546375199,38.861863673]]]}, "properties" : {"grid_id" : 411, "hotspot_class" : "Hot Spot"}}, {"type" : "Feature", "geometry" : {"type":"Polygon","coordinates":[[[-77.681041643,39.106323744],[-77.681041643,39.141168717],[-77.636125879,39.141168717],[-77.636125879,39.106323744],[-77.681041643,39.106323744]]]}, "properties" : {"grid_id" : 412, "hotspot_class" : "Cold Spot"}}, {"type" : "Feature", "geometry" : {"type":"Polygon","coordinates":[[[-77.636125879,39.106323744],[-77.636125879,39.141168717],[-77.591210115,39.141168717],[-77.591210115,39.106323744],[-77.636125879,39.106323744]]]}, "properties" : {"grid_id" : 413, "hotspot_class" : "Hot Spot"}}, {"type" : "Feature", "geometry" : {"type":"Polygon","coordinates":[[[-77.681041643,39.106323744],[-77.681041643,39.141168717],[-77.636125879,39.141168717],[-77.636125879,39.106323744],[-77.681041643,39.106323744]]]}, "properties" : {"grid_id" : 414, "hotspot_class" : "Cold Spot"}}, {"type" : "Feature", "geometry" : {"type":"Polygon","coordinates":[[[-77.636125879,39.106323744],[-77.636125879,39.141168717],[-77.591210115,39.141168717],[-77.591210115,39.106323744],[-77.636125879,39.106323744]]]}, "properties" : {"grid_id" : 415, "hotspot_class" : "Hot Spot"}}, {"type" : "Feature", "geometry" : {"type":"Polygon","coordinates":[[[-77.681041643,39.141168717],[-77.681041643,39.175996451],[-77.636125879,39.175996451],[-77.636125879,39.141168717],[-77.681041643,39.141168717]]]}, "properties" : {"grid_id" : 416, "hotspot_class" : "Hot Spot"}}, {"type" : "Feature", "geometry" : {"type":"Polygon","coordinates":[[[-77.636125879,39.141168717],[-77.636125879,39.175996451],[-77.591210115,39.175996451],[-77.591210115,39.141168717],[-77.636125879,39.141168717]]]}, "properties" : {"grid_id" : 417, "hotspot_class" : "Cold Spot"}}, {"type" : "Feature", "geometry" : {"type":"Polygon","coordinates":[[[-77.681041643,39.141168717],[-77.681041643,39.175996451],[-77.636125879,39.175996451],[-77.636125879,39.141168717],[-77.681041643,39.141168717]]]}, "properties" : {"grid_id" : 418, "hotspot_class" : "Hot Spot"}}, {"type" : "Feature", "geometry" : {"type":"Polygon","coordinates":[[[-77.681041643,39.141168717],[-77.681041643,39.175996451],[-77.636125879,39.175996451],[-77.636125879,39.141168717],[-77.681041643,39.141168717]]]}, "properties" : {"grid_id" : 419, "hotspot_class" : "Hot Spot"}}, {"type" : "Feature", "geometry" : {"type":"Polygon","coordinates":[[[-77.636125879,39.141168717],[-77.636125879,39.175996451],[-77.591210115,39.175996451],[-77.591210115,39.141168717],[-77.636125879,39.141168717]]]}, "properties" : {"grid_id" : 420, "hotspot_class" : "Cold Spot"}}, {"type" : "Feature", "geometry" : {"type":"Polygon","coordinates":[[[-77.636125879,39.141168717],[-77.636125879,39.175996451],[-77.591210115,39.175996451],[-77.591210115,39.141168717],[-77.636125879,39.141168717]]]}, "properties" : {"grid_id" : 421, "hotspot_class" : "Cold Spot"}}, {"type" : "Feature", "geometry" : {"type":"Polygon","coordinates":[[[-77.681041643,39.175996451],[-77.681041643,39.210806943],[-77.636125879,39.210806943],[-77.636125879,39.175996451],[-77.681041643,39.175996451]]]}, "properties" : {"grid_id" : 422, "hotspot_class" : "Hot Spot"}}, {"type" : "Feature", "geometry" : {"type":"Polygon","coordinates":[[[-77.636125879,39.175996451],[-77.636125879,39.210806943],[-77.591210115,39.210806943],[-77.591210115,39.175996451],[-77.636125879,39.175996451]]]}, "properties" : {"grid_id" : 423, "hotspot_class" : "Cold Spot"}}, {"type" : "Feature", "geometry" : {"type":"Polygon","coordinates":[[[-77.681041643,39.175996451],[-77.681041643,39.210806943],[-77.636125879,39.210806943],[-77.636125879,39.175996451],[-77.681041643,39.175996451]]]}, "properties" : {"grid_id" : 424, "hotspot_class" : "Hot Spot"}}, {"type" : "Feature", "geometry" : {"type":"Polygon","coordinates":[[[-77.681041643,39.175996451],[-77.681041643,39.210806943],[-77.636125879,39.210806943],[-77.636125879,39.175996451],[-77.681041643,39.175996451]]]}, "properties" : {"grid_id" : 425, "hotspot_class" : "Hot Spot"}}, {"type" : "Feature", "geometry" : {"type":"Polygon","coordinates":[[[-77.681041643,39.175996451],[-77.681041643,39.210806943],[-77.636125879,39.210806943],[-77.636125879,39.175996451],[-77.681041643,39.175996451]]]}, "properties" : {"grid_id" : 426, "hotspot_class" : "Hot Spot"}}, {"type" : "Feature", "geometry" : {"type":"Polygon","coordinates":[[[-77.703445626,38.745752796],[-77.703445626,38.780775393],[-77.658529862,38.780775393],[-77.658529862,38.745752796],[-77.703445626,38.745752796]]]}, "properties" : {"grid_id" : 427, "hotspot_class" : "Neutral"}}, {"type" : "Feature", "geometry" : {"type":"Polygon","coordinates":[[[-77.658529862,38.745752796],[-77.658529862,38.780775393],[-77.613614098,38.780775393],[-77.613614098,38.745752796],[-77.658529862,38.745752796]]]}, "properties" : {"grid_id" : 428, "hotspot_class" : "Neutral"}}, {"type" : "Feature", "geometry" : {"type":"Polygon","coordinates":[[[-77.613614098,38.745752796],[-77.613614098,38.780775393],[-77.568698334,38.780775393],[-77.568698334,38.745752796],[-77.613614098,38.745752796]]]}, "properties" : {"grid_id" : 429, "hotspot_class" : "Hot Spot"}}, {"type" : "Feature", "geometry" : {"type":"Polygon","coordinates":[[[-77.703445626,38.745752796],[-77.703445626,38.780775393],[-77.658529862,38.780775393],[-77.658529862,38.745752796],[-77.703445626,38.745752796]]]}, "properties" : {"grid_id" : 430, "hotspot_class" : "Neutral"}}, {"type" : "Feature", "geometry" : {"type":"Polygon","coordinates":[[[-77.658529862,38.745752796],[-77.658529862,38.780775393],[-77.613614098,38.780775393],[-77.613614098,38.745752796],[-77.658529862,38.745752796]]]}, "properties" : {"grid_id" : 431, "hotspot_class" : "Neutral"}}, {"type" : "Feature", "geometry" : {"type":"Polygon","coordinates":[[[-77.568698334,38.745752796],[-77.568698334,38.780775393],[-77.523782569,38.780775393],[-77.523782569,38.745752796],[-77.568698334,38.745752796]]]}, "properties" : {"grid_id" : 432, "hotspot_class" : "Neutral"}}, {"type" : "Feature", "geometry" : {"type":"Polygon","coordinates":[[[-77.613614098,38.745752796],[-77.613614098,38.780775393],[-77.568698334,38.780775393],[-77.568698334,38.745752796],[-77.613614098,38.745752796]]]}, "properties" : {"grid_id" : 433, "hotspot_class" : "Hot Spot"}}, {"type" : "Feature", "geometry" : {"type":"Polygon","coordinates":[[[-77.568698334,38.745752796],[-77.568698334,38.780775393],[-77.523782569,38.780775393],[-77.523782569,38.745752796],[-77.568698334,38.745752796]]]}, "properties" : {"grid_id" : 434, "hotspot_class" : "Neutral"}}, {"type" : "Feature", "geometry" : {"type":"Polygon","coordinates":[[[-77.568698334,38.745752796],[-77.568698334,38.780775393],[-77.523782569,38.780775393],[-77.523782569,38.745752796],[-77.568698334,38.745752796]]]}, "properties" : {"grid_id" : 435, "hotspot_class" : "Neutral"}}, {"type" : "Feature", "geometry" : {"type":"Polygon","coordinates":[[[-77.703445626,38.745752796],[-77.703445626,38.780775393],[-77.658529862,38.780775393],[-77.658529862,38.745752796],[-77.703445626,38.745752796]]]}, "properties" : {"grid_id" : 436, "hotspot_class" : "Neutral"}}, {"type" : "Feature", "geometry" : {"type":"Polygon","coordinates":[[[-77.658529862,38.745752796],[-77.658529862,38.780775393],[-77.613614098,38.780775393],[-77.613614098,38.745752796],[-77.658529862,38.745752796]]]}, "properties" : {"grid_id" : 437, "hotspot_class" : "Neutral"}}, {"type" : "Feature", "geometry" : {"type":"Polygon","coordinates":[[[-77.613614098,38.745752796],[-77.613614098,38.780775393],[-77.568698334,38.780775393],[-77.568698334,38.745752796],[-77.613614098,38.745752796]]]}, "properties" : {"grid_id" : 438, "hotspot_class" : "Hot Spot"}}, {"type" : "Feature", "geometry" : {"type":"Polygon","coordinates":[[[-77.703445626,38.780775393],[-77.703445626,38.815780798],[-77.658529862,38.815780798],[-77.658529862,38.780775393],[-77.703445626,38.780775393]]]}, "properties" : {"grid_id" : 439, "hotspot_class" : "Neutral"}}, {"type" : "Feature", "geometry" : {"type":"Polygon","coordinates":[[[-77.703445626,38.780775393],[-77.703445626,38.815780798],[-77.658529862,38.815780798],[-77.658529862,38.780775393],[-77.703445626,38.780775393]]]}, "properties" : {"grid_id" : 440, "hotspot_class" : "Neutral"}}, {"type" : "Feature", "geometry" : {"type":"Polygon","coordinates":[[[-77.658529862,38.780775393],[-77.658529862,38.815780798],[-77.613614098,38.815780798],[-77.613614098,38.780775393],[-77.658529862,38.780775393]]]}, "properties" : {"grid_id" : 441, "hotspot_class" : "Neutral"}}, {"type" : "Feature", "geometry" : {"type":"Polygon","coordinates":[[[-77.613614098,38.780775393],[-77.613614098,38.815780798],[-77.568698334,38.815780798],[-77.568698334,38.780775393],[-77.613614098,38.780775393]]]}, "properties" : {"grid_id" : 442, "hotspot_class" : "Neutral"}}, {"type" : "Feature", "geometry" : {"type":"Polygon","coordinates":[[[-77.568698334,38.780775393],[-77.568698334,38.815780798],[-77.523782569,38.815780798],[-77.523782569,38.780775393],[-77.568698334,38.780775393]]]}, "properties" : {"grid_id" : 443, "hotspot_class" : "Neutral"}}, {"type" : "Feature", "geometry" : {"type":"Polygon","coordinates":[[[-77.703445626,38.780775393],[-77.703445626,38.815780798],[-77.658529862,38.815780798],[-77.658529862,38.780775393],[-77.703445626,38.780775393]]]}, "properties" : {"grid_id" : 444, "hotspot_class" : "Neutral"}}, {"type" : "Feature", "geometry" : {"type":"Polygon","coordinates":[[[-77.613614098,38.780775393],[-77.613614098,38.815780798],[-77.568698334,38.815780798],[-77.568698334,38.780775393],[-77.613614098,38.780775393]]]}, "properties" : {"grid_id" : 445, "hotspot_class" : "Neutral"}}, {"type" : "Feature", "geometry" : {"type":"Polygon","coordinates":[[[-77.568698334,38.780775393],[-77.568698334,38.815780798],[-77.523782569,38.815780798],[-77.523782569,38.780775393],[-77.568698334,38.780775393]]]}, "properties" : {"grid_id" : 446, "hotspot_class" : "Neutral"}}, {"type" : "Feature", "geometry" : {"type":"Polygon","coordinates":[[[-77.613614098,38.780775393],[-77.613614098,38.815780798],[-77.568698334,38.815780798],[-77.568698334,38.780775393],[-77.613614098,38.780775393]]]}, "properties" : {"grid_id" : 447, "hotspot_class" : "Neutral"}}, {"type" : "Feature", "geometry" : {"type":"Polygon","coordinates":[[[-77.568698334,38.780775393],[-77.568698334,38.815780798],[-77.523782569,38.815780798],[-77.523782569,38.780775393],[-77.568698334,38.780775393]]]}, "properties" : {"grid_id" : 448, "hotspot_class" : "Neutral"}}, {"type" : "Feature", "geometry" : {"type":"Polygon","coordinates":[[[-77.703445626,38.780775393],[-77.703445626,38.815780798],[-77.658529862,38.815780798],[-77.658529862,38.780775393],[-77.703445626,38.780775393]]]}, "properties" : {"grid_id" : 449, "hotspot_class" : "Neutral"}}, {"type" : "Feature", "geometry" : {"type":"Polygon","coordinates":[[[-77.658529862,38.780775393],[-77.658529862,38.815780798],[-77.613614098,38.815780798],[-77.613614098,38.780775393],[-77.658529862,38.780775393]]]}, "properties" : {"grid_id" : 450, "hotspot_class" : "Neutral"}}, {"type" : "Feature", "geometry" : {"type":"Polygon","coordinates":[[[-77.703445626,38.815780798],[-77.703445626,38.850769006],[-77.658529862,38.850769006],[-77.658529862,38.815780798],[-77.703445626,38.815780798]]]}, "properties" : {"grid_id" : 451, "hotspot_class" : "Neutral"}}, {"type" : "Feature", "geometry" : {"type":"Polygon","coordinates":[[[-77.613614098,38.815780798],[-77.613614098,38.850769006],[-77.568698334,38.850769006],[-77.568698334,38.815780798],[-77.613614098,38.815780798]]]}, "properties" : {"grid_id" : 452, "hotspot_class" : "Neutral"}}, {"type" : "Feature", "geometry" : {"type":"Polygon","coordinates":[[[-77.568698334,38.815780798],[-77.568698334,38.850769006],[-77.523782569,38.850769006],[-77.523782569,38.815780798],[-77.568698334,38.815780798]]]}, "properties" : {"grid_id" : 453, "hotspot_class" : "Neutral"}}, {"type" : "Feature", "geometry" : {"type":"Polygon","coordinates":[[[-77.703445626,38.815780798],[-77.703445626,38.850769006],[-77.658529862,38.850769006],[-77.658529862,38.815780798],[-77.703445626,38.815780798]]]}, "properties" : {"grid_id" : 454, "hotspot_class" : "Neutral"}}, {"type" : "Feature", "geometry" : {"type":"Polygon","coordinates":[[[-77.658529862,38.815780798],[-77.658529862,38.850769006],[-77.613614098,38.850769006],[-77.613614098,38.815780798],[-77.658529862,38.815780798]]]}, "properties" : {"grid_id" : 455, "hotspot_class" : "Neutral"}}, {"type" : "Feature", "geometry" : {"type":"Polygon","coordinates":[[[-77.613614098,38.815780798],[-77.613614098,38.850769006],[-77.568698334,38.850769006],[-77.568698334,38.815780798],[-77.613614098,38.815780798]]]}, "properties" : {"grid_id" : 456, "hotspot_class" : "Neutral"}}, {"type" : "Feature", "geometry" : {"type":"Polygon","coordinates":[[[-77.568698334,38.815780798],[-77.568698334,38.850769006],[-77.523782569,38.850769006],[-77.523782569,38.815780798],[-77.568698334,38.815780798]]]}, "properties" : {"grid_id" : 457, "hotspot_class" : "Neutral"}}, {"type" : "Feature", "geometry" : {"type":"Polygon","coordinates":[[[-77.568698334,38.815780798],[-77.568698334,38.850769006],[-77.523782569,38.850769006],[-77.523782569,38.815780798],[-77.568698334,38.815780798]]]}, "properties" : {"grid_id" : 458, "hotspot_class" : "Neutral"}}, {"type" : "Feature", "geometry" : {"type":"Polygon","coordinates":[[[-77.613614098,38.815780798],[-77.613614098,38.850769006],[-77.568698334,38.850769006],[-77.568698334,38.815780798],[-77.613614098,38.815780798]]]}, "properties" : {"grid_id" : 459, "hotspot_class" : "Neutral"}}, {"type" : "Feature", "geometry" : {"type":"Polygon","coordinates":[[[-77.568698334,38.815780798],[-77.568698334,38.850769006],[-77.523782569,38.850769006],[-77.523782569,38.815780798],[-77.568698334,38.815780798]]]}, "properties" : {"grid_id" : 460, "hotspot_class" : "Neutral"}}, {"type" : "Feature", "geometry" : {"type":"Polygon","coordinates":[[[-77.703445626,38.815780798],[-77.703445626,38.850769006],[-77.658529862,38.850769006],[-77.658529862,38.815780798],[-77.703445626,38.815780798]]]}, "properties" : {"grid_id" : 461, "hotspot_class" : "Neutral"}}, {"type" : "Feature", "geometry" : {"type":"Polygon","coordinates":[[[-77.658529862,38.815780798],[-77.658529862,38.850769006],[-77.613614098,38.850769006],[-77.613614098,38.815780798],[-77.658529862,38.815780798]]]}, "properties" : {"grid_id" : 462, "hotspot_class" : "Neutral"}}, {"type" : "Feature", "geometry" : {"type":"Polygon","coordinates":[[[-77.613614098,38.815780798],[-77.613614098,38.850769006],[-77.568698334,38.850769006],[-77.568698334,38.815780798],[-77.613614098,38.815780798]]]}, "properties" : {"grid_id" : 463, "hotspot_class" : "Neutral"}}, {"type" : "Feature", "geometry" : {"type":"Polygon","coordinates":[[[-77.703445626,38.815780798],[-77.703445626,38.850769006],[-77.658529862,38.850769006],[-77.658529862,38.815780798],[-77.703445626,38.815780798]]]}, "properties" : {"grid_id" : 464, "hotspot_class" : "Neutral"}}, {"type" : "Feature", "geometry" : {"type":"Polygon","coordinates":[[[-77.568698334,38.815780798],[-77.568698334,38.850769006],[-77.523782569,38.850769006],[-77.523782569,38.815780798],[-77.568698334,38.815780798]]]}, "properties" : {"grid_id" : 465, "hotspot_class" : "Neutral"}}, {"type" : "Feature", "geometry" : {"type":"Polygon","coordinates":[[[-77.613614098,38.850769006],[-77.613614098,38.885740013],[-77.568698334,38.885740013],[-77.568698334,38.850769006],[-77.613614098,38.850769006]]]}, "properties" : {"grid_id" : 466, "hotspot_class" : "Neutral"}}, {"type" : "Feature", "geometry" : {"type":"Polygon","coordinates":[[[-77.568698334,38.850769006],[-77.568698334,38.885740013],[-77.523782569,38.885740013],[-77.523782569,38.850769006],[-77.568698334,38.850769006]]]}, "properties" : {"grid_id" : 467, "hotspot_class" : "Hot Spot"}}, {"type" : "Feature", "geometry" : {"type":"Polygon","coordinates":[[[-77.658529862,38.850769006],[-77.658529862,38.885740013],[-77.613614098,38.885740013],[-77.613614098,38.850769006],[-77.658529862,38.850769006]]]}, "properties" : {"grid_id" : 468, "hotspot_class" : "Neutral"}}, {"type" : "Feature", "geometry" : {"type":"Polygon","coordinates":[[[-77.613614098,38.850769006],[-77.613614098,38.885740013],[-77.568698334,38.885740013],[-77.568698334,38.850769006],[-77.613614098,38.850769006]]]}, "properties" : {"grid_id" : 469, "hotspot_class" : "Neutral"}}, {"type" : "Feature", "geometry" : {"type":"Polygon","coordinates":[[[-77.568698334,38.850769006],[-77.568698334,38.885740013],[-77.523782569,38.885740013],[-77.523782569,38.850769006],[-77.568698334,38.850769006]]]}, "properties" : {"grid_id" : 470, "hotspot_class" : "Hot Spot"}}, {"type" : "Feature", "geometry" : {"type":"Polygon","coordinates":[[[-77.703445626,38.850769006],[-77.703445626,38.885740013],[-77.658529862,38.885740013],[-77.658529862,38.850769006],[-77.703445626,38.850769006]]]}, "properties" : {"grid_id" : 471, "hotspot_class" : "Neutral"}}, {"type" : "Feature", "geometry" : {"type":"Polygon","coordinates":[[[-77.658529862,38.850769006],[-77.658529862,38.885740013],[-77.613614098,38.885740013],[-77.613614098,38.850769006],[-77.658529862,38.850769006]]]}, "properties" : {"grid_id" : 472, "hotspot_class" : "Neutral"}}, {"type" : "Feature", "geometry" : {"type":"Polygon","coordinates":[[[-77.613614098,38.850769006],[-77.613614098,38.885740013],[-77.568698334,38.885740013],[-77.568698334,38.850769006],[-77.613614098,38.850769006]]]}, "properties" : {"grid_id" : 473, "hotspot_class" : "Neutral"}}, {"type" : "Feature", "geometry" : {"type":"Polygon","coordinates":[[[-77.703445626,38.850769006],[-77.703445626,38.885740013],[-77.658529862,38.885740013],[-77.658529862,38.850769006],[-77.703445626,38.850769006]]]}, "properties" : {"grid_id" : 474, "hotspot_class" : "Neutral"}}, {"type" : "Feature", "geometry" : {"type":"Polygon","coordinates":[[[-77.568698334,38.850769006],[-77.568698334,38.885740013],[-77.523782569,38.885740013],[-77.523782569,38.850769006],[-77.568698334,38.850769006]]]}, "properties" : {"grid_id" : 475, "hotspot_class" : "Hot Spot"}}, {"type" : "Feature", "geometry" : {"type":"Polygon","coordinates":[[[-77.484975349,38.489328379],[-77.484975349,38.524476453],[-77.440059585,38.524476453],[-77.440059585,38.489328379],[-77.484975349,38.489328379]]]}, "properties" : {"grid_id" : 476, "hotspot_class" : "Hot Spot"}}, {"type" : "Feature", "geometry" : {"type":"Polygon","coordinates":[[[-77.440059585,38.489328379],[-77.440059585,38.524476453],[-77.395143821,38.524476453],[-77.395143821,38.489328379],[-77.440059585,38.489328379]]]}, "properties" : {"grid_id" : 477, "hotspot_class" : "Neutral"}}, {"type" : "Feature", "geometry" : {"type":"Polygon","coordinates":[[[-77.395143821,38.489328379],[-77.395143821,38.524476453],[-77.350228057,38.524476453],[-77.350228057,38.489328379],[-77.395143821,38.489328379]]]}, "properties" : {"grid_id" : 478, "hotspot_class" : "Cold Spot"}}, {"type" : "Feature", "geometry" : {"type":"Polygon","coordinates":[[[-77.529891113,38.489328379],[-77.529891113,38.524476453],[-77.484975349,38.524476453],[-77.484975349,38.489328379],[-77.529891113,38.489328379]]]}, "properties" : {"grid_id" : 479, "hotspot_class" : "Hot Spot"}}, {"type" : "Feature", "geometry" : {"type":"Polygon","coordinates":[[[-77.484975349,38.489328379],[-77.484975349,38.524476453],[-77.440059585,38.524476453],[-77.440059585,38.489328379],[-77.484975349,38.489328379]]]}, "properties" : {"grid_id" : 480, "hotspot_class" : "Hot Spot"}}, {"type" : "Feature", "geometry" : {"type":"Polygon","coordinates":[[[-77.440059585,38.489328379],[-77.440059585,38.524476453],[-77.395143821,38.524476453],[-77.395143821,38.489328379],[-77.440059585,38.489328379]]]}, "properties" : {"grid_id" : 481, "hotspot_class" : "Neutral"}}, {"type" : "Feature", "geometry" : {"type":"Polygon","coordinates":[[[-77.440059585,38.524476453],[-77.440059585,38.559607369],[-77.395143821,38.559607369],[-77.395143821,38.524476453],[-77.440059585,38.524476453]]]}, "properties" : {"grid_id" : 482, "hotspot_class" : "Cold Spot"}}, {"type" : "Feature", "geometry" : {"type":"Polygon","coordinates":[[[-77.395143821,38.524476453],[-77.395143821,38.559607369],[-77.350228057,38.559607369],[-77.350228057,38.524476453],[-77.395143821,38.524476453]]]}, "properties" : {"grid_id" : 483, "hotspot_class" : "Cold Spot"}}, {"type" : "Feature", "geometry" : {"type":"Polygon","coordinates":[[[-77.529891113,38.524476453],[-77.529891113,38.559607369],[-77.484975349,38.559607369],[-77.484975349,38.524476453],[-77.529891113,38.524476453]]]}, "properties" : {"grid_id" : 484, "hotspot_class" : "Hot Spot"}}, {"type" : "Feature", "geometry" : {"type":"Polygon","coordinates":[[[-77.484975349,38.524476453],[-77.484975349,38.559607369],[-77.440059585,38.559607369],[-77.440059585,38.524476453],[-77.484975349,38.524476453]]]}, "properties" : {"grid_id" : 485, "hotspot_class" : "Cold Spot"}}, {"type" : "Feature", "geometry" : {"type":"Polygon","coordinates":[[[-77.440059585,38.524476453],[-77.440059585,38.559607369],[-77.395143821,38.559607369],[-77.395143821,38.524476453],[-77.440059585,38.524476453]]]}, "properties" : {"grid_id" : 486, "hotspot_class" : "Cold Spot"}}, {"type" : "Feature", "geometry" : {"type":"Polygon","coordinates":[[[-77.395143821,38.524476453],[-77.395143821,38.559607369],[-77.350228057,38.559607369],[-77.350228057,38.524476453],[-77.395143821,38.524476453]]]}, "properties" : {"grid_id" : 487, "hotspot_class" : "Cold Spot"}}, {"type" : "Feature", "geometry" : {"type":"Polygon","coordinates":[[[-77.529891113,38.524476453],[-77.529891113,38.559607369],[-77.484975349,38.559607369],[-77.484975349,38.524476453],[-77.529891113,38.524476453]]]}, "properties" : {"grid_id" : 488, "hotspot_class" : "Hot Spot"}}, {"type" : "Feature", "geometry" : {"type":"Polygon","coordinates":[[[-77.529891113,38.524476453],[-77.529891113,38.559607369],[-77.484975349,38.559607369],[-77.484975349,38.524476453],[-77.529891113,38.524476453]]]}, "properties" : {"grid_id" : 489, "hotspot_class" : "Hot Spot"}}, {"type" : "Feature", "geometry" : {"type":"Polygon","coordinates":[[[-77.484975349,38.524476453],[-77.484975349,38.559607369],[-77.440059585,38.559607369],[-77.440059585,38.524476453],[-77.484975349,38.524476453]]]}, "properties" : {"grid_id" : 490, "hotspot_class" : "Cold Spot"}}, {"type" : "Feature", "geometry" : {"type":"Polygon","coordinates":[[[-77.484975349,38.559607369],[-77.484975349,38.594721122],[-77.440059585,38.594721122],[-77.440059585,38.559607369],[-77.484975349,38.559607369]]]}, "properties" : {"grid_id" : 491, "hotspot_class" : "Neutral"}}, {"type" : "Feature", "geometry" : {"type":"Polygon","coordinates":[[[-77.440059585,38.559607369],[-77.440059585,38.594721122],[-77.395143821,38.594721122],[-77.395143821,38.559607369],[-77.440059585,38.559607369]]]}, "properties" : {"grid_id" : 492, "hotspot_class" : "Neutral"}}, {"type" : "Feature", "geometry" : {"type":"Polygon","coordinates":[[[-77.395143821,38.559607369],[-77.395143821,38.594721122],[-77.350228057,38.594721122],[-77.350228057,38.559607369],[-77.395143821,38.559607369]]]}, "properties" : {"grid_id" : 493, "hotspot_class" : "Hot Spot"}}, {"type" : "Feature", "geometry" : {"type":"Polygon","coordinates":[[[-77.529891113,38.559607369],[-77.529891113,38.594721122],[-77.484975349,38.594721122],[-77.484975349,38.559607369],[-77.529891113,38.559607369]]]}, "properties" : {"grid_id" : 494, "hotspot_class" : "Neutral"}}, {"type" : "Feature", "geometry" : {"type":"Polygon","coordinates":[[[-77.484975349,38.559607369],[-77.484975349,38.594721122],[-77.440059585,38.594721122],[-77.440059585,38.559607369],[-77.484975349,38.559607369]]]}, "properties" : {"grid_id" : 495, "hotspot_class" : "Neutral"}}, {"type" : "Feature", "geometry" : {"type":"Polygon","coordinates":[[[-77.440059585,38.559607369],[-77.440059585,38.594721122],[-77.395143821,38.594721122],[-77.395143821,38.559607369],[-77.440059585,38.559607369]]]}, "properties" : {"grid_id" : 496, "hotspot_class" : "Neutral"}}, {"type" : "Feature", "geometry" : {"type":"Polygon","coordinates":[[[-77.395143821,38.559607369],[-77.395143821,38.594721122],[-77.350228057,38.594721122],[-77.350228057,38.559607369],[-77.395143821,38.559607369]]]}, "properties" : {"grid_id" : 497, "hotspot_class" : "Hot Spot"}}, {"type" : "Feature", "geometry" : {"type":"Polygon","coordinates":[[[-77.529891113,38.559607369],[-77.529891113,38.594721122],[-77.484975349,38.594721122],[-77.484975349,38.559607369],[-77.529891113,38.559607369]]]}, "properties" : {"grid_id" : 498, "hotspot_class" : "Neutral"}}, {"type" : "Feature", "geometry" : {"type":"Polygon","coordinates":[[[-77.484975349,38.559607369],[-77.484975349,38.594721122],[-77.440059585,38.594721122],[-77.440059585,38.559607369],[-77.484975349,38.559607369]]]}, "properties" : {"grid_id" : 499, "hotspot_class" : "Neutral"}}, {"type" : "Feature", "geometry" : {"type":"Polygon","coordinates":[[[-77.395143821,38.559607369],[-77.395143821,38.594721122],[-77.350228057,38.594721122],[-77.350228057,38.559607369],[-77.395143821,38.559607369]]]}, "properties" : {"grid_id" : 500, "hotspot_class" : "Hot Spot"}}, {"type" : "Feature", "geometry" : {"type":"Polygon","coordinates":[[[-77.403641883,38.603061626],[-77.403641883,38.638154133],[-77.358726119,38.638154133],[-77.358726119,38.603061626],[-77.403641883,38.603061626]]]}, "properties" : {"grid_id" : 501, "hotspot_class" : "Neutral"}}, {"type" : "Feature", "geometry" : {"type":"Polygon","coordinates":[[[-77.403641883,38.603061626],[-77.403641883,38.638154133],[-77.358726119,38.638154133],[-77.358726119,38.603061626],[-77.403641883,38.603061626]]]}, "properties" : {"grid_id" : 502, "hotspot_class" : "Neutral"}}, {"type" : "Feature", "geometry" : {"type":"Polygon","coordinates":[[[-77.358726119,38.603061626],[-77.358726119,38.638154133],[-77.313810355,38.638154133],[-77.313810355,38.603061626],[-77.358726119,38.603061626]]]}, "properties" : {"grid_id" : 503, "hotspot_class" : "Hot Spot"}}, {"type" : "Feature", "geometry" : {"type":"Polygon","coordinates":[[[-77.313810355,38.603061626],[-77.313810355,38.638154133],[-77.268894591,38.638154133],[-77.268894591,38.603061626],[-77.313810355,38.603061626]]]}, "properties" : {"grid_id" : 504, "hotspot_class" : "Neutral"}}, {"type" : "Feature", "geometry" : {"type":"Polygon","coordinates":[[[-77.313810355,38.603061626],[-77.313810355,38.638154133],[-77.268894591,38.638154133],[-77.268894591,38.603061626],[-77.313810355,38.603061626]]]}, "properties" : {"grid_id" : 505, "hotspot_class" : "Neutral"}}, {"type" : "Feature", "geometry" : {"type":"Polygon","coordinates":[[[-77.403641883,38.603061626],[-77.403641883,38.638154133],[-77.358726119,38.638154133],[-77.358726119,38.603061626],[-77.403641883,38.603061626]]]}, "properties" : {"grid_id" : 506, "hotspot_class" : "Neutral"}}, {"type" : "Feature", "geometry" : {"type":"Polygon","coordinates":[[[-77.358726119,38.603061626],[-77.358726119,38.638154133],[-77.313810355,38.638154133],[-77.313810355,38.603061626],[-77.358726119,38.603061626]]]}, "properties" : {"grid_id" : 507, "hotspot_class" : "Hot Spot"}}, {"type" : "Feature", "geometry" : {"type":"Polygon","coordinates":[[[-77.313810355,38.603061626],[-77.313810355,38.638154133],[-77.268894591,38.638154133],[-77.268894591,38.603061626],[-77.313810355,38.603061626]]]}, "properties" : {"grid_id" : 508, "hotspot_class" : "Neutral"}}, {"type" : "Feature", "geometry" : {"type":"Polygon","coordinates":[[[-77.403641883,38.638154133],[-77.403641883,38.673229467],[-77.358726119,38.673229467],[-77.358726119,38.638154133],[-77.403641883,38.638154133]]]}, "properties" : {"grid_id" : 509, "hotspot_class" : "Hot Spot"}}, {"type" : "Feature", "geometry" : {"type":"Polygon","coordinates":[[[-77.403641883,38.638154133],[-77.403641883,38.673229467],[-77.358726119,38.673229467],[-77.358726119,38.638154133],[-77.403641883,38.638154133]]]}, "properties" : {"grid_id" : 510, "hotspot_class" : "Hot Spot"}}, {"type" : "Feature", "geometry" : {"type":"Polygon","coordinates":[[[-77.358726119,38.638154133],[-77.358726119,38.673229467],[-77.313810355,38.673229467],[-77.313810355,38.638154133],[-77.358726119,38.638154133]]]}, "properties" : {"grid_id" : 511, "hotspot_class" : "Neutral"}}, {"type" : "Feature", "geometry" : {"type":"Polygon","coordinates":[[[-77.313810355,38.638154133],[-77.313810355,38.673229467],[-77.268894591,38.673229467],[-77.268894591,38.638154133],[-77.313810355,38.638154133]]]}, "properties" : {"grid_id" : 512, "hotspot_class" : "Cold Spot"}}, {"type" : "Feature", "geometry" : {"type":"Polygon","coordinates":[[[-77.313810355,38.638154133],[-77.313810355,38.673229467],[-77.268894591,38.673229467],[-77.268894591,38.638154133],[-77.313810355,38.638154133]]]}, "properties" : {"grid_id" : 513, "hotspot_class" : "Cold Spot"}}, {"type" : "Feature", "geometry" : {"type":"Polygon","coordinates":[[[-77.403641883,38.673229467],[-77.403641883,38.708287623],[-77.358726119,38.708287623],[-77.358726119,38.673229467],[-77.403641883,38.673229467]]]}, "properties" : {"grid_id" : 514, "hotspot_class" : "Cold Spot"}}, {"type" : "Feature", "geometry" : {"type":"Polygon","coordinates":[[[-77.403641883,38.673229467],[-77.403641883,38.708287623],[-77.358726119,38.708287623],[-77.358726119,38.673229467],[-77.403641883,38.673229467]]]}, "properties" : {"grid_id" : 515, "hotspot_class" : "Cold Spot"}}, {"type" : "Feature", "geometry" : {"type":"Polygon","coordinates":[[[-77.403641883,38.673229467],[-77.403641883,38.708287623],[-77.358726119,38.708287623],[-77.358726119,38.673229467],[-77.403641883,38.673229467]]]}, "properties" : {"grid_id" : 516, "hotspot_class" : "Cold Spot"}}, {"type" : "Feature", "geometry" : {"type":"Polygon","coordinates":[[[-77.552968833,38.846207519],[-77.552968833,38.881180769],[-77.508053069,38.881180769],[-77.508053069,38.846207519],[-77.552968833,38.846207519]]]}, "properties" : {"grid_id" : 517, "hotspot_class" : "Neutral"}}, {"type" : "Feature", "geometry" : {"type":"Polygon","coordinates":[[[-77.552968833,38.846207519],[-77.552968833,38.881180769],[-77.508053069,38.881180769],[-77.508053069,38.846207519],[-77.552968833,38.846207519]]]}, "properties" : {"grid_id" : 518, "hotspot_class" : "Neutral"}}, {"type" : "Feature", "geometry" : {"type":"Polygon","coordinates":[[[-77.552968833,38.846207519],[-77.552968833,38.881180769],[-77.508053069,38.881180769],[-77.508053069,38.846207519],[-77.552968833,38.846207519]]]}, "properties" : {"grid_id" : 519, "hotspot_class" : "Neutral"}}, {"type" : "Feature", "geometry" : {"type":"Polygon","coordinates":[[[-77.508053069,38.846207519],[-77.508053069,38.881180769],[-77.463137305,38.881180769],[-77.463137305,38.846207519],[-77.508053069,38.846207519]]]}, "properties" : {"grid_id" : 520, "hotspot_class" : "Neutral"}}, {"type" : "Feature", "geometry" : {"type":"Polygon","coordinates":[[[-77.552968833,38.846207519],[-77.552968833,38.881180769],[-77.508053069,38.881180769],[-77.508053069,38.846207519],[-77.552968833,38.846207519]]]}, "properties" : {"grid_id" : 521, "hotspot_class" : "Neutral"}}, {"type" : "Feature", "geometry" : {"type":"Polygon","coordinates":[[[-77.508053069,38.846207519],[-77.508053069,38.881180769],[-77.463137305,38.881180769],[-77.463137305,38.846207519],[-77.508053069,38.846207519]]]}, "properties" : {"grid_id" : 522, "hotspot_class" : "Neutral"}}, {"type" : "Feature", "geometry" : {"type":"Polygon","coordinates":[[[-77.552968833,38.881180769],[-77.552968833,38.916136814],[-77.508053069,38.916136814],[-77.508053069,38.881180769],[-77.552968833,38.881180769]]]}, "properties" : {"grid_id" : 523, "hotspot_class" : "Hot Spot"}}, {"type" : "Feature", "geometry" : {"type":"Polygon","coordinates":[[[-77.552968833,38.881180769],[-77.552968833,38.916136814],[-77.508053069,38.916136814],[-77.508053069,38.881180769],[-77.552968833,38.881180769]]]}, "properties" : {"grid_id" : 524, "hotspot_class" : "Hot Spot"}}, {"type" : "Feature", "geometry" : {"type":"Polygon","coordinates":[[[-77.508053069,38.881180769],[-77.508053069,38.916136814],[-77.463137305,38.916136814],[-77.463137305,38.881180769],[-77.508053069,38.881180769]]]}, "properties" : {"grid_id" : 525, "hotspot_class" : "Neutral"}}, {"type" : "Feature", "geometry" : {"type":"Polygon","coordinates":[[[-77.552968833,38.881180769],[-77.552968833,38.916136814],[-77.508053069,38.916136814],[-77.508053069,38.881180769],[-77.552968833,38.881180769]]]}, "properties" : {"grid_id" : 526, "hotspot_class" : "Hot Spot"}}, {"type" : "Feature", "geometry" : {"type":"Polygon","coordinates":[[[-77.508053069,38.881180769],[-77.508053069,38.916136814],[-77.463137305,38.916136814],[-77.463137305,38.881180769],[-77.508053069,38.881180769]]]}, "properties" : {"grid_id" : 527, "hotspot_class" : "Neutral"}}, {"type" : "Feature", "geometry" : {"type":"Polygon","coordinates":[[[-77.552968833,38.881180769],[-77.552968833,38.916136814],[-77.508053069,38.916136814],[-77.508053069,38.881180769],[-77.552968833,38.881180769]]]}, "properties" : {"grid_id" : 528, "hotspot_class" : "Hot Spot"}}, {"type" : "Feature", "geometry" : {"type":"Polygon","coordinates":[[[-77.508053069,38.881180769],[-77.508053069,38.916136814],[-77.463137305,38.916136814],[-77.463137305,38.881180769],[-77.508053069,38.881180769]]]}, "properties" : {"grid_id" : 529, "hotspot_class" : "Neutral"}}, {"type" : "Feature", "geometry" : {"type":"Polygon","coordinates":[[[-77.552968833,38.916136814],[-77.552968833,38.951075649],[-77.508053069,38.951075649],[-77.508053069,38.916136814],[-77.552968833,38.916136814]]]}, "properties" : {"grid_id" : 530, "hotspot_class" : "Neutral"}}, {"type" : "Feature", "geometry" : {"type":"Polygon","coordinates":[[[-77.508053069,38.916136814],[-77.508053069,38.951075649],[-77.463137305,38.951075649],[-77.463137305,38.916136814],[-77.508053069,38.916136814]]]}, "properties" : {"grid_id" : 531, "hotspot_class" : "Cold Spot"}}, {"type" : "Feature", "geometry" : {"type":"Polygon","coordinates":[[[-77.552968833,38.916136814],[-77.552968833,38.951075649],[-77.508053069,38.951075649],[-77.508053069,38.916136814],[-77.552968833,38.916136814]]]}, "properties" : {"grid_id" : 532, "hotspot_class" : "Neutral"}}, {"type" : "Feature", "geometry" : {"type":"Polygon","coordinates":[[[-77.552968833,38.916136814],[-77.552968833,38.951075649],[-77.508053069,38.951075649],[-77.508053069,38.916136814],[-77.552968833,38.916136814]]]}, "properties" : {"grid_id" : 533, "hotspot_class" : "Neutral"}}, {"type" : "Feature", "geometry" : {"type":"Polygon","coordinates":[[[-77.508053069,38.916136814],[-77.508053069,38.951075649],[-77.463137305,38.951075649],[-77.463137305,38.916136814],[-77.508053069,38.916136814]]]}, "properties" : {"grid_id" : 534, "hotspot_class" : "Cold Spot"}}, {"type" : "Feature", "geometry" : {"type":"Polygon","coordinates":[[[-77.552968833,38.916136814],[-77.552968833,38.951075649],[-77.508053069,38.951075649],[-77.508053069,38.916136814],[-77.552968833,38.916136814]]]}, "properties" : {"grid_id" : 535, "hotspot_class" : "Neutral"}}, {"type" : "Feature", "geometry" : {"type":"Polygon","coordinates":[[[-77.508053069,38.916136814],[-77.508053069,38.951075649],[-77.463137305,38.951075649],[-77.463137305,38.916136814],[-77.508053069,38.916136814]]]}, "properties" : {"grid_id" : 536, "hotspot_class" : "Cold Spot"}}, {"type" : "Feature", "geometry" : {"type":"Polygon","coordinates":[[[-77.552968833,38.951075649],[-77.552968833,38.985997269],[-77.508053069,38.985997269],[-77.508053069,38.951075649],[-77.552968833,38.951075649]]]}, "properties" : {"grid_id" : 537, "hotspot_class" : "Hot Spot"}}, {"type" : "Feature", "geometry" : {"type":"Polygon","coordinates":[[[-77.508053069,38.951075649],[-77.508053069,38.985997269],[-77.463137305,38.985997269],[-77.463137305,38.951075649],[-77.508053069,38.951075649]]]}, "properties" : {"grid_id" : 538, "hotspot_class" : "Cold Spot"}}, {"type" : "Feature", "geometry" : {"type":"Polygon","coordinates":[[[-77.552968833,38.951075649],[-77.552968833,38.985997269],[-77.508053069,38.985997269],[-77.508053069,38.951075649],[-77.552968833,38.951075649]]]}, "properties" : {"grid_id" : 539, "hotspot_class" : "Hot Spot"}}, {"type" : "Feature", "geometry" : {"type":"Polygon","coordinates":[[[-77.508053069,38.951075649],[-77.508053069,38.985997269],[-77.463137305,38.985997269],[-77.463137305,38.951075649],[-77.508053069,38.951075649]]]}, "properties" : {"grid_id" : 540, "hotspot_class" : "Cold Spot"}}, {"type" : "Feature", "geometry" : {"type":"Polygon","coordinates":[[[-77.552968833,38.951075649],[-77.552968833,38.985997269],[-77.508053069,38.985997269],[-77.508053069,38.951075649],[-77.552968833,38.951075649]]]}, "properties" : {"grid_id" : 541, "hotspot_class" : "Hot Spot"}}, {"type" : "Feature", "geometry" : {"type":"Polygon","coordinates":[[[-77.508053069,38.951075649],[-77.508053069,38.985997269],[-77.463137305,38.985997269],[-77.463137305,38.951075649],[-77.508053069,38.951075649]]]}, "properties" : {"grid_id" : 542, "hotspot_class" : "Cold Spot"}}, {"type" : "Feature", "geometry" : {"type":"Polygon","coordinates":[[[-77.552968833,38.951075649],[-77.552968833,38.985997269],[-77.508053069,38.985997269],[-77.508053069,38.951075649],[-77.552968833,38.951075649]]]}, "properties" : {"grid_id" : 543, "hotspot_class" : "Hot Spot"}}, {"type" : "Feature", "geometry" : {"type":"Polygon","coordinates":[[[-77.414394717,38.987400759],[-77.414394717,39.022304468],[-77.369478953,39.022304468],[-77.369478953,38.987400759],[-77.414394717,38.987400759]]]}, "properties" : {"grid_id" : 544, "hotspot_class" : "Neutral"}}, {"type" : "Feature", "geometry" : {"type":"Polygon","coordinates":[[[-77.414394717,38.987400759],[-77.414394717,39.022304468],[-77.369478953,39.022304468],[-77.369478953,38.987400759],[-77.414394717,38.987400759]]]}, "properties" : {"grid_id" : 545, "hotspot_class" : "Neutral"}}, {"type" : "Feature", "geometry" : {"type":"Polygon","coordinates":[[[-77.728589471,38.681055937],[-77.728589471,38.716110258],[-77.683673707,38.716110258],[-77.683673707,38.681055937],[-77.728589471,38.681055937]]]}, "properties" : {"grid_id" : 546, "hotspot_class" : "Neutral"}}, {"type" : "Feature", "geometry" : {"type":"Polygon","coordinates":[[[-77.683673707,38.681055937],[-77.683673707,38.716110258],[-77.638757943,38.716110258],[-77.638757943,38.681055937],[-77.683673707,38.681055937]]]}, "properties" : {"grid_id" : 547, "hotspot_class" : "Cold Spot"}}, {"type" : "Feature", "geometry" : {"type":"Polygon","coordinates":[[[-77.773505235,38.681055937],[-77.773505235,38.716110258],[-77.728589471,38.716110258],[-77.728589471,38.681055937],[-77.773505235,38.681055937]]]}, "properties" : {"grid_id" : 548, "hotspot_class" : "Neutral"}}, {"type" : "Feature", "geometry" : {"type":"Polygon","coordinates":[[[-77.728589471,38.681055937],[-77.728589471,38.716110258],[-77.683673707,38.716110258],[-77.683673707,38.681055937],[-77.728589471,38.681055937]]]}, "properties" : {"grid_id" : 549, "hotspot_class" : "Neutral"}}, {"type" : "Feature", "geometry" : {"type":"Polygon","coordinates":[[[-77.728589471,38.681055937],[-77.728589471,38.716110258],[-77.683673707,38.716110258],[-77.683673707,38.681055937],[-77.728589471,38.681055937]]]}, "properties" : {"grid_id" : 550, "hotspot_class" : "Neutral"}}, {"type" : "Feature", "geometry" : {"type":"Polygon","coordinates":[[[-77.683673707,38.681055937],[-77.683673707,38.716110258],[-77.638757943,38.716110258],[-77.638757943,38.681055937],[-77.683673707,38.681055937]]]}, "properties" : {"grid_id" : 551, "hotspot_class" : "Cold Spot"}}, {"type" : "Feature", "geometry" : {"type":"Polygon","coordinates":[[[-77.728589471,38.716110258],[-77.728589471,38.751147396],[-77.683673707,38.751147396],[-77.683673707,38.716110258],[-77.728589471,38.716110258]]]}, "properties" : {"grid_id" : 552, "hotspot_class" : "Hot Spot"}}, {"type" : "Feature", "geometry" : {"type":"Polygon","coordinates":[[[-77.683673707,38.716110258],[-77.683673707,38.751147396],[-77.638757943,38.751147396],[-77.638757943,38.716110258],[-77.683673707,38.716110258]]]}, "properties" : {"grid_id" : 553, "hotspot_class" : "Neutral"}}, {"type" : "Feature", "geometry" : {"type":"Polygon","coordinates":[[[-77.773505235,38.716110258],[-77.773505235,38.751147396],[-77.728589471,38.751147396],[-77.728589471,38.716110258],[-77.773505235,38.716110258]]]}, "properties" : {"grid_id" : 554, "hotspot_class" : "Neutral"}}, {"type" : "Feature", "geometry" : {"type":"Polygon","coordinates":[[[-77.728589471,38.716110258],[-77.728589471,38.751147396],[-77.683673707,38.751147396],[-77.683673707,38.716110258],[-77.728589471,38.716110258]]]}, "properties" : {"grid_id" : 555, "hotspot_class" : "Hot Spot"}}, {"type" : "Feature", "geometry" : {"type":"Polygon","coordinates":[[[-77.683673707,38.716110258],[-77.683673707,38.751147396],[-77.638757943,38.751147396],[-77.638757943,38.716110258],[-77.683673707,38.716110258]]]}, "properties" : {"grid_id" : 556, "hotspot_class" : "Neutral"}}, {"type" : "Feature", "geometry" : {"type":"Polygon","coordinates":[[[-77.728589471,38.716110258],[-77.728589471,38.751147396],[-77.683673707,38.751147396],[-77.683673707,38.716110258],[-77.728589471,38.716110258]]]}, "properties" : {"grid_id" : 557, "hotspot_class" : "Hot Spot"}}, {"type" : "Feature", "geometry" : {"type":"Polygon","coordinates":[[[-77.683673707,38.716110258],[-77.683673707,38.751147396],[-77.638757943,38.751147396],[-77.638757943,38.716110258],[-77.683673707,38.716110258]]]}, "properties" : {"grid_id" : 558, "hotspot_class" : "Neutral"}}, {"type" : "Feature", "geometry" : {"type":"Polygon","coordinates":[[[-77.773505235,38.751147396],[-77.773505235,38.786167346],[-77.728589471,38.786167346],[-77.728589471,38.751147396],[-77.773505235,38.751147396]]]}, "properties" : {"grid_id" : 559, "hotspot_class" : "Cold Spot"}}, {"type" : "Feature", "geometry" : {"type":"Polygon","coordinates":[[[-77.728589471,38.751147396],[-77.728589471,38.786167346],[-77.683673707,38.786167346],[-77.683673707,38.751147396],[-77.728589471,38.751147396]]]}, "properties" : {"grid_id" : 560, "hotspot_class" : "Cold Spot"}}, {"type" : "Feature", "geometry" : {"type":"Polygon","coordinates":[[[-77.728589471,38.751147396],[-77.728589471,38.786167346],[-77.683673707,38.786167346],[-77.683673707,38.751147396],[-77.728589471,38.751147396]]]}, "properties" : {"grid_id" : 561, "hotspot_class" : "Cold Spot"}}, {"type" : "Feature", "geometry" : {"type":"Polygon","coordinates":[[[-77.683673707,38.751147396],[-77.683673707,38.786167346],[-77.638757943,38.786167346],[-77.638757943,38.751147396],[-77.683673707,38.751147396]]]}, "properties" : {"grid_id" : 562, "hotspot_class" : "Neutral"}}, {"type" : "Feature", "geometry" : {"type":"Polygon","coordinates":[[[-77.773505235,38.751147396],[-77.773505235,38.786167346],[-77.728589471,38.786167346],[-77.728589471,38.751147396],[-77.773505235,38.751147396]]]}, "properties" : {"grid_id" : 563, "hotspot_class" : "Cold Spot"}}, {"type" : "Feature", "geometry" : {"type":"Polygon","coordinates":[[[-77.728589471,38.751147396],[-77.728589471,38.786167346],[-77.683673707,38.786167346],[-77.683673707,38.751147396],[-77.728589471,38.751147396]]]}, "properties" : {"grid_id" : 564, "hotspot_class" : "Cold Spot"}}, {"type" : "Feature", "geometry" : {"type":"Polygon","coordinates":[[[-77.683673707,38.751147396],[-77.683673707,38.786167346],[-77.638757943,38.786167346],[-77.638757943,38.751147396],[-77.683673707,38.751147396]]]}, "properties" : {"grid_id" : 565, "hotspot_class" : "Neutral"}}, {"type" : "Feature", "geometry" : {"type":"Polygon","coordinates":[[[-77.683673707,38.751147396],[-77.683673707,38.786167346],[-77.638757943,38.786167346],[-77.638757943,38.751147396],[-77.683673707,38.751147396]]]}, "properties" : {"grid_id" : 566, "hotspot_class" : "Neutral"}}, {"type" : "Feature", "geometry" : {"type":"Polygon","coordinates":[[[-77.773505235,38.786167346],[-77.773505235,38.821170103],[-77.728589471,38.821170103],[-77.728589471,38.786167346],[-77.773505235,38.786167346]]]}, "properties" : {"grid_id" : 567, "hotspot_class" : "Neutral"}}, {"type" : "Feature", "geometry" : {"type":"Polygon","coordinates":[[[-77.728589471,38.786167346],[-77.728589471,38.821170103],[-77.683673707,38.821170103],[-77.683673707,38.786167346],[-77.728589471,38.786167346]]]}, "properties" : {"grid_id" : 568, "hotspot_class" : "Neutral"}}, {"type" : "Feature", "geometry" : {"type":"Polygon","coordinates":[[[-77.683673707,38.786167346],[-77.683673707,38.821170103],[-77.638757943,38.821170103],[-77.638757943,38.786167346],[-77.683673707,38.786167346]]]}, "properties" : {"grid_id" : 569, "hotspot_class" : "Hot Spot"}}, {"type" : "Feature", "geometry" : {"type":"Polygon","coordinates":[[[-77.728589471,38.786167346],[-77.728589471,38.821170103],[-77.683673707,38.821170103],[-77.683673707,38.786167346],[-77.728589471,38.786167346]]]}, "properties" : {"grid_id" : 570, "hotspot_class" : "Neutral"}}, {"type" : "Feature", "geometry" : {"type":"Polygon","coordinates":[[[-77.683673707,38.786167346],[-77.683673707,38.821170103],[-77.638757943,38.821170103],[-77.638757943,38.786167346],[-77.683673707,38.786167346]]]}, "properties" : {"grid_id" : 571, "hotspot_class" : "Hot Spot"}}, {"type" : "Feature", "geometry" : {"type":"Polygon","coordinates":[[[-77.773505235,38.786167346],[-77.773505235,38.821170103],[-77.728589471,38.821170103],[-77.728589471,38.786167346],[-77.773505235,38.786167346]]]}, "properties" : {"grid_id" : 572, "hotspot_class" : "Neutral"}}, {"type" : "Feature", "geometry" : {"type":"Polygon","coordinates":[[[-77.728589471,38.786167346],[-77.728589471,38.821170103],[-77.683673707,38.821170103],[-77.683673707,38.786167346],[-77.728589471,38.786167346]]]}, "properties" : {"grid_id" : 573, "hotspot_class" : "Neutral"}}, {"type" : "Feature", "geometry" : {"type":"Polygon","coordinates":[[[-77.683673707,38.786167346],[-77.683673707,38.821170103],[-77.638757943,38.821170103],[-77.638757943,38.786167346],[-77.683673707,38.786167346]]]}, "properties" : {"grid_id" : 574, "hotspot_class" : "Hot Spot"}}, {"type" : "Feature", "geometry" : {"type":"Polygon","coordinates":[[[-77.773505235,38.786167346],[-77.773505235,38.821170103],[-77.728589471,38.821170103],[-77.728589471,38.786167346],[-77.773505235,38.786167346]]]}, "properties" : {"grid_id" : 575, "hotspot_class" : "Neutral"}}, {"type" : "Feature", "geometry" : {"type":"Polygon","coordinates":[[[-77.628624946,38.886131591],[-77.628624946,38.921085199],[-77.583709182,38.921085199],[-77.583709182,38.886131591],[-77.628624946,38.886131591]]]}, "properties" : {"grid_id" : 576, "hotspot_class" : "Neutral"}}, {"type" : "Feature", "geometry" : {"type":"Polygon","coordinates":[[[-77.583709182,38.886131591],[-77.583709182,38.921085199],[-77.538793418,38.921085199],[-77.538793418,38.886131591],[-77.583709182,38.886131591]]]}, "properties" : {"grid_id" : 577, "hotspot_class" : "Neutral"}}, {"type" : "Feature", "geometry" : {"type":"Polygon","coordinates":[[[-77.583709182,38.886131591],[-77.583709182,38.921085199],[-77.538793418,38.921085199],[-77.538793418,38.886131591],[-77.583709182,38.886131591]]]}, "properties" : {"grid_id" : 578, "hotspot_class" : "Neutral"}}, {"type" : "Feature", "geometry" : {"type":"Polygon","coordinates":[[[-77.628624946,38.886131591],[-77.628624946,38.921085199],[-77.583709182,38.921085199],[-77.583709182,38.886131591],[-77.628624946,38.886131591]]]}, "properties" : {"grid_id" : 579, "hotspot_class" : "Neutral"}}, {"type" : "Feature", "geometry" : {"type":"Polygon","coordinates":[[[-77.583709182,38.886131591],[-77.583709182,38.921085199],[-77.538793418,38.921085199],[-77.538793418,38.886131591],[-77.583709182,38.886131591]]]}, "properties" : {"grid_id" : 580, "hotspot_class" : "Neutral"}}, {"type" : "Feature", "geometry" : {"type":"Polygon","coordinates":[[[-77.67354071,38.886131591],[-77.67354071,38.921085199],[-77.628624946,38.921085199],[-77.628624946,38.886131591],[-77.67354071,38.886131591]]]}, "properties" : {"grid_id" : 581, "hotspot_class" : "Neutral"}}, {"type" : "Feature", "geometry" : {"type":"Polygon","coordinates":[[[-77.628624946,38.886131591],[-77.628624946,38.921085199],[-77.583709182,38.921085199],[-77.583709182,38.886131591],[-77.628624946,38.886131591]]]}, "properties" : {"grid_id" : 582, "hotspot_class" : "Neutral"}}, {"type" : "Feature", "geometry" : {"type":"Polygon","coordinates":[[[-77.583709182,38.886131591],[-77.583709182,38.921085199],[-77.538793418,38.921085199],[-77.538793418,38.886131591],[-77.583709182,38.886131591]]]}, "properties" : {"grid_id" : 583, "hotspot_class" : "Neutral"}}, {"type" : "Feature", "geometry" : {"type":"Polygon","coordinates":[[[-77.67354071,38.886131591],[-77.67354071,38.921085199],[-77.628624946,38.921085199],[-77.628624946,38.886131591],[-77.67354071,38.886131591]]]}, "properties" : {"grid_id" : 584, "hotspot_class" : "Neutral"}}, {"type" : "Feature", "geometry" : {"type":"Polygon","coordinates":[[[-77.583709182,38.921085199],[-77.583709182,38.956021597],[-77.538793418,38.956021597],[-77.538793418,38.921085199],[-77.583709182,38.921085199]]]}, "properties" : {"grid_id" : 585, "hotspot_class" : "Neutral"}}, {"type" : "Feature", "geometry" : {"type":"Polygon","coordinates":[[[-77.583709182,38.921085199],[-77.583709182,38.956021597],[-77.538793418,38.956021597],[-77.538793418,38.921085199],[-77.583709182,38.921085199]]]}, "properties" : {"grid_id" : 586, "hotspot_class" : "Neutral"}}, {"type" : "Feature", "geometry" : {"type":"Polygon","coordinates":[[[-77.67354071,38.921085199],[-77.67354071,38.956021597],[-77.628624946,38.956021597],[-77.628624946,38.921085199],[-77.67354071,38.921085199]]]}, "properties" : {"grid_id" : 587, "hotspot_class" : "Neutral"}}, {"type" : "Feature", "geometry" : {"type":"Polygon","coordinates":[[[-77.583709182,38.921085199],[-77.583709182,38.956021597],[-77.538793418,38.956021597],[-77.538793418,38.921085199],[-77.583709182,38.921085199]]]}, "properties" : {"grid_id" : 588, "hotspot_class" : "Neutral"}}, {"type" : "Feature", "geometry" : {"type":"Polygon","coordinates":[[[-77.67354071,38.921085199],[-77.67354071,38.956021597],[-77.628624946,38.956021597],[-77.628624946,38.921085199],[-77.67354071,38.921085199]]]}, "properties" : {"grid_id" : 589, "hotspot_class" : "Neutral"}}, {"type" : "Feature", "geometry" : {"type":"Polygon","coordinates":[[[-77.628624946,38.921085199],[-77.628624946,38.956021597],[-77.583709182,38.956021597],[-77.583709182,38.921085199],[-77.628624946,38.921085199]]]}, "properties" : {"grid_id" : 590, "hotspot_class" : "Neutral"}}, {"type" : "Feature", "geometry" : {"type":"Polygon","coordinates":[[[-77.583709182,38.921085199],[-77.583709182,38.956021597],[-77.538793418,38.956021597],[-77.538793418,38.921085199],[-77.583709182,38.921085199]]]}, "properties" : {"grid_id" : 591, "hotspot_class" : "Neutral"}}, {"type" : "Feature", "geometry" : {"type":"Polygon","coordinates":[[[-77.67354071,38.921085199],[-77.67354071,38.956021597],[-77.628624946,38.956021597],[-77.628624946,38.921085199],[-77.67354071,38.921085199]]]}, "properties" : {"grid_id" : 592, "hotspot_class" : "Neutral"}}, {"type" : "Feature", "geometry" : {"type":"Polygon","coordinates":[[[-77.628624946,38.921085199],[-77.628624946,38.956021597],[-77.583709182,38.956021597],[-77.583709182,38.921085199],[-77.628624946,38.921085199]]]}, "properties" : {"grid_id" : 593, "hotspot_class" : "Neutral"}}, {"type" : "Feature", "geometry" : {"type":"Polygon","coordinates":[[[-77.67354071,38.921085199],[-77.67354071,38.956021597],[-77.628624946,38.956021597],[-77.628624946,38.921085199],[-77.67354071,38.921085199]]]}, "properties" : {"grid_id" : 594, "hotspot_class" : "Neutral"}}, {"type" : "Feature", "geometry" : {"type":"Polygon","coordinates":[[[-77.628624946,38.956021597],[-77.628624946,38.990940779],[-77.583709182,38.990940779],[-77.583709182,38.956021597],[-77.628624946,38.956021597]]]}, "properties" : {"grid_id" : 595, "hotspot_class" : "Cold Spot"}}, {"type" : "Feature", "geometry" : {"type":"Polygon","coordinates":[[[-77.583709182,38.956021597],[-77.583709182,38.990940779],[-77.538793418,38.990940779],[-77.538793418,38.956021597],[-77.583709182,38.956021597]]]}, "properties" : {"grid_id" : 596, "hotspot_class" : "Hot Spot"}}, {"type" : "Feature", "geometry" : {"type":"Polygon","coordinates":[[[-77.628624946,38.956021597],[-77.628624946,38.990940779],[-77.583709182,38.990940779],[-77.583709182,38.956021597],[-77.628624946,38.956021597]]]}, "properties" : {"grid_id" : 597, "hotspot_class" : "Cold Spot"}}, {"type" : "Feature", "geometry" : {"type":"Polygon","coordinates":[[[-77.583709182,38.956021597],[-77.583709182,38.990940779],[-77.538793418,38.990940779],[-77.538793418,38.956021597],[-77.583709182,38.956021597]]]}, "properties" : {"grid_id" : 598, "hotspot_class" : "Hot Spot"}}, {"type" : "Feature", "geometry" : {"type":"Polygon","coordinates":[[[-77.67354071,38.956021597],[-77.67354071,38.990940779],[-77.628624946,38.990940779],[-77.628624946,38.956021597],[-77.67354071,38.956021597]]]}, "properties" : {"grid_id" : 599, "hotspot_class" : "Neutral"}}, {"type" : "Feature", "geometry" : {"type":"Polygon","coordinates":[[[-77.67354071,38.956021597],[-77.67354071,38.990940779],[-77.628624946,38.990940779],[-77.628624946,38.956021597],[-77.67354071,38.956021597]]]}, "properties" : {"grid_id" : 600, "hotspot_class" : "Neutral"}}, {"type" : "Feature", "geometry" : {"type":"Polygon","coordinates":[[[-77.628624946,38.956021597],[-77.628624946,38.990940779],[-77.583709182,38.990940779],[-77.583709182,38.956021597],[-77.628624946,38.956021597]]]}, "properties" : {"grid_id" : 601, "hotspot_class" : "Cold Spot"}}, {"type" : "Feature", "geometry" : {"type":"Polygon","coordinates":[[[-77.583709182,38.956021597],[-77.583709182,38.990940779],[-77.538793418,38.990940779],[-77.538793418,38.956021597],[-77.583709182,38.956021597]]]}, "properties" : {"grid_id" : 602, "hotspot_class" : "Hot Spot"}}, {"type" : "Feature", "geometry" : {"type":"Polygon","coordinates":[[[-77.628624946,38.990940779],[-77.628624946,39.025842742],[-77.583709182,39.025842742],[-77.583709182,38.990940779],[-77.628624946,38.990940779]]]}, "properties" : {"grid_id" : 603, "hotspot_class" : "Cold Spot"}}, {"type" : "Feature", "geometry" : {"type":"Polygon","coordinates":[[[-77.583709182,38.990940779],[-77.583709182,39.025842742],[-77.538793418,39.025842742],[-77.538793418,38.990940779],[-77.583709182,38.990940779]]]}, "properties" : {"grid_id" : 604, "hotspot_class" : "Hot Spot"}}, {"type" : "Feature", "geometry" : {"type":"Polygon","coordinates":[[[-77.583709182,38.990940779],[-77.583709182,39.025842742],[-77.538793418,39.025842742],[-77.538793418,38.990940779],[-77.583709182,38.990940779]]]}, "properties" : {"grid_id" : 605, "hotspot_class" : "Hot Spot"}}, {"type" : "Feature", "geometry" : {"type":"Polygon","coordinates":[[[-77.67354071,38.990940779],[-77.67354071,39.025842742],[-77.628624946,39.025842742],[-77.628624946,38.990940779],[-77.67354071,38.990940779]]]}, "properties" : {"grid_id" : 606, "hotspot_class" : "Neutral"}}, {"type" : "Feature", "geometry" : {"type":"Polygon","coordinates":[[[-77.67354071,38.990940779],[-77.67354071,39.025842742],[-77.628624946,39.025842742],[-77.628624946,38.990940779],[-77.67354071,38.990940779]]]}, "properties" : {"grid_id" : 607, "hotspot_class" : "Neutral"}}, {"type" : "Feature", "geometry" : {"type":"Polygon","coordinates":[[[-77.628624946,38.990940779],[-77.628624946,39.025842742],[-77.583709182,39.025842742],[-77.583709182,38.990940779],[-77.628624946,38.990940779]]]}, "properties" : {"grid_id" : 608, "hotspot_class" : "Cold Spot"}}, {"type" : "Feature", "geometry" : {"type":"Polygon","coordinates":[[[-77.67354071,39.025842742],[-77.67354071,39.060727482],[-77.628624946,39.060727482],[-77.628624946,39.025842742],[-77.67354071,39.025842742]]]}, "properties" : {"grid_id" : 609, "hotspot_class" : "Neutral"}}, {"type" : "Feature", "geometry" : {"type":"Polygon","coordinates":[[[-77.628624946,39.025842742],[-77.628624946,39.060727482],[-77.583709182,39.060727482],[-77.583709182,39.025842742],[-77.628624946,39.025842742]]]}, "properties" : {"grid_id" : 610, "hotspot_class" : "Cold Spot"}}, {"type" : "Feature", "geometry" : {"type":"Polygon","coordinates":[[[-77.583709182,39.025842742],[-77.583709182,39.060727482],[-77.538793418,39.060727482],[-77.538793418,39.025842742],[-77.583709182,39.025842742]]]}, "properties" : {"grid_id" : 611, "hotspot_class" : "Cold Spot"}}, {"type" : "Feature", "geometry" : {"type":"Polygon","coordinates":[[[-77.583709182,39.025842742],[-77.583709182,39.060727482],[-77.538793418,39.060727482],[-77.538793418,39.025842742],[-77.583709182,39.025842742]]]}, "properties" : {"grid_id" : 612, "hotspot_class" : "Cold Spot"}}, {"type" : "Feature", "geometry" : {"type":"Polygon","coordinates":[[[-77.67354071,39.025842742],[-77.67354071,39.060727482],[-77.628624946,39.060727482],[-77.628624946,39.025842742],[-77.67354071,39.025842742]]]}, "properties" : {"grid_id" : 613, "hotspot_class" : "Neutral"}}, {"type" : "Feature", "geometry" : {"type":"Polygon","coordinates":[[[-77.67354071,39.025842742],[-77.67354071,39.060727482],[-77.628624946,39.060727482],[-77.628624946,39.025842742],[-77.67354071,39.025842742]]]}, "properties" : {"grid_id" : 614, "hotspot_class" : "Neutral"}}, {"type" : "Feature", "geometry" : {"type":"Polygon","coordinates":[[[-77.67354071,39.025842742],[-77.67354071,39.060727482],[-77.628624946,39.060727482],[-77.628624946,39.025842742],[-77.67354071,39.025842742]]]}, "properties" : {"grid_id" : 615, "hotspot_class" : "Neutral"}}, {"type" : "Feature", "geometry" : {"type":"Polygon","coordinates":[[[-77.506427118,38.776839711],[-77.506427118,38.811847048],[-77.461511354,38.811847048],[-77.461511354,38.776839711],[-77.506427118,38.776839711]]]}, "properties" : {"grid_id" : 616, "hotspot_class" : "Neutral"}}, {"type" : "Feature", "geometry" : {"type":"Polygon","coordinates":[[[-77.461511354,38.776839711],[-77.461511354,38.811847048],[-77.41659559,38.811847048],[-77.41659559,38.776839711],[-77.461511354,38.776839711]]]}, "properties" : {"grid_id" : 617, "hotspot_class" : "Neutral"}}, {"type" : "Feature", "geometry" : {"type":"Polygon","coordinates":[[[-77.461511354,38.776839711],[-77.461511354,38.811847048],[-77.41659559,38.811847048],[-77.41659559,38.776839711],[-77.461511354,38.776839711]]]}, "properties" : {"grid_id" : 618, "hotspot_class" : "Neutral"}}, {"type" : "Feature", "geometry" : {"type":"Polygon","coordinates":[[[-77.506427118,38.776839711],[-77.506427118,38.811847048],[-77.461511354,38.811847048],[-77.461511354,38.776839711],[-77.506427118,38.776839711]]]}, "properties" : {"grid_id" : 619, "hotspot_class" : "Neutral"}}, {"type" : "Feature", "geometry" : {"type":"Polygon","coordinates":[[[-77.461511354,38.776839711],[-77.461511354,38.811847048],[-77.41659559,38.811847048],[-77.41659559,38.776839711],[-77.461511354,38.776839711]]]}, "properties" : {"grid_id" : 620, "hotspot_class" : "Neutral"}}, {"type" : "Feature", "geometry" : {"type":"Polygon","coordinates":[[[-77.506427118,38.776839711],[-77.506427118,38.811847048],[-77.461511354,38.811847048],[-77.461511354,38.776839711],[-77.506427118,38.776839711]]]}, "properties" : {"grid_id" : 621, "hotspot_class" : "Neutral"}}, {"type" : "Feature", "geometry" : {"type":"Polygon","coordinates":[[[-77.506427118,38.776839711],[-77.506427118,38.811847048],[-77.461511354,38.811847048],[-77.461511354,38.776839711],[-77.506427118,38.776839711]]]}, "properties" : {"grid_id" : 622, "hotspot_class" : "Neutral"}}, {"type" : "Feature", "geometry" : {"type":"Polygon","coordinates":[[[-77.461511354,38.811847048],[-77.461511354,38.84683719],[-77.41659559,38.84683719],[-77.41659559,38.811847048],[-77.461511354,38.811847048]]]}, "properties" : {"grid_id" : 623, "hotspot_class" : "Neutral"}}, {"type" : "Feature", "geometry" : {"type":"Polygon","coordinates":[[[-77.506427118,38.811847048],[-77.506427118,38.84683719],[-77.461511354,38.84683719],[-77.461511354,38.811847048],[-77.506427118,38.811847048]]]}, "properties" : {"grid_id" : 624, "hotspot_class" : "Hot Spot"}}, {"type" : "Feature", "geometry" : {"type":"Polygon","coordinates":[[[-77.461511354,38.811847048],[-77.461511354,38.84683719],[-77.41659559,38.84683719],[-77.41659559,38.811847048],[-77.461511354,38.811847048]]]}, "properties" : {"grid_id" : 625, "hotspot_class" : "Neutral"}}, {"type" : "Feature", "geometry" : {"type":"Polygon","coordinates":[[[-77.506427118,38.811847048],[-77.506427118,38.84683719],[-77.461511354,38.84683719],[-77.461511354,38.811847048],[-77.506427118,38.811847048]]]}, "properties" : {"grid_id" : 626, "hotspot_class" : "Hot Spot"}}, {"type" : "Feature", "geometry" : {"type":"Polygon","coordinates":[[[-77.506427118,38.811847048],[-77.506427118,38.84683719],[-77.461511354,38.84683719],[-77.461511354,38.811847048],[-77.506427118,38.811847048]]]}, "properties" : {"grid_id" : 627, "hotspot_class" : "Hot Spot"}}, {"type" : "Feature", "geometry" : {"type":"Polygon","coordinates":[[[-77.461511354,38.811847048],[-77.461511354,38.84683719],[-77.41659559,38.84683719],[-77.41659559,38.811847048],[-77.461511354,38.811847048]]]}, "properties" : {"grid_id" : 628, "hotspot_class" : "Neutral"}}, {"type" : "Feature", "geometry" : {"type":"Polygon","coordinates":[[[-77.421967515,38.961365347],[-77.421967515,38.996281895],[-77.377051751,38.996281895],[-77.377051751,38.961365347],[-77.421967515,38.961365347]]]}, "properties" : {"grid_id" : 629, "hotspot_class" : "Neutral"}}, {"type" : "Feature", "geometry" : {"type":"Polygon","coordinates":[[[-77.421967515,38.961365347],[-77.421967515,38.996281895],[-77.377051751,38.996281895],[-77.377051751,38.961365347],[-77.421967515,38.961365347]]]}, "properties" : {"grid_id" : 630, "hotspot_class" : "Neutral"}}, {"type" : "Feature", "geometry" : {"type":"Polygon","coordinates":[[[-77.421967515,38.961365347],[-77.421967515,38.996281895],[-77.377051751,38.996281895],[-77.377051751,38.961365347],[-77.421967515,38.961365347]]]}, "properties" : {"grid_id" : 631, "hotspot_class" : "Neutral"}}, {"type" : "Feature", "geometry" : {"type":"Polygon","coordinates":[[[-77.421967515,38.961365347],[-77.421967515,38.996281895],[-77.377051751,38.996281895],[-77.377051751,38.961365347],[-77.421967515,38.961365347]]]}, "properties" : {"grid_id" : 632, "hotspot_class" : "Neutral"}}, {"type" : "Feature", "geometry" : {"type":"Polygon","coordinates":[[[-77.698343195,39.207695587],[-77.698343195,39.242490374],[-77.653427431,39.242490374],[-77.653427431,39.207695587],[-77.698343195,39.207695587]]]}, "properties" : {"grid_id" : 633, "hotspot_class" : "Neutral"}}, {"type" : "Feature", "geometry" : {"type":"Polygon","coordinates":[[[-77.653427431,39.207695587],[-77.653427431,39.242490374],[-77.608511667,39.242490374],[-77.608511667,39.207695587],[-77.653427431,39.207695587]]]}, "properties" : {"grid_id" : 634, "hotspot_class" : "Neutral"}}, {"type" : "Feature", "geometry" : {"type":"Polygon","coordinates":[[[-77.608511667,39.207695587],[-77.608511667,39.242490374],[-77.563595903,39.242490374],[-77.563595903,39.207695587],[-77.608511667,39.207695587]]]}, "properties" : {"grid_id" : 635, "hotspot_class" : "Cold Spot"}}, {"type" : "Feature", "geometry" : {"type":"Polygon","coordinates":[[[-77.698343195,39.207695587],[-77.698343195,39.242490374],[-77.653427431,39.242490374],[-77.653427431,39.207695587],[-77.698343195,39.207695587]]]}, "properties" : {"grid_id" : 636, "hotspot_class" : "Neutral"}}, {"type" : "Feature", "geometry" : {"type":"Polygon","coordinates":[[[-77.698343195,39.207695587],[-77.698343195,39.242490374],[-77.653427431,39.242490374],[-77.653427431,39.207695587],[-77.698343195,39.207695587]]]}, "properties" : {"grid_id" : 637, "hotspot_class" : "Neutral"}}, {"type" : "Feature", "geometry" : {"type":"Polygon","coordinates":[[[-77.653427431,39.207695587],[-77.653427431,39.242490374],[-77.608511667,39.242490374],[-77.608511667,39.207695587],[-77.653427431,39.207695587]]]}, "properties" : {"grid_id" : 638, "hotspot_class" : "Neutral"}}, {"type" : "Feature", "geometry" : {"type":"Polygon","coordinates":[[[-77.608511667,39.207695587],[-77.608511667,39.242490374],[-77.563595903,39.242490374],[-77.563595903,39.207695587],[-77.608511667,39.207695587]]]}, "properties" : {"grid_id" : 639, "hotspot_class" : "Cold Spot"}}, {"type" : "Feature", "geometry" : {"type":"Polygon","coordinates":[[[-77.608511667,39.207695587],[-77.608511667,39.242490374],[-77.563595903,39.242490374],[-77.563595903,39.207695587],[-77.608511667,39.207695587]]]}, "properties" : {"grid_id" : 640, "hotspot_class" : "Cold Spot"}}, {"type" : "Feature", "geometry" : {"type":"Polygon","coordinates":[[[-77.563595903,39.207695587],[-77.563595903,39.242490374],[-77.518680139,39.242490374],[-77.518680139,39.207695587],[-77.563595903,39.207695587]]]}, "properties" : {"grid_id" : 641, "hotspot_class" : "Hot Spot"}}, {"type" : "Feature", "geometry" : {"type":"Polygon","coordinates":[[[-77.698343195,39.242490374],[-77.698343195,39.277267909],[-77.653427431,39.277267909],[-77.653427431,39.242490374],[-77.698343195,39.242490374]]]}, "properties" : {"grid_id" : 642, "hotspot_class" : "Neutral"}}, {"type" : "Feature", "geometry" : {"type":"Polygon","coordinates":[[[-77.653427431,39.242490374],[-77.653427431,39.277267909],[-77.608511667,39.277267909],[-77.608511667,39.242490374],[-77.653427431,39.242490374]]]}, "properties" : {"grid_id" : 643, "hotspot_class" : "Neutral"}}, {"type" : "Feature", "geometry" : {"type":"Polygon","coordinates":[[[-77.608511667,39.242490374],[-77.608511667,39.277267909],[-77.563595903,39.277267909],[-77.563595903,39.242490374],[-77.608511667,39.242490374]]]}, "properties" : {"grid_id" : 644, "hotspot_class" : "Neutral"}}, {"type" : "Feature", "geometry" : {"type":"Polygon","coordinates":[[[-77.563595903,39.242490374],[-77.563595903,39.277267909],[-77.518680139,39.277267909],[-77.518680139,39.242490374],[-77.563595903,39.242490374]]]}, "properties" : {"grid_id" : 645, "hotspot_class" : "Hot Spot"}}, {"type" : "Feature", "geometry" : {"type":"Polygon","coordinates":[[[-77.563595903,39.242490374],[-77.563595903,39.277267909],[-77.518680139,39.277267909],[-77.518680139,39.242490374],[-77.563595903,39.242490374]]]}, "properties" : {"grid_id" : 646, "hotspot_class" : "Hot Spot"}}, {"type" : "Feature", "geometry" : {"type":"Polygon","coordinates":[[[-77.563595903,39.242490374],[-77.563595903,39.277267909],[-77.518680139,39.277267909],[-77.518680139,39.242490374],[-77.563595903,39.242490374]]]}, "properties" : {"grid_id" : 647, "hotspot_class" : "Hot Spot"}}, {"type" : "Feature", "geometry" : {"type":"Polygon","coordinates":[[[-77.608511667,39.242490374],[-77.608511667,39.277267909],[-77.563595903,39.277267909],[-77.563595903,39.242490374],[-77.608511667,39.242490374]]]}, "properties" : {"grid_id" : 648, "hotspot_class" : "Neutral"}}, {"type" : "Feature", "geometry" : {"type":"Polygon","coordinates":[[[-77.563595903,39.242490374],[-77.563595903,39.277267909],[-77.518680139,39.277267909],[-77.518680139,39.242490374],[-77.563595903,39.242490374]]]}, "properties" : {"grid_id" : 649, "hotspot_class" : "Hot Spot"}}, {"type" : "Feature", "geometry" : {"type":"Polygon","coordinates":[[[-77.608511667,39.277267909],[-77.608511667,39.31202819],[-77.563595903,39.31202819],[-77.563595903,39.277267909],[-77.608511667,39.277267909]]]}, "properties" : {"grid_id" : 650, "hotspot_class" : "Neutral"}}, {"type" : "Feature", "geometry" : {"type":"Polygon","coordinates":[[[-77.653427431,39.277267909],[-77.653427431,39.31202819],[-77.608511667,39.31202819],[-77.608511667,39.277267909],[-77.653427431,39.277267909]]]}, "properties" : {"grid_id" : 651, "hotspot_class" : "Cold Spot"}}, {"type" : "Feature", "geometry" : {"type":"Polygon","coordinates":[[[-77.608511667,39.277267909],[-77.608511667,39.31202819],[-77.563595903,39.31202819],[-77.563595903,39.277267909],[-77.608511667,39.277267909]]]}, "properties" : {"grid_id" : 652, "hotspot_class" : "Neutral"}}, {"type" : "Feature", "geometry" : {"type":"Polygon","coordinates":[[[-77.563595903,39.277267909],[-77.563595903,39.31202819],[-77.518680139,39.31202819],[-77.518680139,39.277267909],[-77.563595903,39.277267909]]]}, "properties" : {"grid_id" : 653, "hotspot_class" : "Cold Spot"}}, {"type" : "Feature", "geometry" : {"type":"Polygon","coordinates":[[[-77.563595903,39.277267909],[-77.563595903,39.31202819],[-77.518680139,39.31202819],[-77.518680139,39.277267909],[-77.563595903,39.277267909]]]}, "properties" : {"grid_id" : 654, "hotspot_class" : "Cold Spot"}}, {"type" : "Feature", "geometry" : {"type":"Polygon","coordinates":[[[-77.533906583,39.241168487],[-77.533906583,39.275946678],[-77.488990818,39.275946678],[-77.488990818,39.241168487],[-77.533906583,39.241168487]]]}, "properties" : {"grid_id" : 655, "hotspot_class" : "Hot Spot"}}, {"type" : "Feature", "geometry" : {"type":"Polygon","coordinates":[[[-77.488990818,39.241168487],[-77.488990818,39.275946678],[-77.444075054,39.275946678],[-77.444075054,39.241168487],[-77.488990818,39.241168487]]]}, "properties" : {"grid_id" : 656, "hotspot_class" : "Cold Spot"}}, {"type" : "Feature", "geometry" : {"type":"Polygon","coordinates":[[[-77.488990818,39.241168487],[-77.488990818,39.275946678],[-77.444075054,39.275946678],[-77.444075054,39.241168487],[-77.488990818,39.241168487]]]}, "properties" : {"grid_id" : 657, "hotspot_class" : "Cold Spot"}}, {"type" : "Feature", "geometry" : {"type":"Polygon","coordinates":[[[-77.533906583,39.241168487],[-77.533906583,39.275946678],[-77.488990818,39.275946678],[-77.488990818,39.241168487],[-77.533906583,39.241168487]]]}, "properties" : {"grid_id" : 658, "hotspot_class" : "Hot Spot"}}, {"type" : "Feature", "geometry" : {"type":"Polygon","coordinates":[[[-77.488990818,39.241168487],[-77.488990818,39.275946678],[-77.444075054,39.275946678],[-77.444075054,39.241168487],[-77.488990818,39.241168487]]]}, "properties" : {"grid_id" : 659, "hotspot_class" : "Cold Spot"}}, {"type" : "Feature", "geometry" : {"type":"Polygon","coordinates":[[[-77.562014868,39.275585074],[-77.562014868,39.31034619],[-77.517099104,39.31034619],[-77.517099104,39.275585074],[-77.562014868,39.275585074]]]}, "properties" : {"grid_id" : 660, "hotspot_class" : "Neutral"}}, {"type" : "Feature", "geometry" : {"type":"Polygon","coordinates":[[[-77.562014868,39.275585074],[-77.562014868,39.31034619],[-77.517099104,39.31034619],[-77.517099104,39.275585074],[-77.562014868,39.275585074]]]}, "properties" : {"grid_id" : 661, "hotspot_class" : "Neutral"}}, {"type" : "Feature", "geometry" : {"type":"Polygon","coordinates":[[[-77.483286516,38.737155625],[-77.483286516,38.77218244],[-77.438370752,38.77218244],[-77.438370752,38.737155625],[-77.483286516,38.737155625]]]}, "properties" : {"grid_id" : 662, "hotspot_class" : "Cold Spot"}}, {"type" : "Feature", "geometry" : {"type":"Polygon","coordinates":[[[-77.528202281,38.737155625],[-77.528202281,38.77218244],[-77.483286516,38.77218244],[-77.483286516,38.737155625],[-77.528202281,38.737155625]]]}, "properties" : {"grid_id" : 663, "hotspot_class" : "Cold Spot"}}, {"type" : "Feature", "geometry" : {"type":"Polygon","coordinates":[[[-77.483286516,38.737155625],[-77.483286516,38.77218244],[-77.438370752,38.77218244],[-77.438370752,38.737155625],[-77.483286516,38.737155625]]]}, "properties" : {"grid_id" : 664, "hotspot_class" : "Cold Spot"}}, {"type" : "Feature", "geometry" : {"type":"Polygon","coordinates":[[[-77.528202281,38.737155625],[-77.528202281,38.77218244],[-77.483286516,38.77218244],[-77.483286516,38.737155625],[-77.528202281,38.737155625]]]}, "properties" : {"grid_id" : 665, "hotspot_class" : "Cold Spot"}}, {"type" : "Feature", "geometry" : {"type":"Polygon","coordinates":[[[-77.528202281,38.77218244],[-77.528202281,38.807192064],[-77.483286516,38.807192064],[-77.483286516,38.77218244],[-77.528202281,38.77218244]]]}, "properties" : {"grid_id" : 666, "hotspot_class" : "Neutral"}}, {"type" : "Feature", "geometry" : {"type":"Polygon","coordinates":[[[-77.483286516,38.77218244],[-77.483286516,38.807192064],[-77.438370752,38.807192064],[-77.438370752,38.77218244],[-77.483286516,38.77218244]]]}, "properties" : {"grid_id" : 667, "hotspot_class" : "Hot Spot"}}, {"type" : "Feature", "geometry" : {"type":"Polygon","coordinates":[[[-77.528202281,38.77218244],[-77.528202281,38.807192064],[-77.483286516,38.807192064],[-77.483286516,38.77218244],[-77.528202281,38.77218244]]]}, "properties" : {"grid_id" : 668, "hotspot_class" : "Neutral"}}, {"type" : "Feature", "geometry" : {"type":"Polygon","coordinates":[[[-77.483286516,38.77218244],[-77.483286516,38.807192064],[-77.438370752,38.807192064],[-77.438370752,38.77218244],[-77.483286516,38.77218244]]]}, "properties" : {"grid_id" : 669, "hotspot_class" : "Hot Spot"}}, {"type" : "Feature", "geometry" : {"type":"Polygon","coordinates":[[[-77.528202281,38.77218244],[-77.528202281,38.807192064],[-77.483286516,38.807192064],[-77.483286516,38.77218244],[-77.528202281,38.77218244]]]}, "properties" : {"grid_id" : 670, "hotspot_class" : "Neutral"}}, {"type" : "Feature", "geometry" : {"type":"Polygon","coordinates":[[[-77.483286516,38.77218244],[-77.483286516,38.807192064],[-77.438370752,38.807192064],[-77.438370752,38.77218244],[-77.483286516,38.77218244]]]}, "properties" : {"grid_id" : 671, "hotspot_class" : "Hot Spot"}}, {"type" : "Feature", "geometry" : {"type":"Polygon","coordinates":[[[-77.528202281,38.77218244],[-77.528202281,38.807192064],[-77.483286516,38.807192064],[-77.483286516,38.77218244],[-77.528202281,38.77218244]]]}, "properties" : {"grid_id" : 672, "hotspot_class" : "Neutral"}}, {"type" : "Feature", "geometry" : {"type":"Polygon","coordinates":[[[-77.483286516,38.77218244],[-77.483286516,38.807192064],[-77.438370752,38.807192064],[-77.438370752,38.77218244],[-77.483286516,38.77218244]]]}, "properties" : {"grid_id" : 673, "hotspot_class" : "Hot Spot"}}, {"type" : "Feature", "geometry" : {"type":"Polygon","coordinates":[[[-77.621303677,39.156724914],[-77.621303677,39.191544948],[-77.576387912,39.191544948],[-77.576387912,39.156724914],[-77.621303677,39.156724914]]]}, "properties" : {"grid_id" : 674, "hotspot_class" : "Neutral"}}, {"type" : "Feature", "geometry" : {"type":"Polygon","coordinates":[[[-77.621303677,39.156724914],[-77.621303677,39.191544948],[-77.576387912,39.191544948],[-77.576387912,39.156724914],[-77.621303677,39.156724914]]]}, "properties" : {"grid_id" : 675, "hotspot_class" : "Neutral"}}, {"type" : "Feature", "geometry" : {"type":"Polygon","coordinates":[[[-77.621303677,39.156724914],[-77.621303677,39.191544948],[-77.576387912,39.191544948],[-77.576387912,39.156724914],[-77.621303677,39.156724914]]]}, "properties" : {"grid_id" : 676, "hotspot_class" : "Neutral"}}, {"type" : "Feature", "geometry" : {"type":"Polygon","coordinates":[[[-77.822876643,39.146839847],[-77.822876643,39.181664775],[-77.777960879,39.181664775],[-77.777960879,39.146839847],[-77.822876643,39.146839847]]]}, "properties" : {"grid_id" : 677, "hotspot_class" : "Hot Spot"}}, {"type" : "Feature", "geometry" : {"type":"Polygon","coordinates":[[[-77.822876643,39.146839847],[-77.822876643,39.181664775],[-77.777960879,39.181664775],[-77.777960879,39.146839847],[-77.822876643,39.146839847]]]}, "properties" : {"grid_id" : 678, "hotspot_class" : "Hot Spot"}}, {"type" : "Feature", "geometry" : {"type":"Polygon","coordinates":[[[-77.822876643,39.146839847],[-77.822876643,39.181664775],[-77.777960879,39.181664775],[-77.777960879,39.146839847],[-77.822876643,39.146839847]]]}, "properties" : {"grid_id" : 679, "hotspot_class" : "Hot Spot"}}, {"type" : "Feature", "geometry" : {"type":"Polygon","coordinates":[[[-77.822876643,39.181664775],[-77.822876643,39.216472459],[-77.777960879,39.216472459],[-77.777960879,39.181664775],[-77.822876643,39.181664775]]]}, "properties" : {"grid_id" : 680, "hotspot_class" : "Neutral"}}, {"type" : "Feature", "geometry" : {"type":"Polygon","coordinates":[[[-77.822876643,39.181664775],[-77.822876643,39.216472459],[-77.777960879,39.216472459],[-77.777960879,39.181664775],[-77.822876643,39.181664775]]]}, "properties" : {"grid_id" : 681, "hotspot_class" : "Neutral"}}, {"type" : "Feature", "geometry" : {"type":"Polygon","coordinates":[[[-77.822876643,39.181664775],[-77.822876643,39.216472459],[-77.777960879,39.216472459],[-77.777960879,39.181664775],[-77.822876643,39.181664775]]]}, "properties" : {"grid_id" : 682, "hotspot_class" : "Neutral"}}, {"type" : "Feature", "geometry" : {"type":"Polygon","coordinates":[[[-77.822876643,39.216472459],[-77.822876643,39.251262895],[-77.777960879,39.251262895],[-77.777960879,39.216472459],[-77.822876643,39.216472459]]]}, "properties" : {"grid_id" : 683, "hotspot_class" : "Cold Spot"}}, {"type" : "Feature", "geometry" : {"type":"Polygon","coordinates":[[[-77.822876643,39.216472459],[-77.822876643,39.251262895],[-77.777960879,39.251262895],[-77.777960879,39.216472459],[-77.822876643,39.216472459]]]}, "properties" : {"grid_id" : 684, "hotspot_class" : "Cold Spot"}}, {"type" : "Feature", "geometry" : {"type":"Polygon","coordinates":[[[-77.51660503,39.170731604],[-77.51660503,39.205544703],[-77.471689266,39.205544703],[-77.471689266,39.170731604],[-77.51660503,39.170731604]]]}, "properties" : {"grid_id" : 685, "hotspot_class" : "Neutral"}}, {"type" : "Feature", "geometry" : {"type":"Polygon","coordinates":[[[-77.51660503,39.170731604],[-77.51660503,39.205544703],[-77.471689266,39.205544703],[-77.471689266,39.170731604],[-77.51660503,39.170731604]]]}, "properties" : {"grid_id" : 686, "hotspot_class" : "Neutral"}}, {"type" : "Feature", "geometry" : {"type":"Polygon","coordinates":[[[-77.51660503,39.205544703],[-77.51660503,39.240340556],[-77.471689266,39.240340556],[-77.471689266,39.205544703],[-77.51660503,39.205544703]]]}, "properties" : {"grid_id" : 687, "hotspot_class" : "Hot Spot"}}, {"type" : "Feature", "geometry" : {"type":"Polygon","coordinates":[[[-77.471689266,39.205544703],[-77.471689266,39.240340556],[-77.426773502,39.240340556],[-77.426773502,39.205544703],[-77.471689266,39.205544703]]]}, "properties" : {"grid_id" : 688, "hotspot_class" : "Cold Spot"}}, {"type" : "Feature", "geometry" : {"type":"Polygon","coordinates":[[[-77.51660503,39.205544703],[-77.51660503,39.240340556],[-77.471689266,39.240340556],[-77.471689266,39.205544703],[-77.51660503,39.205544703]]]}, "properties" : {"grid_id" : 689, "hotspot_class" : "Hot Spot"}}, {"type" : "Feature", "geometry" : {"type":"Polygon","coordinates":[[[-77.471689266,39.205544703],[-77.471689266,39.240340556],[-77.426773502,39.240340556],[-77.426773502,39.205544703],[-77.471689266,39.205544703]]]}, "properties" : {"grid_id" : 690, "hotspot_class" : "Cold Spot"}}, {"type" : "Feature", "geometry" : {"type":"Polygon","coordinates":[[[-77.51660503,39.240340556],[-77.51660503,39.275119158],[-77.471689266,39.275119158],[-77.471689266,39.240340556],[-77.51660503,39.240340556]]]}, "properties" : {"grid_id" : 691, "hotspot_class" : "Cold Spot"}}, {"type" : "Feature", "geometry" : {"type":"Polygon","coordinates":[[[-77.51660503,39.240340556],[-77.51660503,39.275119158],[-77.471689266,39.275119158],[-77.471689266,39.240340556],[-77.51660503,39.240340556]]]}, "properties" : {"grid_id" : 692, "hotspot_class" : "Cold Spot"}}, {"type" : "Feature", "geometry" : {"type":"Polygon","coordinates":[[[-77.51660503,39.240340556],[-77.51660503,39.275119158],[-77.471689266,39.275119158],[-77.471689266,39.240340556],[-77.51660503,39.240340556]]]}, "properties" : {"grid_id" : 693, "hotspot_class" : "Cold Spot"}}, {"type" : "Feature", "geometry" : {"type":"Polygon","coordinates":[[[-77.422048364,38.961365347],[-77.422048364,38.996281895],[-77.377132599,38.996281895],[-77.377132599,38.961365347],[-77.422048364,38.961365347]]]}, "properties" : {"grid_id" : 694, "hotspot_class" : "Neutral"}}, {"type" : "Feature", "geometry" : {"type":"Polygon","coordinates":[[[-77.422048364,38.961365347],[-77.422048364,38.996281895],[-77.377132599,38.996281895],[-77.377132599,38.961365347],[-77.422048364,38.961365347]]]}, "properties" : {"grid_id" : 695, "hotspot_class" : "Neutral"}}, {"type" : "Feature", "geometry" : {"type":"Polygon","coordinates":[[[-77.422048364,38.961365347],[-77.422048364,38.996281895],[-77.377132599,38.996281895],[-77.377132599,38.961365347],[-77.422048364,38.961365347]]]}, "properties" : {"grid_id" : 696, "hotspot_class" : "Neutral"}}, {"type" : "Feature", "geometry" : {"type":"Polygon","coordinates":[[[-77.422048364,38.961365347],[-77.422048364,38.996281895],[-77.377132599,38.996281895],[-77.377132599,38.961365347],[-77.422048364,38.961365347]]]}, "properties" : {"grid_id" : 697, "hotspot_class" : "Neutral"}}, {"type" : "Feature", "geometry" : {"type":"Polygon","coordinates":[[[-77.514386192,38.67559994],[-77.514386192,38.710656935],[-77.469470427,38.710656935],[-77.469470427,38.67559994],[-77.514386192,38.67559994]]]}, "properties" : {"grid_id" : 698, "hotspot_class" : "Neutral"}}, {"type" : "Feature", "geometry" : {"type":"Polygon","coordinates":[[[-77.559301956,38.67559994],[-77.559301956,38.710656935],[-77.514386192,38.710656935],[-77.514386192,38.67559994],[-77.559301956,38.67559994]]]}, "properties" : {"grid_id" : 699, "hotspot_class" : "Cold Spot"}}, {"type" : "Feature", "geometry" : {"type":"Polygon","coordinates":[[[-77.514386192,38.67559994],[-77.514386192,38.710656935],[-77.469470427,38.710656935],[-77.469470427,38.67559994],[-77.514386192,38.67559994]]]}, "properties" : {"grid_id" : 700, "hotspot_class" : "Neutral"}}, {"type" : "Feature", "geometry" : {"type":"Polygon","coordinates":[[[-77.60421772,38.67559994],[-77.60421772,38.710656935],[-77.559301956,38.710656935],[-77.559301956,38.67559994],[-77.60421772,38.67559994]]]}, "properties" : {"grid_id" : 701, "hotspot_class" : "Cold Spot"}}, {"type" : "Feature", "geometry" : {"type":"Polygon","coordinates":[[[-77.559301956,38.67559994],[-77.559301956,38.710656935],[-77.514386192,38.710656935],[-77.514386192,38.67559994],[-77.559301956,38.67559994]]]}, "properties" : {"grid_id" : 702, "hotspot_class" : "Cold Spot"}}, {"type" : "Feature", "geometry" : {"type":"Polygon","coordinates":[[[-77.514386192,38.67559994],[-77.514386192,38.710656935],[-77.469470427,38.710656935],[-77.469470427,38.67559994],[-77.514386192,38.67559994]]]}, "properties" : {"grid_id" : 703, "hotspot_class" : "Neutral"}}, {"type" : "Feature", "geometry" : {"type":"Polygon","coordinates":[[[-77.514386192,38.710656935],[-77.514386192,38.745696747],[-77.469470427,38.745696747],[-77.469470427,38.710656935],[-77.514386192,38.710656935]]]}, "properties" : {"grid_id" : 704, "hotspot_class" : "Cold Spot"}}, {"type" : "Feature", "geometry" : {"type":"Polygon","coordinates":[[[-77.559301956,38.710656935],[-77.559301956,38.745696747],[-77.514386192,38.745696747],[-77.514386192,38.710656935],[-77.559301956,38.710656935]]]}, "properties" : {"grid_id" : 705, "hotspot_class" : "Neutral"}}, {"type" : "Feature", "geometry" : {"type":"Polygon","coordinates":[[[-77.514386192,38.710656935],[-77.514386192,38.745696747],[-77.469470427,38.745696747],[-77.469470427,38.710656935],[-77.514386192,38.710656935]]]}, "properties" : {"grid_id" : 706, "hotspot_class" : "Cold Spot"}}, {"type" : "Feature", "geometry" : {"type":"Polygon","coordinates":[[[-77.60421772,38.710656935],[-77.60421772,38.745696747],[-77.559301956,38.745696747],[-77.559301956,38.710656935],[-77.60421772,38.710656935]]]}, "properties" : {"grid_id" : 707, "hotspot_class" : "Neutral"}}, {"type" : "Feature", "geometry" : {"type":"Polygon","coordinates":[[[-77.559301956,38.710656935],[-77.559301956,38.745696747],[-77.514386192,38.745696747],[-77.514386192,38.710656935],[-77.559301956,38.710656935]]]}, "properties" : {"grid_id" : 708, "hotspot_class" : "Neutral"}}, {"type" : "Feature", "geometry" : {"type":"Polygon","coordinates":[[[-77.559301956,38.710656935],[-77.559301956,38.745696747],[-77.514386192,38.745696747],[-77.514386192,38.710656935],[-77.559301956,38.710656935]]]}, "properties" : {"grid_id" : 709, "hotspot_class" : "Neutral"}}, {"type" : "Feature", "geometry" : {"type":"Polygon","coordinates":[[[-77.60421772,38.710656935],[-77.60421772,38.745696747],[-77.559301956,38.745696747],[-77.559301956,38.710656935],[-77.60421772,38.710656935]]]}, "properties" : {"grid_id" : 710, "hotspot_class" : "Neutral"}}, {"type" : "Feature", "geometry" : {"type":"Polygon","coordinates":[[[-77.559301956,38.710656935],[-77.559301956,38.745696747],[-77.514386192,38.745696747],[-77.514386192,38.710656935],[-77.559301956,38.710656935]]]}, "properties" : {"grid_id" : 711, "hotspot_class" : "Neutral"}}, {"type" : "Feature", "geometry" : {"type":"Polygon","coordinates":[[[-77.514386192,38.745696747],[-77.514386192,38.780719371],[-77.469470427,38.780719371],[-77.469470427,38.745696747],[-77.514386192,38.745696747]]]}, "properties" : {"grid_id" : 712, "hotspot_class" : "Cold Spot"}}, {"type" : "Feature", "geometry" : {"type":"Polygon","coordinates":[[[-77.60421772,38.745696747],[-77.60421772,38.780719371],[-77.559301956,38.780719371],[-77.559301956,38.745696747],[-77.60421772,38.745696747]]]}, "properties" : {"grid_id" : 713, "hotspot_class" : "Hot Spot"}}, {"type" : "Feature", "geometry" : {"type":"Polygon","coordinates":[[[-77.559301956,38.745696747],[-77.559301956,38.780719371],[-77.514386192,38.780719371],[-77.514386192,38.745696747],[-77.559301956,38.745696747]]]}, "properties" : {"grid_id" : 714, "hotspot_class" : "Neutral"}}, {"type" : "Feature", "geometry" : {"type":"Polygon","coordinates":[[[-77.514386192,38.745696747],[-77.514386192,38.780719371],[-77.469470427,38.780719371],[-77.469470427,38.745696747],[-77.514386192,38.745696747]]]}, "properties" : {"grid_id" : 715, "hotspot_class" : "Cold Spot"}}, {"type" : "Feature", "geometry" : {"type":"Polygon","coordinates":[[[-77.60421772,38.745696747],[-77.60421772,38.780719371],[-77.559301956,38.780719371],[-77.559301956,38.745696747],[-77.60421772,38.745696747]]]}, "properties" : {"grid_id" : 716, "hotspot_class" : "Hot Spot"}}, {"type" : "Feature", "geometry" : {"type":"Polygon","coordinates":[[[-77.559301956,38.745696747],[-77.559301956,38.780719371],[-77.514386192,38.780719371],[-77.514386192,38.745696747],[-77.559301956,38.745696747]]]}, "properties" : {"grid_id" : 717, "hotspot_class" : "Neutral"}}, {"type" : "Feature", "geometry" : {"type":"Polygon","coordinates":[[[-77.60421772,38.745696747],[-77.60421772,38.780719371],[-77.559301956,38.780719371],[-77.559301956,38.745696747],[-77.60421772,38.745696747]]]}, "properties" : {"grid_id" : 718, "hotspot_class" : "Hot Spot"}}, {"type" : "Feature", "geometry" : {"type":"Polygon","coordinates":[[[-77.559301956,38.745696747],[-77.559301956,38.780719371],[-77.514386192,38.780719371],[-77.514386192,38.745696747],[-77.559301956,38.745696747]]]}, "properties" : {"grid_id" : 719, "hotspot_class" : "Neutral"}}, {"type" : "Feature", "geometry" : {"type":"Polygon","coordinates":[[[-77.514386192,38.745696747],[-77.514386192,38.780719371],[-77.469470427,38.780719371],[-77.469470427,38.745696747],[-77.514386192,38.745696747]]]}, "properties" : {"grid_id" : 720, "hotspot_class" : "Cold Spot"}}, {"type" : "Feature", "geometry" : {"type":"Polygon","coordinates":[[[-77.60421772,38.745696747],[-77.60421772,38.780719371],[-77.559301956,38.780719371],[-77.559301956,38.745696747],[-77.60421772,38.745696747]]]}, "properties" : {"grid_id" : 721, "hotspot_class" : "Hot Spot"}}, {"type" : "Feature", "geometry" : {"type":"Polygon","coordinates":[[[-77.514386192,38.780719371],[-77.514386192,38.815724803],[-77.469470427,38.815724803],[-77.469470427,38.780719371],[-77.514386192,38.780719371]]]}, "properties" : {"grid_id" : 722, "hotspot_class" : "Hot Spot"}}, {"type" : "Feature", "geometry" : {"type":"Polygon","coordinates":[[[-77.60421772,38.780719371],[-77.60421772,38.815724803],[-77.559301956,38.815724803],[-77.559301956,38.780719371],[-77.60421772,38.780719371]]]}, "properties" : {"grid_id" : 723, "hotspot_class" : "Neutral"}}, {"type" : "Feature", "geometry" : {"type":"Polygon","coordinates":[[[-77.514386192,38.780719371],[-77.514386192,38.815724803],[-77.469470427,38.815724803],[-77.469470427,38.780719371],[-77.514386192,38.780719371]]]}, "properties" : {"grid_id" : 724, "hotspot_class" : "Hot Spot"}}, {"type" : "Feature", "geometry" : {"type":"Polygon","coordinates":[[[-77.514386192,38.780719371],[-77.514386192,38.815724803],[-77.469470427,38.815724803],[-77.469470427,38.780719371],[-77.514386192,38.780719371]]]}, "properties" : {"grid_id" : 725, "hotspot_class" : "Hot Spot"}}, {"type" : "Feature", "geometry" : {"type":"Polygon","coordinates":[[[-77.60421772,38.780719371],[-77.60421772,38.815724803],[-77.559301956,38.815724803],[-77.559301956,38.780719371],[-77.60421772,38.780719371]]]}, "properties" : {"grid_id" : 726, "hotspot_class" : "Neutral"}}, {"type" : "Feature", "geometry" : {"type":"Polygon","coordinates":[[[-77.60421772,38.780719371],[-77.60421772,38.815724803],[-77.559301956,38.815724803],[-77.559301956,38.780719371],[-77.60421772,38.780719371]]]}, "properties" : {"grid_id" : 727, "hotspot_class" : "Neutral"}}, {"type" : "Feature", "geometry" : {"type":"Polygon","coordinates":[[[-77.559301956,38.780719371],[-77.559301956,38.815724803],[-77.514386192,38.815724803],[-77.514386192,38.780719371],[-77.559301956,38.780719371]]]}, "properties" : {"grid_id" : 728, "hotspot_class" : "Neutral"}}, {"type" : "Feature", "geometry" : {"type":"Polygon","coordinates":[[[-77.514386192,38.780719371],[-77.514386192,38.815724803],[-77.469470427,38.815724803],[-77.469470427,38.780719371],[-77.514386192,38.780719371]]]}, "properties" : {"grid_id" : 729, "hotspot_class" : "Hot Spot"}}, {"type" : "Feature", "geometry" : {"type":"Polygon","coordinates":[[[-77.495880897,38.740511938],[-77.495880897,38.775537106],[-77.450965133,38.775537106],[-77.450965133,38.740511938],[-77.495880897,38.740511938]]]}, "properties" : {"grid_id" : 730, "hotspot_class" : "Cold Spot"}}, {"type" : "Feature", "geometry" : {"type":"Polygon","coordinates":[[[-77.540796661,38.740511938],[-77.540796661,38.775537106],[-77.495880897,38.775537106],[-77.495880897,38.740511938],[-77.540796661,38.740511938]]]}, "properties" : {"grid_id" : 731, "hotspot_class" : "Neutral"}}, {"type" : "Feature", "geometry" : {"type":"Polygon","coordinates":[[[-77.495880897,38.740511938],[-77.495880897,38.775537106],[-77.450965133,38.775537106],[-77.450965133,38.740511938],[-77.495880897,38.740511938]]]}, "properties" : {"grid_id" : 732, "hotspot_class" : "Cold Spot"}}, {"type" : "Feature", "geometry" : {"type":"Polygon","coordinates":[[[-77.585712425,38.740511938],[-77.585712425,38.775537106],[-77.540796661,38.775537106],[-77.540796661,38.740511938],[-77.585712425,38.740511938]]]}, "properties" : {"grid_id" : 733, "hotspot_class" : "Hot Spot"}}, {"type" : "Feature", "geometry" : {"type":"Polygon","coordinates":[[[-77.540796661,38.740511938],[-77.540796661,38.775537106],[-77.495880897,38.775537106],[-77.495880897,38.740511938],[-77.540796661,38.740511938]]]}, "properties" : {"grid_id" : 734, "hotspot_class" : "Neutral"}}, {"type" : "Feature", "geometry" : {"type":"Polygon","coordinates":[[[-77.585712425,38.740511938],[-77.585712425,38.775537106],[-77.540796661,38.775537106],[-77.540796661,38.740511938],[-77.585712425,38.740511938]]]}, "properties" : {"grid_id" : 735, "hotspot_class" : "Hot Spot"}}, {"type" : "Feature", "geometry" : {"type":"Polygon","coordinates":[[[-77.540796661,38.740511938],[-77.540796661,38.775537106],[-77.495880897,38.775537106],[-77.495880897,38.740511938],[-77.540796661,38.740511938]]]}, "properties" : {"grid_id" : 736, "hotspot_class" : "Neutral"}}, {"type" : "Feature", "geometry" : {"type":"Polygon","coordinates":[[[-77.495880897,38.740511938],[-77.495880897,38.775537106],[-77.450965133,38.775537106],[-77.450965133,38.740511938],[-77.495880897,38.740511938]]]}, "properties" : {"grid_id" : 737, "hotspot_class" : "Cold Spot"}}, {"type" : "Feature", "geometry" : {"type":"Polygon","coordinates":[[[-77.585712425,38.740511938],[-77.585712425,38.775537106],[-77.540796661,38.775537106],[-77.540796661,38.740511938],[-77.585712425,38.740511938]]]}, "properties" : {"grid_id" : 738, "hotspot_class" : "Hot Spot"}}, {"type" : "Feature", "geometry" : {"type":"Polygon","coordinates":[[[-77.495880897,38.775537106],[-77.495880897,38.810545083],[-77.450965133,38.810545083],[-77.450965133,38.775537106],[-77.495880897,38.775537106]]]}, "properties" : {"grid_id" : 739, "hotspot_class" : "Neutral"}}, {"type" : "Feature", "geometry" : {"type":"Polygon","coordinates":[[[-77.585712425,38.775537106],[-77.585712425,38.810545083],[-77.540796661,38.810545083],[-77.540796661,38.775537106],[-77.585712425,38.775537106]]]}, "properties" : {"grid_id" : 740, "hotspot_class" : "Neutral"}}, {"type" : "Feature", "geometry" : {"type":"Polygon","coordinates":[[[-77.495880897,38.775537106],[-77.495880897,38.810545083],[-77.450965133,38.810545083],[-77.450965133,38.775537106],[-77.495880897,38.775537106]]]}, "properties" : {"grid_id" : 741, "hotspot_class" : "Neutral"}}, {"type" : "Feature", "geometry" : {"type":"Polygon","coordinates":[[[-77.495880897,38.775537106],[-77.495880897,38.810545083],[-77.450965133,38.810545083],[-77.450965133,38.775537106],[-77.495880897,38.775537106]]]}, "properties" : {"grid_id" : 742, "hotspot_class" : "Neutral"}}, {"type" : "Feature", "geometry" : {"type":"Polygon","coordinates":[[[-77.585712425,38.775537106],[-77.585712425,38.810545083],[-77.540796661,38.810545083],[-77.540796661,38.775537106],[-77.585712425,38.775537106]]]}, "properties" : {"grid_id" : 743, "hotspot_class" : "Neutral"}}, {"type" : "Feature", "geometry" : {"type":"Polygon","coordinates":[[[-77.585712425,38.775537106],[-77.585712425,38.810545083],[-77.540796661,38.810545083],[-77.540796661,38.775537106],[-77.585712425,38.775537106]]]}, "properties" : {"grid_id" : 744, "hotspot_class" : "Neutral"}}, {"type" : "Feature", "geometry" : {"type":"Polygon","coordinates":[[[-77.540796661,38.775537106],[-77.540796661,38.810545083],[-77.495880897,38.810545083],[-77.495880897,38.775537106],[-77.540796661,38.775537106]]]}, "properties" : {"grid_id" : 745, "hotspot_class" : "Neutral"}}, {"type" : "Feature", "geometry" : {"type":"Polygon","coordinates":[[[-77.495880897,38.775537106],[-77.495880897,38.810545083],[-77.450965133,38.810545083],[-77.450965133,38.775537106],[-77.495880897,38.775537106]]]}, "properties" : {"grid_id" : 746, "hotspot_class" : "Neutral"}}, {"type" : "Feature", "geometry" : {"type":"Polygon","coordinates":[[[-77.585712425,38.810545083],[-77.585712425,38.845535864],[-77.540796661,38.845535864],[-77.540796661,38.810545083],[-77.585712425,38.810545083]]]}, "properties" : {"grid_id" : 747, "hotspot_class" : "Cold Spot"}}, {"type" : "Feature", "geometry" : {"type":"Polygon","coordinates":[[[-77.585712425,38.810545083],[-77.585712425,38.845535864],[-77.540796661,38.845535864],[-77.540796661,38.810545083],[-77.585712425,38.810545083]]]}, "properties" : {"grid_id" : 748, "hotspot_class" : "Cold Spot"}}, {"type" : "Feature", "geometry" : {"type":"Polygon","coordinates":[[[-77.540796661,38.810545083],[-77.540796661,38.845535864],[-77.495880897,38.845535864],[-77.495880897,38.810545083],[-77.540796661,38.810545083]]]}, "properties" : {"grid_id" : 749, "hotspot_class" : "Neutral"}}, {"type" : "Feature", "geometry" : {"type":"Polygon","coordinates":[[[-77.495880897,38.810545083],[-77.495880897,38.845535864],[-77.450965133,38.845535864],[-77.450965133,38.810545083],[-77.495880897,38.810545083]]]}, "properties" : {"grid_id" : 750, "hotspot_class" : "Neutral"}}, {"type" : "Feature", "geometry" : {"type":"Polygon","coordinates":[[[-77.585712425,38.810545083],[-77.585712425,38.845535864],[-77.540796661,38.845535864],[-77.540796661,38.810545083],[-77.585712425,38.810545083]]]}, "properties" : {"grid_id" : 751, "hotspot_class" : "Cold Spot"}}, {"type" : "Feature", "geometry" : {"type":"Polygon","coordinates":[[[-77.540796661,38.810545083],[-77.540796661,38.845535864],[-77.495880897,38.845535864],[-77.495880897,38.810545083],[-77.540796661,38.810545083]]]}, "properties" : {"grid_id" : 752, "hotspot_class" : "Neutral"}}, {"type" : "Feature", "geometry" : {"type":"Polygon","coordinates":[[[-77.495880897,38.810545083],[-77.495880897,38.845535864],[-77.450965133,38.845535864],[-77.450965133,38.810545083],[-77.495880897,38.810545083]]]}, "properties" : {"grid_id" : 753, "hotspot_class" : "Neutral"}}, {"type" : "Feature", "geometry" : {"type":"Polygon","coordinates":[[[-77.540796661,38.810545083],[-77.540796661,38.845535864],[-77.495880897,38.845535864],[-77.495880897,38.810545083],[-77.540796661,38.810545083]]]}, "properties" : {"grid_id" : 754, "hotspot_class" : "Neutral"}}, {"type" : "Feature", "geometry" : {"type":"Polygon","coordinates":[[[-77.495880897,38.810545083],[-77.495880897,38.845535864],[-77.450965133,38.845535864],[-77.450965133,38.810545083],[-77.495880897,38.810545083]]]}, "properties" : {"grid_id" : 755, "hotspot_class" : "Neutral"}}, {"type" : "Feature", "geometry" : {"type":"Polygon","coordinates":[[[-77.585712425,38.845535864],[-77.585712425,38.880509445],[-77.540796661,38.880509445],[-77.540796661,38.845535864],[-77.585712425,38.845535864]]]}, "properties" : {"grid_id" : 756, "hotspot_class" : "Neutral"}}, {"type" : "Feature", "geometry" : {"type":"Polygon","coordinates":[[[-77.585712425,38.845535864],[-77.585712425,38.880509445],[-77.540796661,38.880509445],[-77.540796661,38.845535864],[-77.585712425,38.845535864]]]}, "properties" : {"grid_id" : 757, "hotspot_class" : "Neutral"}}, {"type" : "Feature", "geometry" : {"type":"Polygon","coordinates":[[[-77.585712425,38.845535864],[-77.585712425,38.880509445],[-77.540796661,38.880509445],[-77.540796661,38.845535864],[-77.585712425,38.845535864]]]}, "properties" : {"grid_id" : 758, "hotspot_class" : "Neutral"}}, {"type" : "Feature", "geometry" : {"type":"Polygon","coordinates":[[[-77.540796661,38.845535864],[-77.540796661,38.880509445],[-77.495880897,38.880509445],[-77.495880897,38.845535864],[-77.540796661,38.845535864]]]}, "properties" : {"grid_id" : 759, "hotspot_class" : "Hot Spot"}}, {"type" : "Feature", "geometry" : {"type":"Polygon","coordinates":[[[-77.585712425,38.845535864],[-77.585712425,38.880509445],[-77.540796661,38.880509445],[-77.540796661,38.845535864],[-77.585712425,38.845535864]]]}, "properties" : {"grid_id" : 760, "hotspot_class" : "Neutral"}}, {"type" : "Feature", "geometry" : {"type":"Polygon","coordinates":[[[-77.540796661,38.845535864],[-77.540796661,38.880509445],[-77.495880897,38.880509445],[-77.495880897,38.845535864],[-77.540796661,38.845535864]]]}, "properties" : {"grid_id" : 761, "hotspot_class" : "Hot Spot"}}, {"type" : "Feature", "geometry" : {"type":"Polygon","coordinates":[[[-77.495880897,38.845535864],[-77.495880897,38.880509445],[-77.450965133,38.880509445],[-77.450965133,38.845535864],[-77.495880897,38.845535864]]]}, "properties" : {"grid_id" : 762, "hotspot_class" : "Neutral"}}, {"type" : "Feature", "geometry" : {"type":"Polygon","coordinates":[[[-77.540796661,38.845535864],[-77.540796661,38.880509445],[-77.495880897,38.880509445],[-77.495880897,38.845535864],[-77.540796661,38.845535864]]]}, "properties" : {"grid_id" : 763, "hotspot_class" : "Hot Spot"}}, {"type" : "Feature", "geometry" : {"type":"Polygon","coordinates":[[[-77.495880897,38.845535864],[-77.495880897,38.880509445],[-77.450965133,38.880509445],[-77.450965133,38.845535864],[-77.495880897,38.845535864]]]}, "properties" : {"grid_id" : 764, "hotspot_class" : "Neutral"}}, {"type" : "Feature", "geometry" : {"type":"Polygon","coordinates":[[[-77.918322642,39.046036129],[-77.918322642,39.080910897],[-77.873406878,39.080910897],[-77.873406878,39.046036129],[-77.918322642,39.046036129]]]}, "properties" : {"grid_id" : 765, "hotspot_class" : "Neutral"}}, {"type" : "Feature", "geometry" : {"type":"Polygon","coordinates":[[[-77.918322642,39.046036129],[-77.918322642,39.080910897],[-77.873406878,39.080910897],[-77.873406878,39.046036129],[-77.918322642,39.046036129]]]}, "properties" : {"grid_id" : 766, "hotspot_class" : "Neutral"}}, {"type" : "Feature", "geometry" : {"type":"Polygon","coordinates":[[[-77.918322642,39.046036129],[-77.918322642,39.080910897],[-77.873406878,39.080910897],[-77.873406878,39.046036129],[-77.918322642,39.046036129]]]}, "properties" : {"grid_id" : 767, "hotspot_class" : "Neutral"}}, {"type" : "Feature", "geometry" : {"type":"Polygon","coordinates":[[[-77.386762539,38.627754505],[-77.386762539,38.662834929],[-77.341846775,38.662834929],[-77.341846775,38.627754505],[-77.386762539,38.627754505]]]}, "properties" : {"grid_id" : 768, "hotspot_class" : "Hot Spot"}}, {"type" : "Feature", "geometry" : {"type":"Polygon","coordinates":[[[-77.386762539,38.627754505],[-77.386762539,38.662834929],[-77.341846775,38.662834929],[-77.341846775,38.627754505],[-77.386762539,38.627754505]]]}, "properties" : {"grid_id" : 769, "hotspot_class" : "Hot Spot"}}, {"type" : "Feature", "geometry" : {"type":"Polygon","coordinates":[[[-77.341846775,38.627754505],[-77.341846775,38.662834929],[-77.296931011,38.662834929],[-77.296931011,38.627754505],[-77.341846775,38.627754505]]]}, "properties" : {"grid_id" : 770, "hotspot_class" : "Neutral"}}, {"type" : "Feature", "geometry" : {"type":"Polygon","coordinates":[[[-77.296931011,38.627754505],[-77.296931011,38.662834929],[-77.252015247,38.662834929],[-77.252015247,38.627754505],[-77.296931011,38.627754505]]]}, "properties" : {"grid_id" : 771, "hotspot_class" : "Cold Spot"}}, {"type" : "Feature", "geometry" : {"type":"Polygon","coordinates":[[[-77.341846775,38.627754505],[-77.341846775,38.662834929],[-77.296931011,38.662834929],[-77.296931011,38.627754505],[-77.341846775,38.627754505]]]}, "properties" : {"grid_id" : 772, "hotspot_class" : "Neutral"}}, {"type" : "Feature", "geometry" : {"type":"Polygon","coordinates":[[[-77.296931011,38.627754505],[-77.296931011,38.662834929],[-77.252015247,38.662834929],[-77.252015247,38.627754505],[-77.296931011,38.627754505]]]}, "properties" : {"grid_id" : 773, "hotspot_class" : "Cold Spot"}}, {"type" : "Feature", "geometry" : {"type":"Polygon","coordinates":[[[-77.386762539,38.627754505],[-77.386762539,38.662834929],[-77.341846775,38.662834929],[-77.341846775,38.627754505],[-77.386762539,38.627754505]]]}, "properties" : {"grid_id" : 774, "hotspot_class" : "Hot Spot"}}, {"type" : "Feature", "geometry" : {"type":"Polygon","coordinates":[[[-77.386762539,38.662834929],[-77.386762539,38.697898177],[-77.341846775,38.697898177],[-77.341846775,38.662834929],[-77.386762539,38.662834929]]]}, "properties" : {"grid_id" : 775, "hotspot_class" : "Cold Spot"}}, {"type" : "Feature", "geometry" : {"type":"Polygon","coordinates":[[[-77.386762539,38.662834929],[-77.386762539,38.697898177],[-77.341846775,38.697898177],[-77.341846775,38.662834929],[-77.386762539,38.662834929]]]}, "properties" : {"grid_id" : 776, "hotspot_class" : "Cold Spot"}}, {"type" : "Feature", "geometry" : {"type":"Polygon","coordinates":[[[-77.386762539,38.662834929],[-77.386762539,38.697898177],[-77.341846775,38.697898177],[-77.341846775,38.662834929],[-77.386762539,38.662834929]]]}, "properties" : {"grid_id" : 777, "hotspot_class" : "Cold Spot"}}, {"type" : "Feature", "geometry" : {"type":"Polygon","coordinates":[[[-77.386762539,38.697898177],[-77.386762539,38.732944244],[-77.341846775,38.732944244],[-77.341846775,38.697898177],[-77.386762539,38.697898177]]]}, "properties" : {"grid_id" : 778, "hotspot_class" : "Cold Spot"}}, {"type" : "Feature", "geometry" : {"type":"Polygon","coordinates":[[[-77.386762539,38.697898177],[-77.386762539,38.732944244],[-77.341846775,38.732944244],[-77.341846775,38.697898177],[-77.386762539,38.697898177]]]}, "properties" : {"grid_id" : 779, "hotspot_class" : "Cold Spot"}}, {"type" : "Feature", "geometry" : {"type":"Polygon","coordinates":[[[-77.71023689,38.79793019],[-77.71023689,38.832927169],[-77.665321126,38.832927169],[-77.665321126,38.79793019],[-77.71023689,38.79793019]]]}, "properties" : {"grid_id" : 780, "hotspot_class" : "Neutral"}}, {"type" : "Feature", "geometry" : {"type":"Polygon","coordinates":[[[-77.71023689,38.79793019],[-77.71023689,38.832927169],[-77.665321126,38.832927169],[-77.665321126,38.79793019],[-77.71023689,38.79793019]]]}, "properties" : {"grid_id" : 781, "hotspot_class" : "Neutral"}}, {"type" : "Feature", "geometry" : {"type":"Polygon","coordinates":[[[-77.665321126,38.79793019],[-77.665321126,38.832927169],[-77.620405361,38.832927169],[-77.620405361,38.79793019],[-77.665321126,38.79793019]]]}, "properties" : {"grid_id" : 782, "hotspot_class" : "Neutral"}}, {"type" : "Feature", "geometry" : {"type":"Polygon","coordinates":[[[-77.620405361,38.79793019],[-77.620405361,38.832927169],[-77.575489597,38.832927169],[-77.575489597,38.79793019],[-77.620405361,38.79793019]]]}, "properties" : {"grid_id" : 783, "hotspot_class" : "Neutral"}}, {"type" : "Feature", "geometry" : {"type":"Polygon","coordinates":[[[-77.620405361,38.79793019],[-77.620405361,38.832927169],[-77.575489597,38.832927169],[-77.575489597,38.79793019],[-77.620405361,38.79793019]]]}, "properties" : {"grid_id" : 784, "hotspot_class" : "Neutral"}}, {"type" : "Feature", "geometry" : {"type":"Polygon","coordinates":[[[-77.71023689,38.79793019],[-77.71023689,38.832927169],[-77.665321126,38.832927169],[-77.665321126,38.79793019],[-77.71023689,38.79793019]]]}, "properties" : {"grid_id" : 785, "hotspot_class" : "Neutral"}}, {"type" : "Feature", "geometry" : {"type":"Polygon","coordinates":[[[-77.665321126,38.79793019],[-77.665321126,38.832927169],[-77.620405361,38.832927169],[-77.620405361,38.79793019],[-77.665321126,38.79793019]]]}, "properties" : {"grid_id" : 786, "hotspot_class" : "Neutral"}}, {"type" : "Feature", "geometry" : {"type":"Polygon","coordinates":[[[-77.620405361,38.79793019],[-77.620405361,38.832927169],[-77.575489597,38.832927169],[-77.575489597,38.79793019],[-77.620405361,38.79793019]]]}, "properties" : {"grid_id" : 787, "hotspot_class" : "Neutral"}}, {"type" : "Feature", "geometry" : {"type":"Polygon","coordinates":[[[-77.71023689,38.79793019],[-77.71023689,38.832927169],[-77.665321126,38.832927169],[-77.665321126,38.79793019],[-77.71023689,38.79793019]]]}, "properties" : {"grid_id" : 788, "hotspot_class" : "Neutral"}}, {"type" : "Feature", "geometry" : {"type":"Polygon","coordinates":[[[-77.71023689,38.832927169],[-77.71023689,38.867906949],[-77.665321126,38.867906949],[-77.665321126,38.832927169],[-77.71023689,38.832927169]]]}, "properties" : {"grid_id" : 789, "hotspot_class" : "Neutral"}}, {"type" : "Feature", "geometry" : {"type":"Polygon","coordinates":[[[-77.620405361,38.832927169],[-77.620405361,38.867906949],[-77.575489597,38.867906949],[-77.575489597,38.832927169],[-77.620405361,38.832927169]]]}, "properties" : {"grid_id" : 790, "hotspot_class" : "Neutral"}}, {"type" : "Feature", "geometry" : {"type":"Polygon","coordinates":[[[-77.665321126,38.832927169],[-77.665321126,38.867906949],[-77.620405361,38.867906949],[-77.620405361,38.832927169],[-77.665321126,38.832927169]]]}, "properties" : {"grid_id" : 791, "hotspot_class" : "Neutral"}}, {"type" : "Feature", "geometry" : {"type":"Polygon","coordinates":[[[-77.620405361,38.832927169],[-77.620405361,38.867906949],[-77.575489597,38.867906949],[-77.575489597,38.832927169],[-77.620405361,38.832927169]]]}, "properties" : {"grid_id" : 792, "hotspot_class" : "Neutral"}}, {"type" : "Feature", "geometry" : {"type":"Polygon","coordinates":[[[-77.71023689,38.832927169],[-77.71023689,38.867906949],[-77.665321126,38.867906949],[-77.665321126,38.832927169],[-77.71023689,38.832927169]]]}, "properties" : {"grid_id" : 793, "hotspot_class" : "Neutral"}}, {"type" : "Feature", "geometry" : {"type":"Polygon","coordinates":[[[-77.665321126,38.832927169],[-77.665321126,38.867906949],[-77.620405361,38.867906949],[-77.620405361,38.832927169],[-77.665321126,38.832927169]]]}, "properties" : {"grid_id" : 794, "hotspot_class" : "Neutral"}}, {"type" : "Feature", "geometry" : {"type":"Polygon","coordinates":[[[-77.620405361,38.832927169],[-77.620405361,38.867906949],[-77.575489597,38.867906949],[-77.575489597,38.832927169],[-77.620405361,38.832927169]]]}, "properties" : {"grid_id" : 795, "hotspot_class" : "Neutral"}}, {"type" : "Feature", "geometry" : {"type":"Polygon","coordinates":[[[-77.71023689,38.832927169],[-77.71023689,38.867906949],[-77.665321126,38.867906949],[-77.665321126,38.832927169],[-77.71023689,38.832927169]]]}, "properties" : {"grid_id" : 796, "hotspot_class" : "Neutral"}}, {"type" : "Feature", "geometry" : {"type":"Polygon","coordinates":[[[-77.620405361,38.867906949],[-77.620405361,38.902869526],[-77.575489597,38.902869526],[-77.575489597,38.867906949],[-77.620405361,38.867906949]]]}, "properties" : {"grid_id" : 797, "hotspot_class" : "Neutral"}}, {"type" : "Feature", "geometry" : {"type":"Polygon","coordinates":[[[-77.620405361,38.867906949],[-77.620405361,38.902869526],[-77.575489597,38.902869526],[-77.575489597,38.867906949],[-77.620405361,38.867906949]]]}, "properties" : {"grid_id" : 798, "hotspot_class" : "Neutral"}}, {"type" : "Feature", "geometry" : {"type":"Polygon","coordinates":[[[-77.620405361,38.867906949],[-77.620405361,38.902869526],[-77.575489597,38.902869526],[-77.575489597,38.867906949],[-77.620405361,38.867906949]]]}, "properties" : {"grid_id" : 799, "hotspot_class" : "Neutral"}}, {"type" : "Feature", "geometry" : {"type":"Polygon","coordinates":[[[-77.71023689,38.867906949],[-77.71023689,38.902869526],[-77.665321126,38.902869526],[-77.665321126,38.867906949],[-77.71023689,38.867906949]]]}, "properties" : {"grid_id" : 800, "hotspot_class" : "Neutral"}}, {"type" : "Feature", "geometry" : {"type":"Polygon","coordinates":[[[-77.665321126,38.867906949],[-77.665321126,38.902869526],[-77.620405361,38.902869526],[-77.620405361,38.867906949],[-77.665321126,38.867906949]]]}, "properties" : {"grid_id" : 801, "hotspot_class" : "Neutral"}}, {"type" : "Feature", "geometry" : {"type":"Polygon","coordinates":[[[-77.620405361,38.867906949],[-77.620405361,38.902869526],[-77.575489597,38.902869526],[-77.575489597,38.867906949],[-77.620405361,38.867906949]]]}, "properties" : {"grid_id" : 802, "hotspot_class" : "Neutral"}}, {"type" : "Feature", "geometry" : {"type":"Polygon","coordinates":[[[-77.71023689,38.867906949],[-77.71023689,38.902869526],[-77.665321126,38.902869526],[-77.665321126,38.867906949],[-77.71023689,38.867906949]]]}, "properties" : {"grid_id" : 803, "hotspot_class" : "Neutral"}}, {"type" : "Feature", "geometry" : {"type":"Polygon","coordinates":[[[-77.665321126,38.902869526],[-77.665321126,38.937814894],[-77.620405361,38.937814894],[-77.620405361,38.902869526],[-77.665321126,38.902869526]]]}, "properties" : {"grid_id" : 804, "hotspot_class" : "Neutral"}}, {"type" : "Feature", "geometry" : {"type":"Polygon","coordinates":[[[-77.620405361,38.902869526],[-77.620405361,38.937814894],[-77.575489597,38.937814894],[-77.575489597,38.902869526],[-77.620405361,38.902869526]]]}, "properties" : {"grid_id" : 805, "hotspot_class" : "Neutral"}}, {"type" : "Feature", "geometry" : {"type":"Polygon","coordinates":[[[-77.71023689,38.902869526],[-77.71023689,38.937814894],[-77.665321126,38.937814894],[-77.665321126,38.902869526],[-77.71023689,38.902869526]]]}, "properties" : {"grid_id" : 806, "hotspot_class" : "Cold Spot"}}, {"type" : "Feature", "geometry" : {"type":"Polygon","coordinates":[[[-77.665321126,38.902869526],[-77.665321126,38.937814894],[-77.620405361,38.937814894],[-77.620405361,38.902869526],[-77.665321126,38.902869526]]]}, "properties" : {"grid_id" : 807, "hotspot_class" : "Neutral"}}, {"type" : "Feature", "geometry" : {"type":"Polygon","coordinates":[[[-77.620405361,38.902869526],[-77.620405361,38.937814894],[-77.575489597,38.937814894],[-77.575489597,38.902869526],[-77.620405361,38.902869526]]]}, "properties" : {"grid_id" : 808, "hotspot_class" : "Neutral"}}, {"type" : "Feature", "geometry" : {"type":"Polygon","coordinates":[[[-77.71023689,38.902869526],[-77.71023689,38.937814894],[-77.665321126,38.937814894],[-77.665321126,38.902869526],[-77.71023689,38.902869526]]]}, "properties" : {"grid_id" : 809, "hotspot_class" : "Cold Spot"}}, {"type" : "Feature", "geometry" : {"type":"Polygon","coordinates":[[[-77.665321126,38.902869526],[-77.665321126,38.937814894],[-77.620405361,38.937814894],[-77.620405361,38.902869526],[-77.665321126,38.902869526]]]}, "properties" : {"grid_id" : 810, "hotspot_class" : "Neutral"}}, {"type" : "Feature", "geometry" : {"type":"Polygon","coordinates":[[[-77.620405361,38.937814894],[-77.620405361,38.97274305],[-77.575489597,38.97274305],[-77.575489597,38.937814894],[-77.620405361,38.937814894]]]}, "properties" : {"grid_id" : 811, "hotspot_class" : "Neutral"}}, {"type" : "Feature", "geometry" : {"type":"Polygon","coordinates":[[[-77.620405361,38.937814894],[-77.620405361,38.97274305],[-77.575489597,38.97274305],[-77.575489597,38.937814894],[-77.620405361,38.937814894]]]}, "properties" : {"grid_id" : 812, "hotspot_class" : "Neutral"}}, {"type" : "Feature", "geometry" : {"type":"Polygon","coordinates":[[[-77.71023689,38.937814894],[-77.71023689,38.97274305],[-77.665321126,38.97274305],[-77.665321126,38.937814894],[-77.71023689,38.937814894]]]}, "properties" : {"grid_id" : 813, "hotspot_class" : "Cold Spot"}}, {"type" : "Feature", "geometry" : {"type":"Polygon","coordinates":[[[-77.665321126,38.937814894],[-77.665321126,38.97274305],[-77.620405361,38.97274305],[-77.620405361,38.937814894],[-77.665321126,38.937814894]]]}, "properties" : {"grid_id" : 814, "hotspot_class" : "Hot Spot"}}, {"type" : "Feature", "geometry" : {"type":"Polygon","coordinates":[[[-77.71023689,38.937814894],[-77.71023689,38.97274305],[-77.665321126,38.97274305],[-77.665321126,38.937814894],[-77.71023689,38.937814894]]]}, "properties" : {"grid_id" : 815, "hotspot_class" : "Cold Spot"}}, {"type" : "Feature", "geometry" : {"type":"Polygon","coordinates":[[[-77.665321126,38.937814894],[-77.665321126,38.97274305],[-77.620405361,38.97274305],[-77.620405361,38.937814894],[-77.665321126,38.937814894]]]}, "properties" : {"grid_id" : 816, "hotspot_class" : "Hot Spot"}}, {"type" : "Feature", "geometry" : {"type":"Polygon","coordinates":[[[-77.620405361,38.937814894],[-77.620405361,38.97274305],[-77.575489597,38.97274305],[-77.575489597,38.937814894],[-77.620405361,38.937814894]]]}, "properties" : {"grid_id" : 817, "hotspot_class" : "Neutral"}}, {"type" : "Feature", "geometry" : {"type":"Polygon","coordinates":[[[-77.665321126,38.937814894],[-77.665321126,38.97274305],[-77.620405361,38.97274305],[-77.620405361,38.937814894],[-77.665321126,38.937814894]]]}, "properties" : {"grid_id" : 818, "hotspot_class" : "Hot Spot"}}, {"type" : "Feature", "geometry" : {"type":"Polygon","coordinates":[[[-77.71023689,38.937814894],[-77.71023689,38.97274305],[-77.665321126,38.97274305],[-77.665321126,38.937814894],[-77.71023689,38.937814894]]]}, "properties" : {"grid_id" : 819, "hotspot_class" : "Cold Spot"}}, {"type" : "Feature", "geometry" : {"type":"Polygon","coordinates":[[[-77.665321126,38.937814894],[-77.665321126,38.97274305],[-77.620405361,38.97274305],[-77.620405361,38.937814894],[-77.665321126,38.937814894]]]}, "properties" : {"grid_id" : 820, "hotspot_class" : "Hot Spot"}}, {"type" : "Feature", "geometry" : {"type":"Polygon","coordinates":[[[-77.397093165,38.794604583],[-77.397093165,38.829603195],[-77.352177401,38.829603195],[-77.352177401,38.794604583],[-77.397093165,38.794604583]]]}, "properties" : {"grid_id" : 821, "hotspot_class" : "Hot Spot"}}, {"type" : "Feature", "geometry" : {"type":"Polygon","coordinates":[[[-77.397093165,38.794604583],[-77.397093165,38.829603195],[-77.352177401,38.829603195],[-77.352177401,38.794604583],[-77.397093165,38.794604583]]]}, "properties" : {"grid_id" : 822, "hotspot_class" : "Hot Spot"}}, {"type" : "Feature", "geometry" : {"type":"Polygon","coordinates":[[[-77.352177401,38.794604583],[-77.352177401,38.829603195],[-77.307261637,38.829603195],[-77.307261637,38.794604583],[-77.352177401,38.794604583]]]}, "properties" : {"grid_id" : 823, "hotspot_class" : "Cold Spot"}}, {"type" : "Feature", "geometry" : {"type":"Polygon","coordinates":[[[-77.397093165,38.794604583],[-77.397093165,38.829603195],[-77.352177401,38.829603195],[-77.352177401,38.794604583],[-77.397093165,38.794604583]]]}, "properties" : {"grid_id" : 824, "hotspot_class" : "Hot Spot"}}, {"type" : "Feature", "geometry" : {"type":"Polygon","coordinates":[[[-77.352177401,38.794604583],[-77.352177401,38.829603195],[-77.307261637,38.829603195],[-77.307261637,38.794604583],[-77.352177401,38.794604583]]]}, "properties" : {"grid_id" : 825, "hotspot_class" : "Cold Spot"}}, {"type" : "Feature", "geometry" : {"type":"Polygon","coordinates":[[[-77.397093165,38.829603195],[-77.397093165,38.86458461],[-77.352177401,38.86458461],[-77.352177401,38.829603195],[-77.397093165,38.829603195]]]}, "properties" : {"grid_id" : 826, "hotspot_class" : "Cold Spot"}}, {"type" : "Feature", "geometry" : {"type":"Polygon","coordinates":[[[-77.397093165,38.829603195],[-77.397093165,38.86458461],[-77.352177401,38.86458461],[-77.352177401,38.829603195],[-77.397093165,38.829603195]]]}, "properties" : {"grid_id" : 827, "hotspot_class" : "Cold Spot"}}, {"type" : "Feature", "geometry" : {"type":"Polygon","coordinates":[[[-77.352177401,38.829603195],[-77.352177401,38.86458461],[-77.307261637,38.86458461],[-77.307261637,38.829603195],[-77.352177401,38.829603195]]]}, "properties" : {"grid_id" : 828, "hotspot_class" : "Cold Spot"}}, {"type" : "Feature", "geometry" : {"type":"Polygon","coordinates":[[[-77.559876878,39.170912677],[-77.559876878,39.205725686],[-77.514961113,39.205725686],[-77.514961113,39.170912677],[-77.559876878,39.170912677]]]}, "properties" : {"grid_id" : 829, "hotspot_class" : "Cold Spot"}}, {"type" : "Feature", "geometry" : {"type":"Polygon","coordinates":[[[-77.514961113,39.170912677],[-77.514961113,39.205725686],[-77.470045349,39.205725686],[-77.470045349,39.170912677],[-77.514961113,39.170912677]]]}, "properties" : {"grid_id" : 830, "hotspot_class" : "Neutral"}}, {"type" : "Feature", "geometry" : {"type":"Polygon","coordinates":[[[-77.559876878,39.170912677],[-77.559876878,39.205725686],[-77.514961113,39.205725686],[-77.514961113,39.170912677],[-77.559876878,39.170912677]]]}, "properties" : {"grid_id" : 831, "hotspot_class" : "Cold Spot"}}, {"type" : "Feature", "geometry" : {"type":"Polygon","coordinates":[[[-77.514961113,39.170912677],[-77.514961113,39.205725686],[-77.470045349,39.205725686],[-77.470045349,39.170912677],[-77.514961113,39.170912677]]]}, "properties" : {"grid_id" : 832, "hotspot_class" : "Neutral"}}, {"type" : "Feature", "geometry" : {"type":"Polygon","coordinates":[[[-77.604792642,39.205725686],[-77.604792642,39.240521449],[-77.559876878,39.240521449],[-77.559876878,39.205725686],[-77.604792642,39.205725686]]]}, "properties" : {"grid_id" : 833, "hotspot_class" : "Neutral"}}, {"type" : "Feature", "geometry" : {"type":"Polygon","coordinates":[[[-77.604792642,39.205725686],[-77.604792642,39.240521449],[-77.559876878,39.240521449],[-77.559876878,39.205725686],[-77.604792642,39.205725686]]]}, "properties" : {"grid_id" : 834, "hotspot_class" : "Neutral"}}, {"type" : "Feature", "geometry" : {"type":"Polygon","coordinates":[[[-77.514961113,39.205725686],[-77.514961113,39.240521449],[-77.470045349,39.240521449],[-77.470045349,39.205725686],[-77.514961113,39.205725686]]]}, "properties" : {"grid_id" : 835, "hotspot_class" : "Hot Spot"}}, {"type" : "Feature", "geometry" : {"type":"Polygon","coordinates":[[[-77.470045349,39.205725686],[-77.470045349,39.240521449],[-77.425129585,39.240521449],[-77.425129585,39.205725686],[-77.470045349,39.205725686]]]}, "properties" : {"grid_id" : 836, "hotspot_class" : "Cold Spot"}}, {"type" : "Feature", "geometry" : {"type":"Polygon","coordinates":[[[-77.604792642,39.205725686],[-77.604792642,39.240521449],[-77.559876878,39.240521449],[-77.559876878,39.205725686],[-77.604792642,39.205725686]]]}, "properties" : {"grid_id" : 837, "hotspot_class" : "Neutral"}}, {"type" : "Feature", "geometry" : {"type":"Polygon","coordinates":[[[-77.559876878,39.205725686],[-77.559876878,39.240521449],[-77.514961113,39.240521449],[-77.514961113,39.205725686],[-77.559876878,39.205725686]]]}, "properties" : {"grid_id" : 838, "hotspot_class" : "Neutral"}}, {"type" : "Feature", "geometry" : {"type":"Polygon","coordinates":[[[-77.514961113,39.205725686],[-77.514961113,39.240521449],[-77.470045349,39.240521449],[-77.470045349,39.205725686],[-77.514961113,39.205725686]]]}, "properties" : {"grid_id" : 839, "hotspot_class" : "Hot Spot"}}, {"type" : "Feature", "geometry" : {"type":"Polygon","coordinates":[[[-77.470045349,39.205725686],[-77.470045349,39.240521449],[-77.425129585,39.240521449],[-77.425129585,39.205725686],[-77.470045349,39.205725686]]]}, "properties" : {"grid_id" : 840, "hotspot_class" : "Cold Spot"}}, {"type" : "Feature", "geometry" : {"type":"Polygon","coordinates":[[[-77.604792642,39.240521449],[-77.604792642,39.275299962],[-77.559876878,39.275299962],[-77.559876878,39.240521449],[-77.604792642,39.240521449]]]}, "properties" : {"grid_id" : 841, "hotspot_class" : "Neutral"}}, {"type" : "Feature", "geometry" : {"type":"Polygon","coordinates":[[[-77.559876878,39.240521449],[-77.559876878,39.275299962],[-77.514961113,39.275299962],[-77.514961113,39.240521449],[-77.559876878,39.240521449]]]}, "properties" : {"grid_id" : 842, "hotspot_class" : "Neutral"}}, {"type" : "Feature", "geometry" : {"type":"Polygon","coordinates":[[[-77.559876878,39.240521449],[-77.559876878,39.275299962],[-77.514961113,39.275299962],[-77.514961113,39.240521449],[-77.559876878,39.240521449]]]}, "properties" : {"grid_id" : 843, "hotspot_class" : "Neutral"}}, {"type" : "Feature", "geometry" : {"type":"Polygon","coordinates":[[[-77.514961113,39.240521449],[-77.514961113,39.275299962],[-77.470045349,39.275299962],[-77.470045349,39.240521449],[-77.514961113,39.240521449]]]}, "properties" : {"grid_id" : 844, "hotspot_class" : "Cold Spot"}}, {"type" : "Feature", "geometry" : {"type":"Polygon","coordinates":[[[-77.514961113,39.240521449],[-77.514961113,39.275299962],[-77.470045349,39.275299962],[-77.470045349,39.240521449],[-77.514961113,39.240521449]]]}, "properties" : {"grid_id" : 845, "hotspot_class" : "Cold Spot"}}, {"type" : "Feature", "geometry" : {"type":"Polygon","coordinates":[[[-77.604792642,39.240521449],[-77.604792642,39.275299962],[-77.559876878,39.275299962],[-77.559876878,39.240521449],[-77.604792642,39.240521449]]]}, "properties" : {"grid_id" : 846, "hotspot_class" : "Neutral"}}, {"type" : "Feature", "geometry" : {"type":"Polygon","coordinates":[[[-77.559876878,39.240521449],[-77.559876878,39.275299962],[-77.514961113,39.275299962],[-77.514961113,39.240521449],[-77.559876878,39.240521449]]]}, "properties" : {"grid_id" : 847, "hotspot_class" : "Neutral"}}, {"type" : "Feature", "geometry" : {"type":"Polygon","coordinates":[[[-77.514961113,39.240521449],[-77.514961113,39.275299962],[-77.470045349,39.275299962],[-77.470045349,39.240521449],[-77.514961113,39.240521449]]]}, "properties" : {"grid_id" : 848, "hotspot_class" : "Cold Spot"}}, {"type" : "Feature", "geometry" : {"type":"Polygon","coordinates":[[[-77.371392365,38.740525951],[-77.371392365,38.775551113],[-77.3264766,38.775551113],[-77.3264766,38.740525951],[-77.371392365,38.740525951]]]}, "properties" : {"grid_id" : 849, "hotspot_class" : "Neutral"}}, {"type" : "Feature", "geometry" : {"type":"Polygon","coordinates":[[[-77.371392365,38.740525951],[-77.371392365,38.775551113],[-77.3264766,38.775551113],[-77.3264766,38.740525951],[-77.371392365,38.740525951]]]}, "properties" : {"grid_id" : 850, "hotspot_class" : "Neutral"}}, {"type" : "Feature", "geometry" : {"type":"Polygon","coordinates":[[[-77.3264766,38.740525951],[-77.3264766,38.775551113],[-77.281560836,38.775551113],[-77.281560836,38.740525951],[-77.3264766,38.740525951]]]}, "properties" : {"grid_id" : 851, "hotspot_class" : "Cold Spot"}}, {"type" : "Feature", "geometry" : {"type":"Polygon","coordinates":[[[-77.371392365,38.775551113],[-77.371392365,38.810559083],[-77.3264766,38.810559083],[-77.3264766,38.775551113],[-77.371392365,38.775551113]]]}, "properties" : {"grid_id" : 852, "hotspot_class" : "Hot Spot"}}, {"type" : "Feature", "geometry" : {"type":"Polygon","coordinates":[[[-77.371392365,38.775551113],[-77.371392365,38.810559083],[-77.3264766,38.810559083],[-77.3264766,38.775551113],[-77.371392365,38.775551113]]]}, "properties" : {"grid_id" : 853, "hotspot_class" : "Hot Spot"}}, {"type" : "Feature", "geometry" : {"type":"Polygon","coordinates":[[[-77.371392365,38.775551113],[-77.371392365,38.810559083],[-77.3264766,38.810559083],[-77.3264766,38.775551113],[-77.371392365,38.775551113]]]}, "properties" : {"grid_id" : 854, "hotspot_class" : "Hot Spot"}}, {"type" : "Feature", "geometry" : {"type":"Polygon","coordinates":[[[-77.496824128,38.867648162],[-77.496824128,38.902610866],[-77.451908364,38.902610866],[-77.451908364,38.867648162],[-77.496824128,38.867648162]]]}, "properties" : {"grid_id" : 855, "hotspot_class" : "Hot Spot"}}, {"type" : "Feature", "geometry" : {"type":"Polygon","coordinates":[[[-77.496824128,38.867648162],[-77.496824128,38.902610866],[-77.451908364,38.902610866],[-77.451908364,38.867648162],[-77.496824128,38.867648162]]]}, "properties" : {"grid_id" : 856, "hotspot_class" : "Hot Spot"}}, {"type" : "Feature", "geometry" : {"type":"Polygon","coordinates":[[[-77.496824128,38.867648162],[-77.496824128,38.902610866],[-77.451908364,38.902610866],[-77.451908364,38.867648162],[-77.496824128,38.867648162]]]}, "properties" : {"grid_id" : 857, "hotspot_class" : "Hot Spot"}}, {"type" : "Feature", "geometry" : {"type":"Polygon","coordinates":[[[-77.451908364,38.867648162],[-77.451908364,38.902610866],[-77.406992599,38.902610866],[-77.406992599,38.867648162],[-77.451908364,38.867648162]]]}, "properties" : {"grid_id" : 858, "hotspot_class" : "Cold Spot"}}, {"type" : "Feature", "geometry" : {"type":"Polygon","coordinates":[[[-77.496824128,38.902610866],[-77.496824128,38.937556361],[-77.451908364,38.937556361],[-77.451908364,38.902610866],[-77.496824128,38.902610866]]]}, "properties" : {"grid_id" : 859, "hotspot_class" : "Neutral"}}, {"type" : "Feature", "geometry" : {"type":"Polygon","coordinates":[[[-77.496824128,38.902610866],[-77.496824128,38.937556361],[-77.451908364,38.937556361],[-77.451908364,38.902610866],[-77.496824128,38.902610866]]]}, "properties" : {"grid_id" : 860, "hotspot_class" : "Neutral"}}, {"type" : "Feature", "geometry" : {"type":"Polygon","coordinates":[[[-77.496824128,38.902610866],[-77.496824128,38.937556361],[-77.451908364,38.937556361],[-77.451908364,38.902610866],[-77.496824128,38.902610866]]]}, "properties" : {"grid_id" : 861, "hotspot_class" : "Neutral"}}, {"type" : "Feature", "geometry" : {"type":"Polygon","coordinates":[[[-77.451908364,38.902610866],[-77.451908364,38.937556361],[-77.406992599,38.937556361],[-77.406992599,38.902610866],[-77.451908364,38.902610866]]]}, "properties" : {"grid_id" : 862, "hotspot_class" : "Cold Spot"}}, {"type" : "Feature", "geometry" : {"type":"Polygon","coordinates":[[[-77.472255205,38.556544636],[-77.472255205,38.591659886],[-77.427339441,38.591659886],[-77.427339441,38.556544636],[-77.472255205,38.556544636]]]}, "properties" : {"grid_id" : 863, "hotspot_class" : "Neutral"}}, {"type" : "Feature", "geometry" : {"type":"Polygon","coordinates":[[[-77.651918262,38.556544636],[-77.651918262,38.591659886],[-77.607002497,38.591659886],[-77.607002497,38.556544636],[-77.651918262,38.556544636]]]}, "properties" : {"grid_id" : 864, "hotspot_class" : "Cold Spot"}}, {"type" : "Feature", "geometry" : {"type":"Polygon","coordinates":[[[-77.607002497,38.556544636],[-77.607002497,38.591659886],[-77.562086733,38.591659886],[-77.562086733,38.556544636],[-77.607002497,38.556544636]]]}, "properties" : {"grid_id" : 865, "hotspot_class" : "Neutral"}}, {"type" : "Feature", "geometry" : {"type":"Polygon","coordinates":[[[-77.651918262,38.556544636],[-77.651918262,38.591659886],[-77.607002497,38.591659886],[-77.607002497,38.556544636],[-77.651918262,38.556544636]]]}, "properties" : {"grid_id" : 866, "hotspot_class" : "Cold Spot"}}, {"type" : "Feature", "geometry" : {"type":"Polygon","coordinates":[[[-77.607002497,38.556544636],[-77.607002497,38.591659886],[-77.562086733,38.591659886],[-77.562086733,38.556544636],[-77.607002497,38.556544636]]]}, "properties" : {"grid_id" : 867, "hotspot_class" : "Neutral"}}, {"type" : "Feature", "geometry" : {"type":"Polygon","coordinates":[[[-77.562086733,38.556544636],[-77.562086733,38.591659886],[-77.517170969,38.591659886],[-77.517170969,38.556544636],[-77.562086733,38.556544636]]]}, "properties" : {"grid_id" : 868, "hotspot_class" : "Neutral"}}, {"type" : "Feature", "geometry" : {"type":"Polygon","coordinates":[[[-77.562086733,38.556544636],[-77.562086733,38.591659886],[-77.517170969,38.591659886],[-77.517170969,38.556544636],[-77.562086733,38.556544636]]]}, "properties" : {"grid_id" : 869, "hotspot_class" : "Neutral"}}, {"type" : "Feature", "geometry" : {"type":"Polygon","coordinates":[[[-77.517170969,38.556544636],[-77.517170969,38.591659886],[-77.472255205,38.591659886],[-77.472255205,38.556544636],[-77.517170969,38.556544636]]]}, "properties" : {"grid_id" : 870, "hotspot_class" : "Neutral"}}, {"type" : "Feature", "geometry" : {"type":"Polygon","coordinates":[[[-77.472255205,38.556544636],[-77.472255205,38.591659886],[-77.427339441,38.591659886],[-77.427339441,38.556544636],[-77.472255205,38.556544636]]]}, "properties" : {"grid_id" : 871, "hotspot_class" : "Neutral"}}, {"type" : "Feature", "geometry" : {"type":"Polygon","coordinates":[[[-77.562086733,38.556544636],[-77.562086733,38.591659886],[-77.517170969,38.591659886],[-77.517170969,38.556544636],[-77.562086733,38.556544636]]]}, "properties" : {"grid_id" : 872, "hotspot_class" : "Neutral"}}, {"type" : "Feature", "geometry" : {"type":"Polygon","coordinates":[[[-77.517170969,38.556544636],[-77.517170969,38.591659886],[-77.472255205,38.591659886],[-77.472255205,38.556544636],[-77.517170969,38.556544636]]]}, "properties" : {"grid_id" : 873, "hotspot_class" : "Neutral"}}, {"type" : "Feature", "geometry" : {"type":"Polygon","coordinates":[[[-77.472255205,38.556544636],[-77.472255205,38.591659886],[-77.427339441,38.591659886],[-77.427339441,38.556544636],[-77.472255205,38.556544636]]]}, "properties" : {"grid_id" : 874, "hotspot_class" : "Neutral"}}, {"type" : "Feature", "geometry" : {"type":"Polygon","coordinates":[[[-77.562086733,38.556544636],[-77.562086733,38.591659886],[-77.517170969,38.591659886],[-77.517170969,38.556544636],[-77.562086733,38.556544636]]]}, "properties" : {"grid_id" : 875, "hotspot_class" : "Neutral"}}, {"type" : "Feature", "geometry" : {"type":"Polygon","coordinates":[[[-77.472255205,38.591659886],[-77.472255205,38.62675797],[-77.427339441,38.62675797],[-77.427339441,38.591659886],[-77.472255205,38.591659886]]]}, "properties" : {"grid_id" : 876, "hotspot_class" : "Neutral"}}, {"type" : "Feature", "geometry" : {"type":"Polygon","coordinates":[[[-77.472255205,38.591659886],[-77.472255205,38.62675797],[-77.427339441,38.62675797],[-77.427339441,38.591659886],[-77.472255205,38.591659886]]]}, "properties" : {"grid_id" : 877, "hotspot_class" : "Neutral"}}, {"type" : "Feature", "geometry" : {"type":"Polygon","coordinates":[[[-77.607002497,38.591659886],[-77.607002497,38.62675797],[-77.562086733,38.62675797],[-77.562086733,38.591659886],[-77.607002497,38.591659886]]]}, "properties" : {"grid_id" : 878, "hotspot_class" : "Neutral"}}, {"type" : "Feature", "geometry" : {"type":"Polygon","coordinates":[[[-77.562086733,38.591659886],[-77.562086733,38.62675797],[-77.517170969,38.62675797],[-77.517170969,38.591659886],[-77.562086733,38.591659886]]]}, "properties" : {"grid_id" : 879, "hotspot_class" : "Neutral"}}, {"type" : "Feature", "geometry" : {"type":"Polygon","coordinates":[[[-77.517170969,38.591659886],[-77.517170969,38.62675797],[-77.472255205,38.62675797],[-77.472255205,38.591659886],[-77.517170969,38.591659886]]]}, "properties" : {"grid_id" : 880, "hotspot_class" : "Neutral"}}, {"type" : "Feature", "geometry" : {"type":"Polygon","coordinates":[[[-77.607002497,38.591659886],[-77.607002497,38.62675797],[-77.562086733,38.62675797],[-77.562086733,38.591659886],[-77.607002497,38.591659886]]]}, "properties" : {"grid_id" : 881, "hotspot_class" : "Neutral"}}, {"type" : "Feature", "geometry" : {"type":"Polygon","coordinates":[[[-77.562086733,38.591659886],[-77.562086733,38.62675797],[-77.517170969,38.62675797],[-77.517170969,38.591659886],[-77.562086733,38.591659886]]]}, "properties" : {"grid_id" : 882, "hotspot_class" : "Neutral"}}, {"type" : "Feature", "geometry" : {"type":"Polygon","coordinates":[[[-77.517170969,38.591659886],[-77.517170969,38.62675797],[-77.472255205,38.62675797],[-77.472255205,38.591659886],[-77.517170969,38.591659886]]]}, "properties" : {"grid_id" : 883, "hotspot_class" : "Neutral"}}, {"type" : "Feature", "geometry" : {"type":"Polygon","coordinates":[[[-77.472255205,38.591659886],[-77.472255205,38.62675797],[-77.427339441,38.62675797],[-77.427339441,38.591659886],[-77.472255205,38.591659886]]]}, "properties" : {"grid_id" : 884, "hotspot_class" : "Neutral"}}, {"type" : "Feature", "geometry" : {"type":"Polygon","coordinates":[[[-77.472255205,38.62675797],[-77.472255205,38.661838882],[-77.427339441,38.661838882],[-77.427339441,38.62675797],[-77.472255205,38.62675797]]]}, "properties" : {"grid_id" : 885, "hotspot_class" : "Hot Spot"}}, {"type" : "Feature", "geometry" : {"type":"Polygon","coordinates":[[[-77.607002497,38.62675797],[-77.607002497,38.661838882],[-77.562086733,38.661838882],[-77.562086733,38.62675797],[-77.607002497,38.62675797]]]}, "properties" : {"grid_id" : 886, "hotspot_class" : "Cold Spot"}}, {"type" : "Feature", "geometry" : {"type":"Polygon","coordinates":[[[-77.607002497,38.62675797],[-77.607002497,38.661838882],[-77.562086733,38.661838882],[-77.562086733,38.62675797],[-77.607002497,38.62675797]]]}, "properties" : {"grid_id" : 887, "hotspot_class" : "Cold Spot"}}, {"type" : "Feature", "geometry" : {"type":"Polygon","coordinates":[[[-77.562086733,38.62675797],[-77.562086733,38.661838882],[-77.517170969,38.661838882],[-77.517170969,38.62675797],[-77.562086733,38.62675797]]]}, "properties" : {"grid_id" : 888, "hotspot_class" : "Neutral"}}, {"type" : "Feature", "geometry" : {"type":"Polygon","coordinates":[[[-77.517170969,38.62675797],[-77.517170969,38.661838882],[-77.472255205,38.661838882],[-77.472255205,38.62675797],[-77.517170969,38.62675797]]]}, "properties" : {"grid_id" : 889, "hotspot_class" : "Cold Spot"}}, {"type" : "Feature", "geometry" : {"type":"Polygon","coordinates":[[[-77.472255205,38.62675797],[-77.472255205,38.661838882],[-77.427339441,38.661838882],[-77.427339441,38.62675797],[-77.472255205,38.62675797]]]}, "properties" : {"grid_id" : 890, "hotspot_class" : "Hot Spot"}}, {"type" : "Feature", "geometry" : {"type":"Polygon","coordinates":[[[-77.517170969,38.661838882],[-77.517170969,38.696902618],[-77.472255205,38.696902618],[-77.472255205,38.661838882],[-77.517170969,38.661838882]]]}, "properties" : {"grid_id" : 891, "hotspot_class" : "Neutral"}}, {"type" : "Feature", "geometry" : {"type":"Polygon","coordinates":[[[-77.472255205,38.661838882],[-77.472255205,38.696902618],[-77.427339441,38.696902618],[-77.427339441,38.661838882],[-77.472255205,38.661838882]]]}, "properties" : {"grid_id" : 892, "hotspot_class" : "Hot Spot"}}, {"type" : "Feature", "geometry" : {"type":"Polygon","coordinates":[[[-77.696834026,38.661838882],[-77.696834026,38.696902618],[-77.651918262,38.696902618],[-77.651918262,38.661838882],[-77.696834026,38.661838882]]]}, "properties" : {"grid_id" : 893, "hotspot_class" : "Neutral"}}, {"type" : "Feature", "geometry" : {"type":"Polygon","coordinates":[[[-77.651918262,38.661838882],[-77.651918262,38.696902618],[-77.607002497,38.696902618],[-77.607002497,38.661838882],[-77.651918262,38.661838882]]]}, "properties" : {"grid_id" : 894, "hotspot_class" : "Cold Spot"}}, {"type" : "Feature", "geometry" : {"type":"Polygon","coordinates":[[[-77.696834026,38.661838882],[-77.696834026,38.696902618],[-77.651918262,38.696902618],[-77.651918262,38.661838882],[-77.696834026,38.661838882]]]}, "properties" : {"grid_id" : 895, "hotspot_class" : "Neutral"}}, {"type" : "Feature", "geometry" : {"type":"Polygon","coordinates":[[[-77.562086733,38.661838882],[-77.562086733,38.696902618],[-77.517170969,38.696902618],[-77.517170969,38.661838882],[-77.562086733,38.661838882]]]}, "properties" : {"grid_id" : 896, "hotspot_class" : "Cold Spot"}}, {"type" : "Feature", "geometry" : {"type":"Polygon","coordinates":[[[-77.517170969,38.661838882],[-77.517170969,38.696902618],[-77.472255205,38.696902618],[-77.472255205,38.661838882],[-77.517170969,38.661838882]]]}, "properties" : {"grid_id" : 897, "hotspot_class" : "Neutral"}}, {"type" : "Feature", "geometry" : {"type":"Polygon","coordinates":[[[-77.651918262,38.661838882],[-77.651918262,38.696902618],[-77.607002497,38.696902618],[-77.607002497,38.661838882],[-77.651918262,38.661838882]]]}, "properties" : {"grid_id" : 898, "hotspot_class" : "Cold Spot"}}, {"type" : "Feature", "geometry" : {"type":"Polygon","coordinates":[[[-77.562086733,38.661838882],[-77.562086733,38.696902618],[-77.517170969,38.696902618],[-77.517170969,38.661838882],[-77.562086733,38.661838882]]]}, "properties" : {"grid_id" : 899, "hotspot_class" : "Cold Spot"}}, {"type" : "Feature", "geometry" : {"type":"Polygon","coordinates":[[[-77.517170969,38.661838882],[-77.517170969,38.696902618],[-77.472255205,38.696902618],[-77.472255205,38.661838882],[-77.517170969,38.661838882]]]}, "properties" : {"grid_id" : 900, "hotspot_class" : "Neutral"}}, {"type" : "Feature", "geometry" : {"type":"Polygon","coordinates":[[[-77.472255205,38.661838882],[-77.472255205,38.696902618],[-77.427339441,38.696902618],[-77.427339441,38.661838882],[-77.472255205,38.661838882]]]}, "properties" : {"grid_id" : 901, "hotspot_class" : "Hot Spot"}}, {"type" : "Feature", "geometry" : {"type":"Polygon","coordinates":[[[-77.517170969,38.696902618],[-77.517170969,38.731949173],[-77.472255205,38.731949173],[-77.472255205,38.696902618],[-77.517170969,38.696902618]]]}, "properties" : {"grid_id" : 902, "hotspot_class" : "Cold Spot"}}, {"type" : "Feature", "geometry" : {"type":"Polygon","coordinates":[[[-77.472255205,38.696902618],[-77.472255205,38.731949173],[-77.427339441,38.731949173],[-77.427339441,38.696902618],[-77.472255205,38.696902618]]]}, "properties" : {"grid_id" : 903, "hotspot_class" : "Neutral"}}, {"type" : "Feature", "geometry" : {"type":"Polygon","coordinates":[[[-77.472255205,38.696902618],[-77.472255205,38.731949173],[-77.427339441,38.731949173],[-77.427339441,38.696902618],[-77.472255205,38.696902618]]]}, "properties" : {"grid_id" : 904, "hotspot_class" : "Neutral"}}, {"type" : "Feature", "geometry" : {"type":"Polygon","coordinates":[[[-77.696834026,38.696902618],[-77.696834026,38.731949173],[-77.651918262,38.731949173],[-77.651918262,38.696902618],[-77.696834026,38.696902618]]]}, "properties" : {"grid_id" : 905, "hotspot_class" : "Cold Spot"}}, {"type" : "Feature", "geometry" : {"type":"Polygon","coordinates":[[[-77.651918262,38.696902618],[-77.651918262,38.731949173],[-77.607002497,38.731949173],[-77.607002497,38.696902618],[-77.651918262,38.696902618]]]}, "properties" : {"grid_id" : 906, "hotspot_class" : "Cold Spot"}}, {"type" : "Feature", "geometry" : {"type":"Polygon","coordinates":[[[-77.696834026,38.696902618],[-77.696834026,38.731949173],[-77.651918262,38.731949173],[-77.651918262,38.696902618],[-77.696834026,38.696902618]]]}, "properties" : {"grid_id" : 907, "hotspot_class" : "Cold Spot"}}, {"type" : "Feature", "geometry" : {"type":"Polygon","coordinates":[[[-77.607002497,38.696902618],[-77.607002497,38.731949173],[-77.562086733,38.731949173],[-77.562086733,38.696902618],[-77.607002497,38.696902618]]]}, "properties" : {"grid_id" : 908, "hotspot_class" : "Cold Spot"}}, {"type" : "Feature", "geometry" : {"type":"Polygon","coordinates":[[[-77.562086733,38.696902618],[-77.562086733,38.731949173],[-77.517170969,38.731949173],[-77.517170969,38.696902618],[-77.562086733,38.696902618]]]}, "properties" : {"grid_id" : 909, "hotspot_class" : "Neutral"}}, {"type" : "Feature", "geometry" : {"type":"Polygon","coordinates":[[[-77.696834026,38.696902618],[-77.696834026,38.731949173],[-77.651918262,38.731949173],[-77.651918262,38.696902618],[-77.696834026,38.696902618]]]}, "properties" : {"grid_id" : 910, "hotspot_class" : "Cold Spot"}}, {"type" : "Feature", "geometry" : {"type":"Polygon","coordinates":[[[-77.651918262,38.696902618],[-77.651918262,38.731949173],[-77.607002497,38.731949173],[-77.607002497,38.696902618],[-77.651918262,38.696902618]]]}, "properties" : {"grid_id" : 911, "hotspot_class" : "Cold Spot"}}, {"type" : "Feature", "geometry" : {"type":"Polygon","coordinates":[[[-77.607002497,38.696902618],[-77.607002497,38.731949173],[-77.562086733,38.731949173],[-77.562086733,38.696902618],[-77.607002497,38.696902618]]]}, "properties" : {"grid_id" : 912, "hotspot_class" : "Cold Spot"}}, {"type" : "Feature", "geometry" : {"type":"Polygon","coordinates":[[[-77.562086733,38.696902618],[-77.562086733,38.731949173],[-77.517170969,38.731949173],[-77.517170969,38.696902618],[-77.562086733,38.696902618]]]}, "properties" : {"grid_id" : 913, "hotspot_class" : "Neutral"}}, {"type" : "Feature", "geometry" : {"type":"Polygon","coordinates":[[[-77.472255205,38.731949173],[-77.472255205,38.766978542],[-77.427339441,38.766978542],[-77.427339441,38.731949173],[-77.472255205,38.731949173]]]}, "properties" : {"grid_id" : 914, "hotspot_class" : "Neutral"}}, {"type" : "Feature", "geometry" : {"type":"Polygon","coordinates":[[[-77.472255205,38.731949173],[-77.472255205,38.766978542],[-77.427339441,38.766978542],[-77.427339441,38.731949173],[-77.472255205,38.731949173]]]}, "properties" : {"grid_id" : 915, "hotspot_class" : "Neutral"}}, {"type" : "Feature", "geometry" : {"type":"Polygon","coordinates":[[[-77.696834026,38.731949173],[-77.696834026,38.766978542],[-77.651918262,38.766978542],[-77.651918262,38.731949173],[-77.696834026,38.731949173]]]}, "properties" : {"grid_id" : 916, "hotspot_class" : "Neutral"}}, {"type" : "Feature", "geometry" : {"type":"Polygon","coordinates":[[[-77.651918262,38.731949173],[-77.651918262,38.766978542],[-77.607002497,38.766978542],[-77.607002497,38.731949173],[-77.651918262,38.731949173]]]}, "properties" : {"grid_id" : 917, "hotspot_class" : "Cold Spot"}}, {"type" : "Feature", "geometry" : {"type":"Polygon","coordinates":[[[-77.607002497,38.731949173],[-77.607002497,38.766978542],[-77.562086733,38.766978542],[-77.562086733,38.731949173],[-77.607002497,38.731949173]]]}, "properties" : {"grid_id" : 918, "hotspot_class" : "Hot Spot"}}, {"type" : "Feature", "geometry" : {"type":"Polygon","coordinates":[[[-77.696834026,38.731949173],[-77.696834026,38.766978542],[-77.651918262,38.766978542],[-77.651918262,38.731949173],[-77.696834026,38.731949173]]]}, "properties" : {"grid_id" : 919, "hotspot_class" : "Neutral"}}, {"type" : "Feature", "geometry" : {"type":"Polygon","coordinates":[[[-77.562086733,38.731949173],[-77.562086733,38.766978542],[-77.517170969,38.766978542],[-77.517170969,38.731949173],[-77.562086733,38.731949173]]]}, "properties" : {"grid_id" : 920, "hotspot_class" : "Neutral"}}, {"type" : "Feature", "geometry" : {"type":"Polygon","coordinates":[[[-77.517170969,38.731949173],[-77.517170969,38.766978542],[-77.472255205,38.766978542],[-77.472255205,38.731949173],[-77.517170969,38.731949173]]]}, "properties" : {"grid_id" : 921, "hotspot_class" : "Cold Spot"}}, {"type" : "Feature", "geometry" : {"type":"Polygon","coordinates":[[[-77.472255205,38.731949173],[-77.472255205,38.766978542],[-77.427339441,38.766978542],[-77.427339441,38.731949173],[-77.472255205,38.731949173]]]}, "properties" : {"grid_id" : 922, "hotspot_class" : "Neutral"}}, {"type" : "Feature", "geometry" : {"type":"Polygon","coordinates":[[[-77.607002497,38.731949173],[-77.607002497,38.766978542],[-77.562086733,38.766978542],[-77.562086733,38.731949173],[-77.607002497,38.731949173]]]}, "properties" : {"grid_id" : 923, "hotspot_class" : "Hot Spot"}}, {"type" : "Feature", "geometry" : {"type":"Polygon","coordinates":[[[-77.562086733,38.731949173],[-77.562086733,38.766978542],[-77.517170969,38.766978542],[-77.517170969,38.731949173],[-77.562086733,38.731949173]]]}, "properties" : {"grid_id" : 924, "hotspot_class" : "Neutral"}}, {"type" : "Feature", "geometry" : {"type":"Polygon","coordinates":[[[-77.562086733,38.731949173],[-77.562086733,38.766978542],[-77.517170969,38.766978542],[-77.517170969,38.731949173],[-77.562086733,38.731949173]]]}, "properties" : {"grid_id" : 925, "hotspot_class" : "Neutral"}}, {"type" : "Feature", "geometry" : {"type":"Polygon","coordinates":[[[-77.517170969,38.731949173],[-77.517170969,38.766978542],[-77.472255205,38.766978542],[-77.472255205,38.731949173],[-77.517170969,38.731949173]]]}, "properties" : {"grid_id" : 926, "hotspot_class" : "Cold Spot"}}, {"type" : "Feature", "geometry" : {"type":"Polygon","coordinates":[[[-77.696834026,38.731949173],[-77.696834026,38.766978542],[-77.651918262,38.766978542],[-77.651918262,38.731949173],[-77.696834026,38.731949173]]]}, "properties" : {"grid_id" : 927, "hotspot_class" : "Neutral"}}, {"type" : "Feature", "geometry" : {"type":"Polygon","coordinates":[[[-77.651918262,38.731949173],[-77.651918262,38.766978542],[-77.607002497,38.766978542],[-77.607002497,38.731949173],[-77.651918262,38.731949173]]]}, "properties" : {"grid_id" : 928, "hotspot_class" : "Cold Spot"}}, {"type" : "Feature", "geometry" : {"type":"Polygon","coordinates":[[[-77.607002497,38.731949173],[-77.607002497,38.766978542],[-77.562086733,38.766978542],[-77.562086733,38.731949173],[-77.607002497,38.731949173]]]}, "properties" : {"grid_id" : 929, "hotspot_class" : "Hot Spot"}}, {"type" : "Feature", "geometry" : {"type":"Polygon","coordinates":[[[-77.562086733,38.731949173],[-77.562086733,38.766978542],[-77.517170969,38.766978542],[-77.517170969,38.731949173],[-77.562086733,38.731949173]]]}, "properties" : {"grid_id" : 930, "hotspot_class" : "Neutral"}}, {"type" : "Feature", "geometry" : {"type":"Polygon","coordinates":[[[-77.696834026,38.766978542],[-77.696834026,38.801990721],[-77.651918262,38.801990721],[-77.651918262,38.766978542],[-77.696834026,38.766978542]]]}, "properties" : {"grid_id" : 931, "hotspot_class" : "Neutral"}}, {"type" : "Feature", "geometry" : {"type":"Polygon","coordinates":[[[-77.517170969,38.766978542],[-77.517170969,38.801990721],[-77.472255205,38.801990721],[-77.472255205,38.766978542],[-77.517170969,38.766978542]]]}, "properties" : {"grid_id" : 932, "hotspot_class" : "Neutral"}}, {"type" : "Feature", "geometry" : {"type":"Polygon","coordinates":[[[-77.472255205,38.766978542],[-77.472255205,38.801990721],[-77.427339441,38.801990721],[-77.427339441,38.766978542],[-77.472255205,38.766978542]]]}, "properties" : {"grid_id" : 933, "hotspot_class" : "Hot Spot"}}, {"type" : "Feature", "geometry" : {"type":"Polygon","coordinates":[[[-77.472255205,38.766978542],[-77.472255205,38.801990721],[-77.427339441,38.801990721],[-77.427339441,38.766978542],[-77.472255205,38.766978542]]]}, "properties" : {"grid_id" : 934, "hotspot_class" : "Hot Spot"}}, {"type" : "Feature", "geometry" : {"type":"Polygon","coordinates":[[[-77.696834026,38.766978542],[-77.696834026,38.801990721],[-77.651918262,38.801990721],[-77.651918262,38.766978542],[-77.696834026,38.766978542]]]}, "properties" : {"grid_id" : 935, "hotspot_class" : "Neutral"}}, {"type" : "Feature", "geometry" : {"type":"Polygon","coordinates":[[[-77.651918262,38.766978542],[-77.651918262,38.801990721],[-77.607002497,38.801990721],[-77.607002497,38.766978542],[-77.651918262,38.766978542]]]}, "properties" : {"grid_id" : 936, "hotspot_class" : "Neutral"}}, {"type" : "Feature", "geometry" : {"type":"Polygon","coordinates":[[[-77.607002497,38.766978542],[-77.607002497,38.801990721],[-77.562086733,38.801990721],[-77.562086733,38.766978542],[-77.607002497,38.766978542]]]}, "properties" : {"grid_id" : 937, "hotspot_class" : "Hot Spot"}}, {"type" : "Feature", "geometry" : {"type":"Polygon","coordinates":[[[-77.696834026,38.766978542],[-77.696834026,38.801990721],[-77.651918262,38.801990721],[-77.651918262,38.766978542],[-77.696834026,38.766978542]]]}, "properties" : {"grid_id" : 938, "hotspot_class" : "Neutral"}}, {"type" : "Feature", "geometry" : {"type":"Polygon","coordinates":[[[-77.517170969,38.766978542],[-77.517170969,38.801990721],[-77.472255205,38.801990721],[-77.472255205,38.766978542],[-77.517170969,38.766978542]]]}, "properties" : {"grid_id" : 939, "hotspot_class" : "Neutral"}}, {"type" : "Feature", "geometry" : {"type":"Polygon","coordinates":[[[-77.472255205,38.766978542],[-77.472255205,38.801990721],[-77.427339441,38.801990721],[-77.427339441,38.766978542],[-77.472255205,38.766978542]]]}, "properties" : {"grid_id" : 940, "hotspot_class" : "Hot Spot"}}, {"type" : "Feature", "geometry" : {"type":"Polygon","coordinates":[[[-77.517170969,38.766978542],[-77.517170969,38.801990721],[-77.472255205,38.801990721],[-77.472255205,38.766978542],[-77.517170969,38.766978542]]]}, "properties" : {"grid_id" : 941, "hotspot_class" : "Neutral"}}, {"type" : "Feature", "geometry" : {"type":"Polygon","coordinates":[[[-77.472255205,38.766978542],[-77.472255205,38.801990721],[-77.427339441,38.801990721],[-77.427339441,38.766978542],[-77.472255205,38.766978542]]]}, "properties" : {"grid_id" : 942, "hotspot_class" : "Hot Spot"}}, {"type" : "Feature", "geometry" : {"type":"Polygon","coordinates":[[[-77.607002497,38.766978542],[-77.607002497,38.801990721],[-77.562086733,38.801990721],[-77.562086733,38.766978542],[-77.607002497,38.766978542]]]}, "properties" : {"grid_id" : 943, "hotspot_class" : "Hot Spot"}}, {"type" : "Feature", "geometry" : {"type":"Polygon","coordinates":[[[-77.562086733,38.766978542],[-77.562086733,38.801990721],[-77.517170969,38.801990721],[-77.517170969,38.766978542],[-77.562086733,38.766978542]]]}, "properties" : {"grid_id" : 944, "hotspot_class" : "Neutral"}}, {"type" : "Feature", "geometry" : {"type":"Polygon","coordinates":[[[-77.607002497,38.766978542],[-77.607002497,38.801990721],[-77.562086733,38.801990721],[-77.562086733,38.766978542],[-77.607002497,38.766978542]]]}, "properties" : {"grid_id" : 945, "hotspot_class" : "Hot Spot"}}, {"type" : "Feature", "geometry" : {"type":"Polygon","coordinates":[[[-77.562086733,38.766978542],[-77.562086733,38.801990721],[-77.517170969,38.801990721],[-77.517170969,38.766978542],[-77.562086733,38.766978542]]]}, "properties" : {"grid_id" : 946, "hotspot_class" : "Neutral"}}, {"type" : "Feature", "geometry" : {"type":"Polygon","coordinates":[[[-77.517170969,38.766978542],[-77.517170969,38.801990721],[-77.472255205,38.801990721],[-77.472255205,38.766978542],[-77.517170969,38.766978542]]]}, "properties" : {"grid_id" : 947, "hotspot_class" : "Neutral"}}, {"type" : "Feature", "geometry" : {"type":"Polygon","coordinates":[[[-77.472255205,38.766978542],[-77.472255205,38.801990721],[-77.427339441,38.801990721],[-77.427339441,38.766978542],[-77.472255205,38.766978542]]]}, "properties" : {"grid_id" : 948, "hotspot_class" : "Hot Spot"}}, {"type" : "Feature", "geometry" : {"type":"Polygon","coordinates":[[[-77.696834026,38.766978542],[-77.696834026,38.801990721],[-77.651918262,38.801990721],[-77.651918262,38.766978542],[-77.696834026,38.766978542]]]}, "properties" : {"grid_id" : 949, "hotspot_class" : "Neutral"}}, {"type" : "Feature", "geometry" : {"type":"Polygon","coordinates":[[[-77.651918262,38.766978542],[-77.651918262,38.801990721],[-77.607002497,38.801990721],[-77.607002497,38.766978542],[-77.651918262,38.766978542]]]}, "properties" : {"grid_id" : 950, "hotspot_class" : "Neutral"}}, {"type" : "Feature", "geometry" : {"type":"Polygon","coordinates":[[[-77.696834026,38.766978542],[-77.696834026,38.801990721],[-77.651918262,38.801990721],[-77.651918262,38.766978542],[-77.696834026,38.766978542]]]}, "properties" : {"grid_id" : 951, "hotspot_class" : "Neutral"}}, {"type" : "Feature", "geometry" : {"type":"Polygon","coordinates":[[[-77.651918262,38.766978542],[-77.651918262,38.801990721],[-77.607002497,38.801990721],[-77.607002497,38.766978542],[-77.651918262,38.766978542]]]}, "properties" : {"grid_id" : 952, "hotspot_class" : "Neutral"}}, {"type" : "Feature", "geometry" : {"type":"Polygon","coordinates":[[[-77.89834411,39.023246629],[-77.89834411,39.05813265],[-77.853428346,39.05813265],[-77.853428346,39.023246629],[-77.89834411,39.023246629]]]}, "properties" : {"grid_id" : 953, "hotspot_class" : "Cold Spot"}}, {"type" : "Feature", "geometry" : {"type":"Polygon","coordinates":[[[-77.853428346,39.023246629],[-77.853428346,39.05813265],[-77.808512582,39.05813265],[-77.808512582,39.023246629],[-77.853428346,39.023246629]]]}, "properties" : {"grid_id" : 954, "hotspot_class" : "Neutral"}}, {"type" : "Feature", "geometry" : {"type":"Polygon","coordinates":[[[-77.853428346,39.023246629],[-77.853428346,39.05813265],[-77.808512582,39.05813265],[-77.808512582,39.023246629],[-77.853428346,39.023246629]]]}, "properties" : {"grid_id" : 955, "hotspot_class" : "Neutral"}}, {"type" : "Feature", "geometry" : {"type":"Polygon","coordinates":[[[-77.89834411,39.023246629],[-77.89834411,39.05813265],[-77.853428346,39.05813265],[-77.853428346,39.023246629],[-77.89834411,39.023246629]]]}, "properties" : {"grid_id" : 956, "hotspot_class" : "Cold Spot"}}, {"type" : "Feature", "geometry" : {"type":"Polygon","coordinates":[[[-77.89834411,39.023246629],[-77.89834411,39.05813265],[-77.853428346,39.05813265],[-77.853428346,39.023246629],[-77.89834411,39.023246629]]]}, "properties" : {"grid_id" : 957, "hotspot_class" : "Cold Spot"}}, {"type" : "Feature", "geometry" : {"type":"Polygon","coordinates":[[[-77.853428346,39.023246629],[-77.853428346,39.05813265],[-77.808512582,39.05813265],[-77.808512582,39.023246629],[-77.853428346,39.023246629]]]}, "properties" : {"grid_id" : 958, "hotspot_class" : "Neutral"}}, {"type" : "Feature", "geometry" : {"type":"Polygon","coordinates":[[[-77.89834411,39.05813265],[-77.89834411,39.093001443],[-77.853428346,39.093001443],[-77.853428346,39.05813265],[-77.89834411,39.05813265]]]}, "properties" : {"grid_id" : 959, "hotspot_class" : "Neutral"}}, {"type" : "Feature", "geometry" : {"type":"Polygon","coordinates":[[[-77.853428346,39.05813265],[-77.853428346,39.093001443],[-77.808512582,39.093001443],[-77.808512582,39.05813265],[-77.853428346,39.05813265]]]}, "properties" : {"grid_id" : 960, "hotspot_class" : "Hot Spot"}}, {"type" : "Feature", "geometry" : {"type":"Polygon","coordinates":[[[-77.853428346,39.05813265],[-77.853428346,39.093001443],[-77.808512582,39.093001443],[-77.808512582,39.05813265],[-77.853428346,39.05813265]]]}, "properties" : {"grid_id" : 961, "hotspot_class" : "Hot Spot"}}, {"type" : "Feature", "geometry" : {"type":"Polygon","coordinates":[[[-77.89834411,39.05813265],[-77.89834411,39.093001443],[-77.853428346,39.093001443],[-77.853428346,39.05813265],[-77.89834411,39.05813265]]]}, "properties" : {"grid_id" : 962, "hotspot_class" : "Neutral"}}, {"type" : "Feature", "geometry" : {"type":"Polygon","coordinates":[[[-77.89834411,39.05813265],[-77.89834411,39.093001443],[-77.853428346,39.093001443],[-77.853428346,39.05813265],[-77.89834411,39.05813265]]]}, "properties" : {"grid_id" : 963, "hotspot_class" : "Neutral"}}, {"type" : "Feature", "geometry" : {"type":"Polygon","coordinates":[[[-77.408142443,38.564826358],[-77.408142443,38.599937561],[-77.363226679,38.599937561],[-77.363226679,38.564826358],[-77.408142443,38.564826358]]]}, "properties" : {"grid_id" : 964, "hotspot_class" : "Cold Spot"}}, {"type" : "Feature", "geometry" : {"type":"Polygon","coordinates":[[[-77.408142443,38.564826358],[-77.408142443,38.599937561],[-77.363226679,38.599937561],[-77.363226679,38.564826358],[-77.408142443,38.564826358]]]}, "properties" : {"grid_id" : 965, "hotspot_class" : "Cold Spot"}}, {"type" : "Feature", "geometry" : {"type":"Polygon","coordinates":[[[-77.363226679,38.564826358],[-77.363226679,38.599937561],[-77.318310915,38.599937561],[-77.318310915,38.564826358],[-77.363226679,38.564826358]]]}, "properties" : {"grid_id" : 966, "hotspot_class" : "Neutral"}}, {"type" : "Feature", "geometry" : {"type":"Polygon","coordinates":[[[-77.408142443,38.564826358],[-77.408142443,38.599937561],[-77.363226679,38.599937561],[-77.363226679,38.564826358],[-77.408142443,38.564826358]]]}, "properties" : {"grid_id" : 967, "hotspot_class" : "Cold Spot"}}, {"type" : "Feature", "geometry" : {"type":"Polygon","coordinates":[[[-77.363226679,38.564826358],[-77.363226679,38.599937561],[-77.318310915,38.599937561],[-77.318310915,38.564826358],[-77.363226679,38.564826358]]]}, "properties" : {"grid_id" : 968, "hotspot_class" : "Neutral"}}, {"type" : "Feature", "geometry" : {"type":"Polygon","coordinates":[[[-77.318310915,38.564826358],[-77.318310915,38.599937561],[-77.27339515,38.599937561],[-77.27339515,38.564826358],[-77.318310915,38.564826358]]]}, "properties" : {"grid_id" : 969, "hotspot_class" : "Cold Spot"}}, {"type" : "Feature", "geometry" : {"type":"Polygon","coordinates":[[[-77.408142443,38.599937561],[-77.408142443,38.635031596],[-77.363226679,38.635031596],[-77.363226679,38.599937561],[-77.408142443,38.599937561]]]}, "properties" : {"grid_id" : 970, "hotspot_class" : "Neutral"}}, {"type" : "Feature", "geometry" : {"type":"Polygon","coordinates":[[[-77.408142443,38.599937561],[-77.408142443,38.635031596],[-77.363226679,38.635031596],[-77.363226679,38.599937561],[-77.408142443,38.599937561]]]}, "properties" : {"grid_id" : 971, "hotspot_class" : "Neutral"}}, {"type" : "Feature", "geometry" : {"type":"Polygon","coordinates":[[[-77.363226679,38.599937561],[-77.363226679,38.635031596],[-77.318310915,38.635031596],[-77.318310915,38.599937561],[-77.363226679,38.599937561]]]}, "properties" : {"grid_id" : 972, "hotspot_class" : "Hot Spot"}}, {"type" : "Feature", "geometry" : {"type":"Polygon","coordinates":[[[-77.318310915,38.599937561],[-77.318310915,38.635031596],[-77.27339515,38.635031596],[-77.27339515,38.599937561],[-77.318310915,38.599937561]]]}, "properties" : {"grid_id" : 973, "hotspot_class" : "Neutral"}}, {"type" : "Feature", "geometry" : {"type":"Polygon","coordinates":[[[-77.318310915,38.599937561],[-77.318310915,38.635031596],[-77.27339515,38.635031596],[-77.27339515,38.599937561],[-77.318310915,38.599937561]]]}, "properties" : {"grid_id" : 974, "hotspot_class" : "Neutral"}}, {"type" : "Feature", "geometry" : {"type":"Polygon","coordinates":[[[-77.408142443,38.599937561],[-77.408142443,38.635031596],[-77.363226679,38.635031596],[-77.363226679,38.599937561],[-77.408142443,38.599937561]]]}, "properties" : {"grid_id" : 975, "hotspot_class" : "Neutral"}}, {"type" : "Feature", "geometry" : {"type":"Polygon","coordinates":[[[-77.363226679,38.599937561],[-77.363226679,38.635031596],[-77.318310915,38.635031596],[-77.318310915,38.599937561],[-77.363226679,38.599937561]]]}, "properties" : {"grid_id" : 976, "hotspot_class" : "Hot Spot"}}, {"type" : "Feature", "geometry" : {"type":"Polygon","coordinates":[[[-77.318310915,38.599937561],[-77.318310915,38.635031596],[-77.27339515,38.635031596],[-77.27339515,38.599937561],[-77.318310915,38.599937561]]]}, "properties" : {"grid_id" : 977, "hotspot_class" : "Neutral"}}, {"type" : "Feature", "geometry" : {"type":"Polygon","coordinates":[[[-77.785776222,38.792539127],[-77.785776222,38.827538755],[-77.740860458,38.827538755],[-77.740860458,38.792539127],[-77.785776222,38.792539127]]]}, "properties" : {"grid_id" : 978, "hotspot_class" : "Neutral"}}, {"type" : "Feature", "geometry" : {"type":"Polygon","coordinates":[[[-77.740860458,38.792539127],[-77.740860458,38.827538755],[-77.695944694,38.827538755],[-77.695944694,38.792539127],[-77.740860458,38.792539127]]]}, "properties" : {"grid_id" : 979, "hotspot_class" : "Cold Spot"}}, {"type" : "Feature", "geometry" : {"type":"Polygon","coordinates":[[[-77.695944694,38.792539127],[-77.695944694,38.827538755],[-77.651028929,38.827538755],[-77.651028929,38.792539127],[-77.695944694,38.792539127]]]}, "properties" : {"grid_id" : 980, "hotspot_class" : "Hot Spot"}}, {"type" : "Feature", "geometry" : {"type":"Polygon","coordinates":[[[-77.740860458,38.792539127],[-77.740860458,38.827538755],[-77.695944694,38.827538755],[-77.695944694,38.792539127],[-77.740860458,38.792539127]]]}, "properties" : {"grid_id" : 981, "hotspot_class" : "Cold Spot"}}, {"type" : "Feature", "geometry" : {"type":"Polygon","coordinates":[[[-77.695944694,38.792539127],[-77.695944694,38.827538755],[-77.651028929,38.827538755],[-77.651028929,38.792539127],[-77.695944694,38.792539127]]]}, "properties" : {"grid_id" : 982, "hotspot_class" : "Hot Spot"}}, {"type" : "Feature", "geometry" : {"type":"Polygon","coordinates":[[[-77.785776222,38.792539127],[-77.785776222,38.827538755],[-77.740860458,38.827538755],[-77.740860458,38.792539127],[-77.785776222,38.792539127]]]}, "properties" : {"grid_id" : 983, "hotspot_class" : "Neutral"}}, {"type" : "Feature", "geometry" : {"type":"Polygon","coordinates":[[[-77.740860458,38.792539127],[-77.740860458,38.827538755],[-77.695944694,38.827538755],[-77.695944694,38.792539127],[-77.740860458,38.792539127]]]}, "properties" : {"grid_id" : 984, "hotspot_class" : "Cold Spot"}}, {"type" : "Feature", "geometry" : {"type":"Polygon","coordinates":[[[-77.695944694,38.792539127],[-77.695944694,38.827538755],[-77.651028929,38.827538755],[-77.651028929,38.792539127],[-77.695944694,38.792539127]]]}, "properties" : {"grid_id" : 985, "hotspot_class" : "Hot Spot"}}, {"type" : "Feature", "geometry" : {"type":"Polygon","coordinates":[[[-77.695944694,38.792539127],[-77.695944694,38.827538755],[-77.651028929,38.827538755],[-77.651028929,38.792539127],[-77.695944694,38.792539127]]]}, "properties" : {"grid_id" : 986, "hotspot_class" : "Hot Spot"}}, {"type" : "Feature", "geometry" : {"type":"Polygon","coordinates":[[[-77.830691986,38.792539127],[-77.830691986,38.827538755],[-77.785776222,38.827538755],[-77.785776222,38.792539127],[-77.830691986,38.792539127]]]}, "properties" : {"grid_id" : 987, "hotspot_class" : "Cold Spot"}}, {"type" : "Feature", "geometry" : {"type":"Polygon","coordinates":[[[-77.785776222,38.792539127],[-77.785776222,38.827538755],[-77.740860458,38.827538755],[-77.740860458,38.792539127],[-77.785776222,38.792539127]]]}, "properties" : {"grid_id" : 988, "hotspot_class" : "Neutral"}}, {"type" : "Feature", "geometry" : {"type":"Polygon","coordinates":[[[-77.740860458,38.792539127],[-77.740860458,38.827538755],[-77.695944694,38.827538755],[-77.695944694,38.792539127],[-77.740860458,38.792539127]]]}, "properties" : {"grid_id" : 989, "hotspot_class" : "Cold Spot"}}, {"type" : "Feature", "geometry" : {"type":"Polygon","coordinates":[[[-77.785776222,38.827538755],[-77.785776222,38.862521184],[-77.740860458,38.862521184],[-77.740860458,38.827538755],[-77.785776222,38.827538755]]]}, "properties" : {"grid_id" : 990, "hotspot_class" : "Cold Spot"}}, {"type" : "Feature", "geometry" : {"type":"Polygon","coordinates":[[[-77.740860458,38.827538755],[-77.740860458,38.862521184],[-77.695944694,38.862521184],[-77.695944694,38.827538755],[-77.740860458,38.827538755]]]}, "properties" : {"grid_id" : 991, "hotspot_class" : "Cold Spot"}}, {"type" : "Feature", "geometry" : {"type":"Polygon","coordinates":[[[-77.695944694,38.827538755],[-77.695944694,38.862521184],[-77.651028929,38.862521184],[-77.651028929,38.827538755],[-77.695944694,38.827538755]]]}, "properties" : {"grid_id" : 992, "hotspot_class" : "Hot Spot"}}, {"type" : "Feature", "geometry" : {"type":"Polygon","coordinates":[[[-77.740860458,38.827538755],[-77.740860458,38.862521184],[-77.695944694,38.862521184],[-77.695944694,38.827538755],[-77.740860458,38.827538755]]]}, "properties" : {"grid_id" : 993, "hotspot_class" : "Cold Spot"}}, {"type" : "Feature", "geometry" : {"type":"Polygon","coordinates":[[[-77.695944694,38.827538755],[-77.695944694,38.862521184],[-77.651028929,38.862521184],[-77.651028929,38.827538755],[-77.695944694,38.827538755]]]}, "properties" : {"grid_id" : 994, "hotspot_class" : "Hot Spot"}}, {"type" : "Feature", "geometry" : {"type":"Polygon","coordinates":[[[-77.830691986,38.827538755],[-77.830691986,38.862521184],[-77.785776222,38.862521184],[-77.785776222,38.827538755],[-77.830691986,38.827538755]]]}, "properties" : {"grid_id" : 995, "hotspot_class" : "Cold Spot"}}, {"type" : "Feature", "geometry" : {"type":"Polygon","coordinates":[[[-77.785776222,38.827538755],[-77.785776222,38.862521184],[-77.740860458,38.862521184],[-77.740860458,38.827538755],[-77.785776222,38.827538755]]]}, "properties" : {"grid_id" : 996, "hotspot_class" : "Cold Spot"}}, {"type" : "Feature", "geometry" : {"type":"Polygon","coordinates":[[[-77.740860458,38.827538755],[-77.740860458,38.862521184],[-77.695944694,38.862521184],[-77.695944694,38.827538755],[-77.740860458,38.827538755]]]}, "properties" : {"grid_id" : 997, "hotspot_class" : "Cold Spot"}}, {"type" : "Feature", "geometry" : {"type":"Polygon","coordinates":[[[-77.830691986,38.827538755],[-77.830691986,38.862521184],[-77.785776222,38.862521184],[-77.785776222,38.827538755],[-77.830691986,38.827538755]]]}, "properties" : {"grid_id" : 998, "hotspot_class" : "Cold Spot"}}, {"type" : "Feature", "geometry" : {"type":"Polygon","coordinates":[[[-77.740860458,38.862521184],[-77.740860458,38.89748641],[-77.695944694,38.89748641],[-77.695944694,38.862521184],[-77.740860458,38.862521184]]]}, "properties" : {"grid_id" : 999, "hotspot_class" : "Cold Spot"}}, {"type" : "Feature", "geometry" : {"type":"Polygon","coordinates":[[[-77.695944694,38.862521184],[-77.695944694,38.89748641],[-77.651028929,38.89748641],[-77.651028929,38.862521184],[-77.695944694,38.862521184]]]}, "properties" : {"grid_id" : 1000, "hotspot_class" : "Hot Spot"}}, {"type" : "Feature", "geometry" : {"type":"Polygon","coordinates":[[[-77.830691986,38.862521184],[-77.830691986,38.89748641],[-77.785776222,38.89748641],[-77.785776222,38.862521184],[-77.830691986,38.862521184]]]}, "properties" : {"grid_id" : 1001, "hotspot_class" : "Neutral"}}, {"type" : "Feature", "geometry" : {"type":"Polygon","coordinates":[[[-77.785776222,38.862521184],[-77.785776222,38.89748641],[-77.740860458,38.89748641],[-77.740860458,38.862521184],[-77.785776222,38.862521184]]]}, "properties" : {"grid_id" : 1002, "hotspot_class" : "Cold Spot"}}, {"type" : "Feature", "geometry" : {"type":"Polygon","coordinates":[[[-77.740860458,38.862521184],[-77.740860458,38.89748641],[-77.695944694,38.89748641],[-77.695944694,38.862521184],[-77.740860458,38.862521184]]]}, "properties" : {"grid_id" : 1003, "hotspot_class" : "Cold Spot"}}, {"type" : "Feature", "geometry" : {"type":"Polygon","coordinates":[[[-77.695944694,38.862521184],[-77.695944694,38.89748641],[-77.651028929,38.89748641],[-77.651028929,38.862521184],[-77.695944694,38.862521184]]]}, "properties" : {"grid_id" : 1004, "hotspot_class" : "Hot Spot"}}, {"type" : "Feature", "geometry" : {"type":"Polygon","coordinates":[[[-77.830691986,38.862521184],[-77.830691986,38.89748641],[-77.785776222,38.89748641],[-77.785776222,38.862521184],[-77.830691986,38.862521184]]]}, "properties" : {"grid_id" : 1005, "hotspot_class" : "Neutral"}}, {"type" : "Feature", "geometry" : {"type":"Polygon","coordinates":[[[-77.695944694,38.89748641],[-77.695944694,38.932434428],[-77.651028929,38.932434428],[-77.651028929,38.89748641],[-77.695944694,38.89748641]]]}, "properties" : {"grid_id" : 1006, "hotspot_class" : "Neutral"}}, {"type" : "Feature", "geometry" : {"type":"Polygon","coordinates":[[[-77.740860458,38.89748641],[-77.740860458,38.932434428],[-77.695944694,38.932434428],[-77.695944694,38.89748641],[-77.740860458,38.89748641]]]}, "properties" : {"grid_id" : 1007, "hotspot_class" : "Cold Spot"}}, {"type" : "Feature", "geometry" : {"type":"Polygon","coordinates":[[[-77.695944694,38.89748641],[-77.695944694,38.932434428],[-77.651028929,38.932434428],[-77.651028929,38.89748641],[-77.695944694,38.89748641]]]}, "properties" : {"grid_id" : 1008, "hotspot_class" : "Neutral"}}, {"type" : "Feature", "geometry" : {"type":"Polygon","coordinates":[[[-77.695944694,38.932434428],[-77.695944694,38.967365235],[-77.651028929,38.967365235],[-77.651028929,38.932434428],[-77.695944694,38.932434428]]]}, "properties" : {"grid_id" : 1009, "hotspot_class" : "Neutral"}}, {"type" : "Feature", "geometry" : {"type":"Polygon","coordinates":[[[-77.695944694,38.932434428],[-77.695944694,38.967365235],[-77.651028929,38.967365235],[-77.651028929,38.932434428],[-77.695944694,38.932434428]]]}, "properties" : {"grid_id" : 1010, "hotspot_class" : "Neutral"}}, {"type" : "Feature", "geometry" : {"type":"Polygon","coordinates":[[[-77.695944694,38.932434428],[-77.695944694,38.967365235],[-77.651028929,38.967365235],[-77.651028929,38.932434428],[-77.695944694,38.932434428]]]}, "properties" : {"grid_id" : 1011, "hotspot_class" : "Neutral"}}, {"type" : "Feature", "geometry" : {"type":"Polygon","coordinates":[[[-77.695944694,38.932434428],[-77.695944694,38.967365235],[-77.651028929,38.967365235],[-77.651028929,38.932434428],[-77.695944694,38.932434428]]]}, "properties" : {"grid_id" : 1012, "hotspot_class" : "Neutral"}}, {"type" : "Feature", "geometry" : {"type":"Polygon","coordinates":[[[-77.505421005,38.408373449],[-77.505421005,38.443560991],[-77.460505241,38.443560991],[-77.460505241,38.408373449],[-77.505421005,38.408373449]]]}, "properties" : {"grid_id" : 1013, "hotspot_class" : "Cold Spot"}}, {"type" : "Feature", "geometry" : {"type":"Polygon","coordinates":[[[-77.595252533,38.408373449],[-77.595252533,38.443560991],[-77.550336769,38.443560991],[-77.550336769,38.408373449],[-77.595252533,38.408373449]]]}, "properties" : {"grid_id" : 1014, "hotspot_class" : "Cold Spot"}}, {"type" : "Feature", "geometry" : {"type":"Polygon","coordinates":[[[-77.550336769,38.408373449],[-77.550336769,38.443560991],[-77.505421005,38.443560991],[-77.505421005,38.408373449],[-77.550336769,38.408373449]]]}, "properties" : {"grid_id" : 1015, "hotspot_class" : "Neutral"}}, {"type" : "Feature", "geometry" : {"type":"Polygon","coordinates":[[[-77.505421005,38.408373449],[-77.505421005,38.443560991],[-77.460505241,38.443560991],[-77.460505241,38.408373449],[-77.505421005,38.408373449]]]}, "properties" : {"grid_id" : 1016, "hotspot_class" : "Cold Spot"}}, {"type" : "Feature", "geometry" : {"type":"Polygon","coordinates":[[[-77.595252533,38.408373449],[-77.595252533,38.443560991],[-77.550336769,38.443560991],[-77.550336769,38.408373449],[-77.595252533,38.408373449]]]}, "properties" : {"grid_id" : 1017, "hotspot_class" : "Cold Spot"}}, {"type" : "Feature", "geometry" : {"type":"Polygon","coordinates":[[[-77.550336769,38.408373449],[-77.550336769,38.443560991],[-77.505421005,38.443560991],[-77.505421005,38.408373449],[-77.550336769,38.408373449]]]}, "properties" : {"grid_id" : 1018, "hotspot_class" : "Neutral"}}, {"type" : "Feature", "geometry" : {"type":"Polygon","coordinates":[[[-77.595252533,38.443560991],[-77.595252533,38.478731386],[-77.550336769,38.478731386],[-77.550336769,38.443560991],[-77.595252533,38.443560991]]]}, "properties" : {"grid_id" : 1019, "hotspot_class" : "Neutral"}}, {"type" : "Feature", "geometry" : {"type":"Polygon","coordinates":[[[-77.550336769,38.443560991],[-77.550336769,38.478731386],[-77.505421005,38.478731386],[-77.505421005,38.443560991],[-77.550336769,38.443560991]]]}, "properties" : {"grid_id" : 1020, "hotspot_class" : "Hot Spot"}}, {"type" : "Feature", "geometry" : {"type":"Polygon","coordinates":[[[-77.505421005,38.443560991],[-77.505421005,38.478731386],[-77.460505241,38.478731386],[-77.460505241,38.443560991],[-77.505421005,38.443560991]]]}, "properties" : {"grid_id" : 1021, "hotspot_class" : "Cold Spot"}}, {"type" : "Feature", "geometry" : {"type":"Polygon","coordinates":[[[-77.595252533,38.443560991],[-77.595252533,38.478731386],[-77.550336769,38.478731386],[-77.550336769,38.443560991],[-77.595252533,38.443560991]]]}, "properties" : {"grid_id" : 1022, "hotspot_class" : "Neutral"}}, {"type" : "Feature", "geometry" : {"type":"Polygon","coordinates":[[[-77.550336769,38.443560991],[-77.550336769,38.478731386],[-77.505421005,38.478731386],[-77.505421005,38.443560991],[-77.550336769,38.443560991]]]}, "properties" : {"grid_id" : 1023, "hotspot_class" : "Hot Spot"}}, {"type" : "Feature", "geometry" : {"type":"Polygon","coordinates":[[[-77.595252533,38.478731386],[-77.595252533,38.513884629],[-77.550336769,38.513884629],[-77.550336769,38.478731386],[-77.595252533,38.478731386]]]}, "properties" : {"grid_id" : 1024, "hotspot_class" : "Neutral"}}, {"type" : "Feature", "geometry" : {"type":"Polygon","coordinates":[[[-77.505421005,38.478731386],[-77.505421005,38.513884629],[-77.460505241,38.513884629],[-77.460505241,38.478731386],[-77.505421005,38.478731386]]]}, "properties" : {"grid_id" : 1025, "hotspot_class" : "Neutral"}}, {"type" : "Feature", "geometry" : {"type":"Polygon","coordinates":[[[-77.460505241,38.478731386],[-77.460505241,38.513884629],[-77.415589477,38.513884629],[-77.415589477,38.478731386],[-77.460505241,38.478731386]]]}, "properties" : {"grid_id" : 1026, "hotspot_class" : "Neutral"}}, {"type" : "Feature", "geometry" : {"type":"Polygon","coordinates":[[[-77.415589477,38.478731386],[-77.415589477,38.513884629],[-77.370673712,38.513884629],[-77.370673712,38.478731386],[-77.415589477,38.478731386]]]}, "properties" : {"grid_id" : 1027, "hotspot_class" : "Cold Spot"}}, {"type" : "Feature", "geometry" : {"type":"Polygon","coordinates":[[[-77.595252533,38.478731386],[-77.595252533,38.513884629],[-77.550336769,38.513884629],[-77.550336769,38.478731386],[-77.595252533,38.478731386]]]}, "properties" : {"grid_id" : 1028, "hotspot_class" : "Neutral"}}, {"type" : "Feature", "geometry" : {"type":"Polygon","coordinates":[[[-77.550336769,38.478731386],[-77.550336769,38.513884629],[-77.505421005,38.513884629],[-77.505421005,38.478731386],[-77.550336769,38.478731386]]]}, "properties" : {"grid_id" : 1029, "hotspot_class" : "Neutral"}}, {"type" : "Feature", "geometry" : {"type":"Polygon","coordinates":[[[-77.505421005,38.478731386],[-77.505421005,38.513884629],[-77.460505241,38.513884629],[-77.460505241,38.478731386],[-77.505421005,38.478731386]]]}, "properties" : {"grid_id" : 1030, "hotspot_class" : "Neutral"}}, {"type" : "Feature", "geometry" : {"type":"Polygon","coordinates":[[[-77.460505241,38.478731386],[-77.460505241,38.513884629],[-77.415589477,38.513884629],[-77.415589477,38.478731386],[-77.460505241,38.478731386]]]}, "properties" : {"grid_id" : 1031, "hotspot_class" : "Neutral"}}, {"type" : "Feature", "geometry" : {"type":"Polygon","coordinates":[[[-77.415589477,38.478731386],[-77.415589477,38.513884629],[-77.370673712,38.513884629],[-77.370673712,38.478731386],[-77.415589477,38.478731386]]]}, "properties" : {"grid_id" : 1032, "hotspot_class" : "Cold Spot"}}, {"type" : "Feature", "geometry" : {"type":"Polygon","coordinates":[[[-77.595252533,38.478731386],[-77.595252533,38.513884629],[-77.550336769,38.513884629],[-77.550336769,38.478731386],[-77.595252533,38.478731386]]]}, "properties" : {"grid_id" : 1033, "hotspot_class" : "Neutral"}}, {"type" : "Feature", "geometry" : {"type":"Polygon","coordinates":[[[-77.415589477,38.513884629],[-77.415589477,38.549020717],[-77.370673712,38.549020717],[-77.370673712,38.513884629],[-77.415589477,38.513884629]]]}, "properties" : {"grid_id" : 1034, "hotspot_class" : "Cold Spot"}}, {"type" : "Feature", "geometry" : {"type":"Polygon","coordinates":[[[-77.595252533,38.513884629],[-77.595252533,38.549020717],[-77.550336769,38.549020717],[-77.550336769,38.513884629],[-77.595252533,38.513884629]]]}, "properties" : {"grid_id" : 1035, "hotspot_class" : "Neutral"}}, {"type" : "Feature", "geometry" : {"type":"Polygon","coordinates":[[[-77.595252533,38.513884629],[-77.595252533,38.549020717],[-77.550336769,38.549020717],[-77.550336769,38.513884629],[-77.595252533,38.513884629]]]}, "properties" : {"grid_id" : 1036, "hotspot_class" : "Neutral"}}, {"type" : "Feature", "geometry" : {"type":"Polygon","coordinates":[[[-77.550336769,38.513884629],[-77.550336769,38.549020717],[-77.505421005,38.549020717],[-77.505421005,38.513884629],[-77.550336769,38.513884629]]]}, "properties" : {"grid_id" : 1037, "hotspot_class" : "Hot Spot"}}, {"type" : "Feature", "geometry" : {"type":"Polygon","coordinates":[[[-77.550336769,38.513884629],[-77.550336769,38.549020717],[-77.505421005,38.549020717],[-77.505421005,38.513884629],[-77.550336769,38.513884629]]]}, "properties" : {"grid_id" : 1038, "hotspot_class" : "Hot Spot"}}, {"type" : "Feature", "geometry" : {"type":"Polygon","coordinates":[[[-77.505421005,38.513884629],[-77.505421005,38.549020717],[-77.460505241,38.549020717],[-77.460505241,38.513884629],[-77.505421005,38.513884629]]]}, "properties" : {"grid_id" : 1039, "hotspot_class" : "Neutral"}}, {"type" : "Feature", "geometry" : {"type":"Polygon","coordinates":[[[-77.460505241,38.513884629],[-77.460505241,38.549020717],[-77.415589477,38.549020717],[-77.415589477,38.513884629],[-77.460505241,38.513884629]]]}, "properties" : {"grid_id" : 1040, "hotspot_class" : "Cold Spot"}}, {"type" : "Feature", "geometry" : {"type":"Polygon","coordinates":[[[-77.415589477,38.513884629],[-77.415589477,38.549020717],[-77.370673712,38.549020717],[-77.370673712,38.513884629],[-77.415589477,38.513884629]]]}, "properties" : {"grid_id" : 1041, "hotspot_class" : "Cold Spot"}}, {"type" : "Feature", "geometry" : {"type":"Polygon","coordinates":[[[-77.595252533,38.513884629],[-77.595252533,38.549020717],[-77.550336769,38.549020717],[-77.550336769,38.513884629],[-77.595252533,38.513884629]]]}, "properties" : {"grid_id" : 1042, "hotspot_class" : "Neutral"}}, {"type" : "Feature", "geometry" : {"type":"Polygon","coordinates":[[[-77.550336769,38.513884629],[-77.550336769,38.549020717],[-77.505421005,38.549020717],[-77.505421005,38.513884629],[-77.550336769,38.513884629]]]}, "properties" : {"grid_id" : 1043, "hotspot_class" : "Hot Spot"}}, {"type" : "Feature", "geometry" : {"type":"Polygon","coordinates":[[[-77.505421005,38.513884629],[-77.505421005,38.549020717],[-77.460505241,38.549020717],[-77.460505241,38.513884629],[-77.505421005,38.513884629]]]}, "properties" : {"grid_id" : 1044, "hotspot_class" : "Neutral"}}, {"type" : "Feature", "geometry" : {"type":"Polygon","coordinates":[[[-77.460505241,38.549020717],[-77.460505241,38.584139644],[-77.415589477,38.584139644],[-77.415589477,38.549020717],[-77.460505241,38.549020717]]]}, "properties" : {"grid_id" : 1045, "hotspot_class" : "Neutral"}}, {"type" : "Feature", "geometry" : {"type":"Polygon","coordinates":[[[-77.415589477,38.549020717],[-77.415589477,38.584139644],[-77.370673712,38.584139644],[-77.370673712,38.549020717],[-77.415589477,38.549020717]]]}, "properties" : {"grid_id" : 1046, "hotspot_class" : "Hot Spot"}}, {"type" : "Feature", "geometry" : {"type":"Polygon","coordinates":[[[-77.595252533,38.549020717],[-77.595252533,38.584139644],[-77.550336769,38.584139644],[-77.550336769,38.549020717],[-77.595252533,38.549020717]]]}, "properties" : {"grid_id" : 1047, "hotspot_class" : "Cold Spot"}}, {"type" : "Feature", "geometry" : {"type":"Polygon","coordinates":[[[-77.595252533,38.549020717],[-77.595252533,38.584139644],[-77.550336769,38.584139644],[-77.550336769,38.549020717],[-77.595252533,38.549020717]]]}, "properties" : {"grid_id" : 1048, "hotspot_class" : "Cold Spot"}}, {"type" : "Feature", "geometry" : {"type":"Polygon","coordinates":[[[-77.550336769,38.549020717],[-77.550336769,38.584139644],[-77.505421005,38.584139644],[-77.505421005,38.549020717],[-77.550336769,38.549020717]]]}, "properties" : {"grid_id" : 1049, "hotspot_class" : "Neutral"}}, {"type" : "Feature", "geometry" : {"type":"Polygon","coordinates":[[[-77.550336769,38.549020717],[-77.550336769,38.584139644],[-77.505421005,38.584139644],[-77.505421005,38.549020717],[-77.550336769,38.549020717]]]}, "properties" : {"grid_id" : 1050, "hotspot_class" : "Neutral"}}, {"type" : "Feature", "geometry" : {"type":"Polygon","coordinates":[[[-77.505421005,38.549020717],[-77.505421005,38.584139644],[-77.460505241,38.584139644],[-77.460505241,38.549020717],[-77.505421005,38.549020717]]]}, "properties" : {"grid_id" : 1051, "hotspot_class" : "Cold Spot"}}, {"type" : "Feature", "geometry" : {"type":"Polygon","coordinates":[[[-77.460505241,38.549020717],[-77.460505241,38.584139644],[-77.415589477,38.584139644],[-77.415589477,38.549020717],[-77.460505241,38.549020717]]]}, "properties" : {"grid_id" : 1052, "hotspot_class" : "Neutral"}}, {"type" : "Feature", "geometry" : {"type":"Polygon","coordinates":[[[-77.415589477,38.549020717],[-77.415589477,38.584139644],[-77.370673712,38.584139644],[-77.370673712,38.549020717],[-77.415589477,38.549020717]]]}, "properties" : {"grid_id" : 1053, "hotspot_class" : "Hot Spot"}}, {"type" : "Feature", "geometry" : {"type":"Polygon","coordinates":[[[-77.595252533,38.549020717],[-77.595252533,38.584139644],[-77.550336769,38.584139644],[-77.550336769,38.549020717],[-77.595252533,38.549020717]]]}, "properties" : {"grid_id" : 1054, "hotspot_class" : "Cold Spot"}}, {"type" : "Feature", "geometry" : {"type":"Polygon","coordinates":[[[-77.550336769,38.549020717],[-77.550336769,38.584139644],[-77.505421005,38.584139644],[-77.505421005,38.549020717],[-77.550336769,38.549020717]]]}, "properties" : {"grid_id" : 1055, "hotspot_class" : "Neutral"}}, {"type" : "Feature", "geometry" : {"type":"Polygon","coordinates":[[[-77.505421005,38.549020717],[-77.505421005,38.584139644],[-77.460505241,38.584139644],[-77.460505241,38.549020717],[-77.505421005,38.549020717]]]}, "properties" : {"grid_id" : 1056, "hotspot_class" : "Cold Spot"}}, {"type" : "Feature", "geometry" : {"type":"Polygon","coordinates":[[[-77.460505241,38.549020717],[-77.460505241,38.584139644],[-77.415589477,38.584139644],[-77.415589477,38.549020717],[-77.460505241,38.549020717]]]}, "properties" : {"grid_id" : 1057, "hotspot_class" : "Neutral"}}, {"type" : "Feature", "geometry" : {"type":"Polygon","coordinates":[[[-77.550336769,38.549020717],[-77.550336769,38.584139644],[-77.505421005,38.584139644],[-77.505421005,38.549020717],[-77.550336769,38.549020717]]]}, "properties" : {"grid_id" : 1058, "hotspot_class" : "Neutral"}}, {"type" : "Feature", "geometry" : {"type":"Polygon","coordinates":[[[-77.635038917,38.385330401],[-77.635038917,38.420529164],[-77.590123153,38.420529164],[-77.590123153,38.385330401],[-77.635038917,38.385330401]]]}, "properties" : {"grid_id" : 1059, "hotspot_class" : "Neutral"}}, {"type" : "Feature", "geometry" : {"type":"Polygon","coordinates":[[[-77.545207389,38.385330401],[-77.545207389,38.420529164],[-77.500291625,38.420529164],[-77.500291625,38.385330401],[-77.545207389,38.385330401]]]}, "properties" : {"grid_id" : 1060, "hotspot_class" : "Cold Spot"}}, {"type" : "Feature", "geometry" : {"type":"Polygon","coordinates":[[[-77.635038917,38.385330401],[-77.635038917,38.420529164],[-77.590123153,38.420529164],[-77.590123153,38.385330401],[-77.635038917,38.385330401]]]}, "properties" : {"grid_id" : 1061, "hotspot_class" : "Neutral"}}, {"type" : "Feature", "geometry" : {"type":"Polygon","coordinates":[[[-77.590123153,38.385330401],[-77.590123153,38.420529164],[-77.545207389,38.420529164],[-77.545207389,38.385330401],[-77.590123153,38.385330401]]]}, "properties" : {"grid_id" : 1062, "hotspot_class" : "Cold Spot"}}, {"type" : "Feature", "geometry" : {"type":"Polygon","coordinates":[[[-77.545207389,38.385330401],[-77.545207389,38.420529164],[-77.500291625,38.420529164],[-77.500291625,38.385330401],[-77.545207389,38.385330401]]]}, "properties" : {"grid_id" : 1063, "hotspot_class" : "Cold Spot"}}, {"type" : "Feature", "geometry" : {"type":"Polygon","coordinates":[[[-77.545207389,38.420529164],[-77.545207389,38.455710784],[-77.500291625,38.455710784],[-77.500291625,38.420529164],[-77.545207389,38.420529164]]]}, "properties" : {"grid_id" : 1064, "hotspot_class" : "Hot Spot"}}, {"type" : "Feature", "geometry" : {"type":"Polygon","coordinates":[[[-77.590123153,38.420529164],[-77.590123153,38.455710784],[-77.545207389,38.455710784],[-77.545207389,38.420529164],[-77.590123153,38.420529164]]]}, "properties" : {"grid_id" : 1065, "hotspot_class" : "Neutral"}}, {"type" : "Feature", "geometry" : {"type":"Polygon","coordinates":[[[-77.545207389,38.420529164],[-77.545207389,38.455710784],[-77.500291625,38.455710784],[-77.500291625,38.420529164],[-77.545207389,38.420529164]]]}, "properties" : {"grid_id" : 1066, "hotspot_class" : "Hot Spot"}}, {"type" : "Feature", "geometry" : {"type":"Polygon","coordinates":[[[-77.635038917,38.420529164],[-77.635038917,38.455710784],[-77.590123153,38.455710784],[-77.590123153,38.420529164],[-77.635038917,38.420529164]]]}, "properties" : {"grid_id" : 1067, "hotspot_class" : "Neutral"}}, {"type" : "Feature", "geometry" : {"type":"Polygon","coordinates":[[[-77.590123153,38.420529164],[-77.590123153,38.455710784],[-77.545207389,38.455710784],[-77.545207389,38.420529164],[-77.590123153,38.420529164]]]}, "properties" : {"grid_id" : 1068, "hotspot_class" : "Neutral"}}, {"type" : "Feature", "geometry" : {"type":"Polygon","coordinates":[[[-77.545207389,38.420529164],[-77.545207389,38.455710784],[-77.500291625,38.455710784],[-77.500291625,38.420529164],[-77.545207389,38.420529164]]]}, "properties" : {"grid_id" : 1069, "hotspot_class" : "Hot Spot"}}, {"type" : "Feature", "geometry" : {"type":"Polygon","coordinates":[[[-77.590123153,38.455710784],[-77.590123153,38.490875255],[-77.545207389,38.490875255],[-77.545207389,38.455710784],[-77.590123153,38.455710784]]]}, "properties" : {"grid_id" : 1070, "hotspot_class" : "Neutral"}}, {"type" : "Feature", "geometry" : {"type":"Polygon","coordinates":[[[-77.545207389,38.455710784],[-77.545207389,38.490875255],[-77.500291625,38.490875255],[-77.500291625,38.455710784],[-77.545207389,38.455710784]]]}, "properties" : {"grid_id" : 1071, "hotspot_class" : "Neutral"}}, {"type" : "Feature", "geometry" : {"type":"Polygon","coordinates":[[[-77.635038917,38.455710784],[-77.635038917,38.490875255],[-77.590123153,38.490875255],[-77.590123153,38.455710784],[-77.635038917,38.455710784]]]}, "properties" : {"grid_id" : 1072, "hotspot_class" : "Cold Spot"}}, {"type" : "Feature", "geometry" : {"type":"Polygon","coordinates":[[[-77.590123153,38.455710784],[-77.590123153,38.490875255],[-77.545207389,38.490875255],[-77.545207389,38.455710784],[-77.590123153,38.455710784]]]}, "properties" : {"grid_id" : 1073, "hotspot_class" : "Neutral"}}, {"type" : "Feature", "geometry" : {"type":"Polygon","coordinates":[[[-77.635038917,38.455710784],[-77.635038917,38.490875255],[-77.590123153,38.490875255],[-77.590123153,38.455710784],[-77.635038917,38.455710784]]]}, "properties" : {"grid_id" : 1074, "hotspot_class" : "Cold Spot"}}, {"type" : "Feature", "geometry" : {"type":"Polygon","coordinates":[[[-77.635038917,38.490875255],[-77.635038917,38.526022574],[-77.590123153,38.526022574],[-77.590123153,38.490875255],[-77.635038917,38.490875255]]]}, "properties" : {"grid_id" : 1075, "hotspot_class" : "Cold Spot"}}, {"type" : "Feature", "geometry" : {"type":"Polygon","coordinates":[[[-77.590123153,38.490875255],[-77.590123153,38.526022574],[-77.545207389,38.526022574],[-77.545207389,38.490875255],[-77.590123153,38.490875255]]]}, "properties" : {"grid_id" : 1076, "hotspot_class" : "Hot Spot"}}, {"type" : "Feature", "geometry" : {"type":"Polygon","coordinates":[[[-77.635038917,38.490875255],[-77.635038917,38.526022574],[-77.590123153,38.526022574],[-77.590123153,38.490875255],[-77.635038917,38.490875255]]]}, "properties" : {"grid_id" : 1077, "hotspot_class" : "Cold Spot"}}, {"type" : "Feature", "geometry" : {"type":"Polygon","coordinates":[[[-77.590123153,38.490875255],[-77.590123153,38.526022574],[-77.545207389,38.526022574],[-77.545207389,38.490875255],[-77.590123153,38.490875255]]]}, "properties" : {"grid_id" : 1078, "hotspot_class" : "Hot Spot"}}, {"type" : "Feature", "geometry" : {"type":"Polygon","coordinates":[[[-77.545207389,38.490875255],[-77.545207389,38.526022574],[-77.500291625,38.526022574],[-77.500291625,38.490875255],[-77.545207389,38.490875255]]]}, "properties" : {"grid_id" : 1079, "hotspot_class" : "Neutral"}}, {"type" : "Feature", "geometry" : {"type":"Polygon","coordinates":[[[-77.635038917,38.490875255],[-77.635038917,38.526022574],[-77.590123153,38.526022574],[-77.590123153,38.490875255],[-77.635038917,38.490875255]]]}, "properties" : {"grid_id" : 1080, "hotspot_class" : "Cold Spot"}}, {"type" : "Feature", "geometry" : {"type":"Polygon","coordinates":[[[-77.590123153,38.490875255],[-77.590123153,38.526022574],[-77.545207389,38.526022574],[-77.545207389,38.490875255],[-77.590123153,38.490875255]]]}, "properties" : {"grid_id" : 1081, "hotspot_class" : "Hot Spot"}}, {"type" : "Feature", "geometry" : {"type":"Polygon","coordinates":[[[-77.635038917,38.490875255],[-77.635038917,38.526022574],[-77.590123153,38.526022574],[-77.590123153,38.490875255],[-77.635038917,38.490875255]]]}, "properties" : {"grid_id" : 1082, "hotspot_class" : "Cold Spot"}}, {"type" : "Feature", "geometry" : {"type":"Polygon","coordinates":[[[-77.827044826,38.80414691],[-77.827044826,38.839140834],[-77.782129062,38.839140834],[-77.782129062,38.80414691],[-77.827044826,38.80414691]]]}, "properties" : {"grid_id" : 1083, "hotspot_class" : "Cold Spot"}}, {"type" : "Feature", "geometry" : {"type":"Polygon","coordinates":[[[-77.916876355,38.80414691],[-77.916876355,38.839140834],[-77.87196059,38.839140834],[-77.87196059,38.80414691],[-77.916876355,38.80414691]]]}, "properties" : {"grid_id" : 1084, "hotspot_class" : "Hot Spot"}}, {"type" : "Feature", "geometry" : {"type":"Polygon","coordinates":[[[-77.87196059,38.80414691],[-77.87196059,38.839140834],[-77.827044826,38.839140834],[-77.827044826,38.80414691],[-77.87196059,38.80414691]]]}, "properties" : {"grid_id" : 1085, "hotspot_class" : "Cold Spot"}}, {"type" : "Feature", "geometry" : {"type":"Polygon","coordinates":[[[-77.87196059,38.839140834],[-77.87196059,38.874117559],[-77.827044826,38.874117559],[-77.827044826,38.839140834],[-77.87196059,38.839140834]]]}, "properties" : {"grid_id" : 1086, "hotspot_class" : "Neutral"}}, {"type" : "Feature", "geometry" : {"type":"Polygon","coordinates":[[[-77.827044826,38.839140834],[-77.827044826,38.874117559],[-77.782129062,38.874117559],[-77.782129062,38.839140834],[-77.827044826,38.839140834]]]}, "properties" : {"grid_id" : 1087, "hotspot_class" : "Neutral"}}, {"type" : "Feature", "geometry" : {"type":"Polygon","coordinates":[[[-77.916876355,38.839140834],[-77.916876355,38.874117559],[-77.87196059,38.874117559],[-77.87196059,38.839140834],[-77.916876355,38.839140834]]]}, "properties" : {"grid_id" : 1088, "hotspot_class" : "Neutral"}}, {"type" : "Feature", "geometry" : {"type":"Polygon","coordinates":[[[-77.87196059,38.839140834],[-77.87196059,38.874117559],[-77.827044826,38.874117559],[-77.827044826,38.839140834],[-77.87196059,38.839140834]]]}, "properties" : {"grid_id" : 1089, "hotspot_class" : "Neutral"}}, {"type" : "Feature", "geometry" : {"type":"Polygon","coordinates":[[[-77.827044826,38.839140834],[-77.827044826,38.874117559],[-77.782129062,38.874117559],[-77.782129062,38.839140834],[-77.827044826,38.839140834]]]}, "properties" : {"grid_id" : 1090, "hotspot_class" : "Neutral"}}, {"type" : "Feature", "geometry" : {"type":"Polygon","coordinates":[[[-77.827044826,38.874117559],[-77.827044826,38.90907708],[-77.782129062,38.90907708],[-77.782129062,38.874117559],[-77.827044826,38.874117559]]]}, "properties" : {"grid_id" : 1091, "hotspot_class" : "Cold Spot"}}, {"type" : "Feature", "geometry" : {"type":"Polygon","coordinates":[[[-77.87196059,38.874117559],[-77.87196059,38.90907708],[-77.827044826,38.90907708],[-77.827044826,38.874117559],[-77.87196059,38.874117559]]]}, "properties" : {"grid_id" : 1092, "hotspot_class" : "Neutral"}}, {"type" : "Feature", "geometry" : {"type":"Polygon","coordinates":[[[-77.827044826,38.874117559],[-77.827044826,38.90907708],[-77.782129062,38.90907708],[-77.782129062,38.874117559],[-77.827044826,38.874117559]]]}, "properties" : {"grid_id" : 1093, "hotspot_class" : "Cold Spot"}}, {"type" : "Feature", "geometry" : {"type":"Polygon","coordinates":[[[-77.448126456,38.824039566],[-77.448126456,38.859023715],[-77.403210692,38.859023715],[-77.403210692,38.824039566],[-77.448126456,38.824039566]]]}, "properties" : {"grid_id" : 1094, "hotspot_class" : "Neutral"}}, {"type" : "Feature", "geometry" : {"type":"Polygon","coordinates":[[[-77.537957985,38.824039566],[-77.537957985,38.859023715],[-77.49304222,38.859023715],[-77.49304222,38.824039566],[-77.537957985,38.824039566]]]}, "properties" : {"grid_id" : 1095, "hotspot_class" : "Neutral"}}, {"type" : "Feature", "geometry" : {"type":"Polygon","coordinates":[[[-77.537957985,38.824039566],[-77.537957985,38.859023715],[-77.49304222,38.859023715],[-77.49304222,38.824039566],[-77.537957985,38.824039566]]]}, "properties" : {"grid_id" : 1096, "hotspot_class" : "Neutral"}}, {"type" : "Feature", "geometry" : {"type":"Polygon","coordinates":[[[-77.49304222,38.824039566],[-77.49304222,38.859023715],[-77.448126456,38.859023715],[-77.448126456,38.824039566],[-77.49304222,38.824039566]]]}, "properties" : {"grid_id" : 1097, "hotspot_class" : "Neutral"}}, {"type" : "Feature", "geometry" : {"type":"Polygon","coordinates":[[[-77.448126456,38.824039566],[-77.448126456,38.859023715],[-77.403210692,38.859023715],[-77.403210692,38.824039566],[-77.448126456,38.824039566]]]}, "properties" : {"grid_id" : 1098, "hotspot_class" : "Neutral"}}, {"type" : "Feature", "geometry" : {"type":"Polygon","coordinates":[[[-77.537957985,38.824039566],[-77.537957985,38.859023715],[-77.49304222,38.859023715],[-77.49304222,38.824039566],[-77.537957985,38.824039566]]]}, "properties" : {"grid_id" : 1099, "hotspot_class" : "Neutral"}}, {"type" : "Feature", "geometry" : {"type":"Polygon","coordinates":[[[-77.537957985,38.824039566],[-77.537957985,38.859023715],[-77.49304222,38.859023715],[-77.49304222,38.824039566],[-77.537957985,38.824039566]]]}, "properties" : {"grid_id" : 1100, "hotspot_class" : "Neutral"}}, {"type" : "Feature", "geometry" : {"type":"Polygon","coordinates":[[[-77.49304222,38.824039566],[-77.49304222,38.859023715],[-77.448126456,38.859023715],[-77.448126456,38.824039566],[-77.49304222,38.824039566]]]}, "properties" : {"grid_id" : 1101, "hotspot_class" : "Neutral"}}, {"type" : "Feature", "geometry" : {"type":"Polygon","coordinates":[[[-77.448126456,38.824039566],[-77.448126456,38.859023715],[-77.403210692,38.859023715],[-77.403210692,38.824039566],[-77.448126456,38.824039566]]]}, "properties" : {"grid_id" : 1102, "hotspot_class" : "Neutral"}}, {"type" : "Feature", "geometry" : {"type":"Polygon","coordinates":[[[-77.537957985,38.859023715],[-77.537957985,38.893990661],[-77.49304222,38.893990661],[-77.49304222,38.859023715],[-77.537957985,38.859023715]]]}, "properties" : {"grid_id" : 1103, "hotspot_class" : "Hot Spot"}}, {"type" : "Feature", "geometry" : {"type":"Polygon","coordinates":[[[-77.49304222,38.859023715],[-77.49304222,38.893990661],[-77.448126456,38.893990661],[-77.448126456,38.859023715],[-77.49304222,38.859023715]]]}, "properties" : {"grid_id" : 1104, "hotspot_class" : "Neutral"}}, {"type" : "Feature", "geometry" : {"type":"Polygon","coordinates":[[[-77.537957985,38.859023715],[-77.537957985,38.893990661],[-77.49304222,38.893990661],[-77.49304222,38.859023715],[-77.537957985,38.859023715]]]}, "properties" : {"grid_id" : 1105, "hotspot_class" : "Hot Spot"}}, {"type" : "Feature", "geometry" : {"type":"Polygon","coordinates":[[[-77.49304222,38.859023715],[-77.49304222,38.893990661],[-77.448126456,38.893990661],[-77.448126456,38.859023715],[-77.49304222,38.859023715]]]}, "properties" : {"grid_id" : 1106, "hotspot_class" : "Neutral"}}, {"type" : "Feature", "geometry" : {"type":"Polygon","coordinates":[[[-77.537957985,38.859023715],[-77.537957985,38.893990661],[-77.49304222,38.893990661],[-77.49304222,38.859023715],[-77.537957985,38.859023715]]]}, "properties" : {"grid_id" : 1107, "hotspot_class" : "Hot Spot"}}, {"type" : "Feature", "geometry" : {"type":"Polygon","coordinates":[[[-77.49304222,38.859023715],[-77.49304222,38.893990661],[-77.448126456,38.893990661],[-77.448126456,38.859023715],[-77.49304222,38.859023715]]]}, "properties" : {"grid_id" : 1108, "hotspot_class" : "Neutral"}}, {"type" : "Feature", "geometry" : {"type":"Polygon","coordinates":[[[-77.448126456,38.859023715],[-77.448126456,38.893990661],[-77.403210692,38.893990661],[-77.403210692,38.859023715],[-77.448126456,38.859023715]]]}, "properties" : {"grid_id" : 1109, "hotspot_class" : "Cold Spot"}}, {"type" : "Feature", "geometry" : {"type":"Polygon","coordinates":[[[-77.49304222,38.893990661],[-77.49304222,38.928940401],[-77.448126456,38.928940401],[-77.448126456,38.893990661],[-77.49304222,38.893990661]]]}, "properties" : {"grid_id" : 1110, "hotspot_class" : "Cold Spot"}}, {"type" : "Feature", "geometry" : {"type":"Polygon","coordinates":[[[-77.537957985,38.893990661],[-77.537957985,38.928940401],[-77.49304222,38.928940401],[-77.49304222,38.893990661],[-77.537957985,38.893990661]]]}, "properties" : {"grid_id" : 1111, "hotspot_class" : "Hot Spot"}}, {"type" : "Feature", "geometry" : {"type":"Polygon","coordinates":[[[-77.49304222,38.893990661],[-77.49304222,38.928940401],[-77.448126456,38.928940401],[-77.448126456,38.893990661],[-77.49304222,38.893990661]]]}, "properties" : {"grid_id" : 1112, "hotspot_class" : "Cold Spot"}}, {"type" : "Feature", "geometry" : {"type":"Polygon","coordinates":[[[-77.49304222,38.893990661],[-77.49304222,38.928940401],[-77.448126456,38.928940401],[-77.448126456,38.893990661],[-77.49304222,38.893990661]]]}, "properties" : {"grid_id" : 1113, "hotspot_class" : "Cold Spot"}}, {"type" : "Feature", "geometry" : {"type":"Polygon","coordinates":[[[-77.448126456,38.893990661],[-77.448126456,38.928940401],[-77.403210692,38.928940401],[-77.403210692,38.893990661],[-77.448126456,38.893990661]]]}, "properties" : {"grid_id" : 1114, "hotspot_class" : "Cold Spot"}}, {"type" : "Feature", "geometry" : {"type":"Polygon","coordinates":[[[-77.537957985,38.893990661],[-77.537957985,38.928940401],[-77.49304222,38.928940401],[-77.49304222,38.893990661],[-77.537957985,38.893990661]]]}, "properties" : {"grid_id" : 1115, "hotspot_class" : "Hot Spot"}}, {"type" : "Feature", "geometry" : {"type":"Polygon","coordinates":[[[-77.644246649,38.478105502],[-77.644246649,38.513259052],[-77.599330885,38.513259052],[-77.599330885,38.478105502],[-77.644246649,38.478105502]]]}, "properties" : {"grid_id" : 1116, "hotspot_class" : "Hot Spot"}}, {"type" : "Feature", "geometry" : {"type":"Polygon","coordinates":[[[-77.644246649,38.478105502],[-77.644246649,38.513259052],[-77.599330885,38.513259052],[-77.599330885,38.478105502],[-77.644246649,38.478105502]]]}, "properties" : {"grid_id" : 1117, "hotspot_class" : "Hot Spot"}}, {"type" : "Feature", "geometry" : {"type":"Polygon","coordinates":[[[-77.644246649,38.478105502],[-77.644246649,38.513259052],[-77.599330885,38.513259052],[-77.599330885,38.478105502],[-77.644246649,38.478105502]]]}, "properties" : {"grid_id" : 1118, "hotspot_class" : "Hot Spot"}}, {"type" : "Feature", "geometry" : {"type":"Polygon","coordinates":[[[-77.644246649,38.513259052],[-77.644246649,38.548395445],[-77.599330885,38.548395445],[-77.599330885,38.513259052],[-77.644246649,38.513259052]]]}, "properties" : {"grid_id" : 1119, "hotspot_class" : "Cold Spot"}}, {"type" : "Feature", "geometry" : {"type":"Polygon","coordinates":[[[-77.644246649,38.513259052],[-77.644246649,38.548395445],[-77.599330885,38.548395445],[-77.599330885,38.513259052],[-77.644246649,38.513259052]]]}, "properties" : {"grid_id" : 1120, "hotspot_class" : "Cold Spot"}}, {"type" : "Feature", "geometry" : {"type":"Polygon","coordinates":[[[-77.644246649,38.513259052],[-77.644246649,38.548395445],[-77.599330885,38.548395445],[-77.599330885,38.513259052],[-77.644246649,38.513259052]]]}, "properties" : {"grid_id" : 1121, "hotspot_class" : "Cold Spot"}}]}
