{"type" : "FeatureCollection", "features" : [{"type" : "Feature", "geometry" : {"type":"Polygon","coordinates":[[[-77.917011102,39.032967606],[-77.917011102,39.067848827],[-77.872095338,39.067848827],[-77.872095338,39.032967606],[-77.917011102,39.032967606]]]}, "properties" : {"grid_id" : 8, "lisa_cluster" : "High-High"}}, {"type" : "Feature", "geometry" : {"type":"Polygon","coordinates":[[[-77.872095338,39.032967606],[-77.872095338,39.067848827],[-77.827179574,39.067848827],[-77.827179574,39.032967606],[-77.872095338,39.032967606]]]}, "properties" : {"grid_id" : 9, "lisa_cluster" : "Low-Low"}}, {"type" : "Feature", "geometry" : {"type":"Polygon","coordinates":[[[-77.917011102,39.067848827],[-77.917011102,39.10271282],[-77.872095338,39.10271282],[-77.872095338,39.067848827],[-77.917011102,39.067848827]]]}, "properties" : {"grid_id" : 10, "lisa_cluster" : "Low-Low"}}, {"type" : "Feature", "geometry" : {"type":"Polygon","coordinates":[[[-77.872095338,39.067848827],[-77.872095338,39.10271282],[-77.827179574,39.10271282],[-77.827179574,39.067848827],[-77.872095338,39.067848827]]]}, "properties" : {"grid_id" : 11, "lisa_cluster" : "Low-Low"}}, {"type" : "Feature", "geometry" : {"type":"Polygon","coordinates":[[[-77.827179574,39.067848827],[-77.827179574,39.10271282],[-77.782263809,39.10271282],[-77.782263809,39.067848827],[-77.827179574,39.067848827]]]}, "properties" : {"grid_id" : 12, "lisa_cluster" : "High-High"}}, {"type" : "Feature", "geometry" : {"type":"Polygon","coordinates":[[[-77.827179574,39.067848827],[-77.827179574,39.10271282],[-77.782263809,39.10271282],[-77.782263809,39.067848827],[-77.827179574,39.067848827]]]}, "properties" : {"grid_id" : 13, "lisa_cluster" : "High-High"}}, {"type" : "Feature", "geometry" : {"type":"Polygon","coordinates":[[[-77.827179574,39.067848827],[-77.827179574,39.10271282],[-77.782263809,39.10271282],[-77.782263809,39.067848827],[-77.827179574,39.067848827]]]}, "properties" : {"grid_id" : 14, "lisa_cluster" : "High-High"}}, {"type" : "Feature", "geometry" : {"type":"Polygon","coordinates":[[[-77.872095338,39.10271282],[-77.872095338,39.137559578],[-77.827179574,39.137559578],[-77.827179574,39.10271282],[-77.872095338,39.10271282]]]}, "properties" : {"grid_id" : 15, "lisa_cluster" : "Low-Low"}}, {"type" : "Feature", "geometry" : {"type":"Polygon","coordinates":[[[-77.827179574,39.10271282],[-77.827179574,39.137559578],[-77.782263809,39.137559578],[-77.782263809,39.10271282],[-77.827179574,39.10271282]]]}, "properties" : {"grid_id" : 16, "lisa_cluster" : "Low-Low"}}, {"type" : "Feature", "geometry" : {"type":"Polygon","coordinates":[[[-77.872095338,39.10271282],[-77.872095338,39.137559578],[-77.827179574,39.137559578],[-77.827179574,39.10271282],[-77.872095338,39.10271282]]]}, "properties" : {"grid_id" : 17, "lisa_cluster" : "Low-Low"}}, {"type" : "Feature", "geometry" : {"type":"Polygon","coordinates":[[[-77.827179574,39.10271282],[-77.827179574,39.137559578],[-77.782263809,39.137559578],[-77.782263809,39.10271282],[-77.827179574,39.10271282]]]}, "properties" : {"grid_id" : 18, "lisa_cluster" : "Low-Low"}}, {"type" : "Feature", "geometry" : {"type":"Polygon","coordinates":[[[-77.827179574,39.137559578],[-77.827179574,39.172389099],[-77.782263809,39.172389099],[-77.782263809,39.137559578],[-77.827179574,39.137559578]]]}, "properties" : {"grid_id" : 19, "lisa_cluster" : "High-High"}}, {"type" : "Feature", "geometry" : {"type":"Polygon","coordinates":[[[-77.827179574,39.137559578],[-77.827179574,39.172389099],[-77.782263809,39.172389099],[-77.782263809,39.137559578],[-77.827179574,39.137559578]]]}, "properties" : {"grid_id" : 20, "lisa_cluster" : "High-High"}}, {"type" : "Feature", "geometry" : {"type":"Polygon","coordinates":[[[-77.827179574,39.137559578],[-77.827179574,39.172389099],[-77.782263809,39.172389099],[-77.782263809,39.137559578],[-77.827179574,39.137559578]]]}, "properties" : {"grid_id" : 21, "lisa_cluster" : "High-High"}}, {"type" : "Feature", "geometry" : {"type":"Polygon","coordinates":[[[-77.781670921,38.762453715],[-77.781670921,38.797468115],[-77.736755157,38.797468115],[-77.736755157,38.762453715],[-77.781670921,38.762453715]]]}, "properties" : {"grid_id" : 22, "lisa_cluster" : "Low-Low"}}, {"type" : "Feature", "geometry" : {"type":"Polygon","coordinates":[[[-77.736755157,38.762453715],[-77.736755157,38.797468115],[-77.691839393,38.797468115],[-77.691839393,38.762453715],[-77.736755157,38.762453715]]]}, "properties" : {"grid_id" : 23, "lisa_cluster" : "Low-Low"}}, {"type" : "Feature", "geometry" : {"type":"Polygon","coordinates":[[[-77.736755157,38.762453715],[-77.736755157,38.797468115],[-77.691839393,38.797468115],[-77.691839393,38.762453715],[-77.736755157,38.762453715]]]}, "properties" : {"grid_id" : 24, "lisa_cluster" : "Low-Low"}}, {"type" : "Feature", "geometry" : {"type":"Polygon","coordinates":[[[-77.691839393,38.762453715],[-77.691839393,38.797468115],[-77.646923629,38.797468115],[-77.646923629,38.762453715],[-77.691839393,38.762453715]]]}, "properties" : {"grid_id" : 25, "lisa_cluster" : "High-High"}}, {"type" : "Feature", "geometry" : {"type":"Polygon","coordinates":[[[-77.781670921,38.762453715],[-77.781670921,38.797468115],[-77.736755157,38.797468115],[-77.736755157,38.762453715],[-77.781670921,38.762453715]]]}, "properties" : {"grid_id" : 26, "lisa_cluster" : "Low-Low"}}, {"type" : "Feature", "geometry" : {"type":"Polygon","coordinates":[[[-77.736755157,38.762453715],[-77.736755157,38.797468115],[-77.691839393,38.797468115],[-77.691839393,38.762453715],[-77.736755157,38.762453715]]]}, "properties" : {"grid_id" : 27, "lisa_cluster" : "Low-Low"}}, {"type" : "Feature", "geometry" : {"type":"Polygon","coordinates":[[[-77.691839393,38.762453715],[-77.691839393,38.797468115],[-77.646923629,38.797468115],[-77.646923629,38.762453715],[-77.691839393,38.762453715]]]}, "properties" : {"grid_id" : 28, "lisa_cluster" : "High-High"}}, {"type" : "Feature", "geometry" : {"type":"Polygon","coordinates":[[[-77.691839393,38.762453715],[-77.691839393,38.797468115],[-77.646923629,38.797468115],[-77.646923629,38.762453715],[-77.691839393,38.762453715]]]}, "properties" : {"grid_id" : 29, "lisa_cluster" : "High-High"}}, {"type" : "Feature", "geometry" : {"type":"Polygon","coordinates":[[[-77.781670921,38.762453715],[-77.781670921,38.797468115],[-77.736755157,38.797468115],[-77.736755157,38.762453715],[-77.781670921,38.762453715]]]}, "properties" : {"grid_id" : 30, "lisa_cluster" : "Low-Low"}}, {"type" : "Feature", "geometry" : {"type":"Polygon","coordinates":[[[-77.781670921,38.797468115],[-77.781670921,38.832465321],[-77.736755157,38.832465321],[-77.736755157,38.797468115],[-77.781670921,38.797468115]]]}, "properties" : {"grid_id" : 31, "lisa_cluster" : "Low-Low"}}, {"type" : "Feature", "geometry" : {"type":"Polygon","coordinates":[[[-77.736755157,38.797468115],[-77.736755157,38.832465321],[-77.691839393,38.832465321],[-77.691839393,38.797468115],[-77.736755157,38.797468115]]]}, "properties" : {"grid_id" : 32, "lisa_cluster" : "Low-Low"}}, {"type" : "Feature", "geometry" : {"type":"Polygon","coordinates":[[[-77.691839393,38.797468115],[-77.691839393,38.832465321],[-77.646923629,38.832465321],[-77.646923629,38.797468115],[-77.691839393,38.797468115]]]}, "properties" : {"grid_id" : 33, "lisa_cluster" : "High-High"}}, {"type" : "Feature", "geometry" : {"type":"Polygon","coordinates":[[[-77.736755157,38.797468115],[-77.736755157,38.832465321],[-77.691839393,38.832465321],[-77.691839393,38.797468115],[-77.736755157,38.797468115]]]}, "properties" : {"grid_id" : 34, "lisa_cluster" : "Low-Low"}}, {"type" : "Feature", "geometry" : {"type":"Polygon","coordinates":[[[-77.691839393,38.797468115],[-77.691839393,38.832465321],[-77.646923629,38.832465321],[-77.646923629,38.797468115],[-77.691839393,38.797468115]]]}, "properties" : {"grid_id" : 35, "lisa_cluster" : "High-High"}}, {"type" : "Feature", "geometry" : {"type":"Polygon","coordinates":[[[-77.691839393,38.797468115],[-77.691839393,38.832465321],[-77.646923629,38.832465321],[-77.646923629,38.797468115],[-77.691839393,38.797468115]]]}, "properties" : {"grid_id" : 36, "lisa_cluster" : "High-High"}}, {"type" : "Feature", "geometry" : {"type":"Polygon","coordinates":[[[-77.781670921,38.797468115],[-77.781670921,38.832465321],[-77.736755157,38.832465321],[-77.736755157,38.797468115],[-77.781670921,38.797468115]]]}, "properties" : {"grid_id" : 37, "lisa_cluster" : "Low-Low"}}, {"type" : "Feature", "geometry" : {"type":"Polygon","coordinates":[[[-77.736755157,38.797468115],[-77.736755157,38.832465321],[-77.691839393,38.832465321],[-77.691839393,38.797468115],[-77.736755157,38.797468115]]]}, "properties" : {"grid_id" : 38, "lisa_cluster" : "Low-Low"}}, {"type" : "Feature", "geometry" : {"type":"Polygon","coordinates":[[[-77.781670921,38.832465321],[-77.781670921,38.867445328],[-77.736755157,38.867445328],[-77.736755157,38.832465321],[-77.781670921,38.832465321]]]}, "properties" : {"grid_id" : 39, "lisa_cluster" : "Low-Low"}}, {"type" : "Feature", "geometry" : {"type":"Polygon","coordinates":[[[-77.736755157,38.832465321],[-77.736755157,38.867445328],[-77.691839393,38.867445328],[-77.691839393,38.832465321],[-77.736755157,38.832465321]]]}, "properties" : {"grid_id" : 40, "lisa_cluster" : "Low-Low"}}, {"type" : "Feature", "geometry" : {"type":"Polygon","coordinates":[[[-77.691839393,38.832465321],[-77.691839393,38.867445328],[-77.646923629,38.867445328],[-77.646923629,38.832465321],[-77.691839393,38.832465321]]]}, "properties" : {"grid_id" : 41, "lisa_cluster" : "High-High"}}, {"type" : "Feature", "geometry" : {"type":"Polygon","coordinates":[[[-77.736755157,38.832465321],[-77.736755157,38.867445328],[-77.691839393,38.867445328],[-77.691839393,38.832465321],[-77.736755157,38.832465321]]]}, "properties" : {"grid_id" : 42, "lisa_cluster" : "Low-Low"}}, {"type" : "Feature", "geometry" : {"type":"Polygon","coordinates":[[[-77.691839393,38.832465321],[-77.691839393,38.867445328],[-77.646923629,38.867445328],[-77.646923629,38.832465321],[-77.691839393,38.832465321]]]}, "properties" : {"grid_id" : 43, "lisa_cluster" : "High-High"}}, {"type" : "Feature", "geometry" : {"type":"Polygon","coordinates":[[[-77.781670921,38.832465321],[-77.781670921,38.867445328],[-77.736755157,38.867445328],[-77.736755157,38.832465321],[-77.781670921,38.832465321]]]}, "properties" : {"grid_id" : 44, "lisa_cluster" : "Low-Low"}}, {"type" : "Feature", "geometry" : {"type":"Polygon","coordinates":[[[-77.736755157,38.832465321],[-77.736755157,38.867445328],[-77.691839393,38.867445328],[-77.691839393,38.832465321],[-77.736755157,38.832465321]]]}, "properties" : {"grid_id" : 45, "lisa_cluster" : "Low-Low"}}, {"type" : "Feature", "geometry" : {"type":"Polygon","coordinates":[[[-77.545611631,38.918778791],[-77.545611631,38.953716325],[-77.500695867,38.953716325],[-77.500695867,38.918778791],[-77.545611631,38.918778791]]]}, "properties" : {"grid_id" : 46, "lisa_cluster" : "Low-Low"}}, {"type" : "Feature", "geometry" : {"type":"Polygon","coordinates":[[[-77.500695867,38.918778791],[-77.500695867,38.953716325],[-77.455780102,38.953716325],[-77.455780102,38.918778791],[-77.500695867,38.918778791]]]}, "properties" : {"grid_id" : 47, "lisa_cluster" : "Low-Low"}}, {"type" : "Feature", "geometry" : {"type":"Polygon","coordinates":[[[-77.545611631,38.918778791],[-77.545611631,38.953716325],[-77.500695867,38.953716325],[-77.500695867,38.918778791],[-77.545611631,38.918778791]]]}, "properties" : {"grid_id" : 48, "lisa_cluster" : "Low-Low"}}, {"type" : "Feature", "geometry" : {"type":"Polygon","coordinates":[[[-77.545611631,38.918778791],[-77.545611631,38.953716325],[-77.500695867,38.953716325],[-77.500695867,38.918778791],[-77.545611631,38.918778791]]]}, "properties" : {"grid_id" : 49, "lisa_cluster" : "Low-Low"}}, {"type" : "Feature", "geometry" : {"type":"Polygon","coordinates":[[[-77.500695867,38.918778791],[-77.500695867,38.953716325],[-77.455780102,38.953716325],[-77.455780102,38.918778791],[-77.500695867,38.918778791]]]}, "properties" : {"grid_id" : 50, "lisa_cluster" : "Low-Low"}}, {"type" : "Feature", "geometry" : {"type":"Polygon","coordinates":[[[-77.545611631,38.918778791],[-77.545611631,38.953716325],[-77.500695867,38.953716325],[-77.500695867,38.918778791],[-77.545611631,38.918778791]]]}, "properties" : {"grid_id" : 51, "lisa_cluster" : "Low-Low"}}, {"type" : "Feature", "geometry" : {"type":"Polygon","coordinates":[[[-77.500695867,38.918778791],[-77.500695867,38.953716325],[-77.455780102,38.953716325],[-77.455780102,38.918778791],[-77.500695867,38.918778791]]]}, "properties" : {"grid_id" : 52, "lisa_cluster" : "Low-Low"}}, {"type" : "Feature", "geometry" : {"type":"Polygon","coordinates":[[[-77.455780102,38.918778791],[-77.455780102,38.953716325],[-77.410864338,38.953716325],[-77.410864338,38.918778791],[-77.455780102,38.918778791]]]}, "properties" : {"grid_id" : 53, "lisa_cluster" : "Low-Low"}}, {"type" : "Feature", "geometry" : {"type":"Polygon","coordinates":[[[-77.545611631,38.953716325],[-77.545611631,38.988636644],[-77.500695867,38.988636644],[-77.500695867,38.953716325],[-77.545611631,38.953716325]]]}, "properties" : {"grid_id" : 54, "lisa_cluster" : "High-High"}}, {"type" : "Feature", "geometry" : {"type":"Polygon","coordinates":[[[-77.500695867,38.953716325],[-77.500695867,38.988636644],[-77.455780102,38.988636644],[-77.455780102,38.953716325],[-77.500695867,38.953716325]]]}, "properties" : {"grid_id" : 55, "lisa_cluster" : "Low-Low"}}, {"type" : "Feature", "geometry" : {"type":"Polygon","coordinates":[[[-77.455780102,38.953716325],[-77.455780102,38.988636644],[-77.410864338,38.988636644],[-77.410864338,38.953716325],[-77.455780102,38.953716325]]]}, "properties" : {"grid_id" : 56, "lisa_cluster" : "High-High"}}, {"type" : "Feature", "geometry" : {"type":"Polygon","coordinates":[[[-77.410864338,38.953716325],[-77.410864338,38.988636644],[-77.365948574,38.988636644],[-77.365948574,38.953716325],[-77.410864338,38.953716325]]]}, "properties" : {"grid_id" : 57, "lisa_cluster" : "Low-Low"}}, {"type" : "Feature", "geometry" : {"type":"Polygon","coordinates":[[[-77.545611631,38.953716325],[-77.545611631,38.988636644],[-77.500695867,38.988636644],[-77.500695867,38.953716325],[-77.545611631,38.953716325]]]}, "properties" : {"grid_id" : 58, "lisa_cluster" : "High-High"}}, {"type" : "Feature", "geometry" : {"type":"Polygon","coordinates":[[[-77.500695867,38.953716325],[-77.500695867,38.988636644],[-77.455780102,38.988636644],[-77.455780102,38.953716325],[-77.500695867,38.953716325]]]}, "properties" : {"grid_id" : 59, "lisa_cluster" : "Low-Low"}}, {"type" : "Feature", "geometry" : {"type":"Polygon","coordinates":[[[-77.545611631,38.953716325],[-77.545611631,38.988636644],[-77.500695867,38.988636644],[-77.500695867,38.953716325],[-77.545611631,38.953716325]]]}, "properties" : {"grid_id" : 60, "lisa_cluster" : "High-High"}}, {"type" : "Feature", "geometry" : {"type":"Polygon","coordinates":[[[-77.455780102,38.953716325],[-77.455780102,38.988636644],[-77.410864338,38.988636644],[-77.410864338,38.953716325],[-77.455780102,38.953716325]]]}, "properties" : {"grid_id" : 61, "lisa_cluster" : "High-High"}}, {"type" : "Feature", "geometry" : {"type":"Polygon","coordinates":[[[-77.545611631,38.953716325],[-77.545611631,38.988636644],[-77.500695867,38.988636644],[-77.500695867,38.953716325],[-77.545611631,38.953716325]]]}, "properties" : {"grid_id" : 62, "lisa_cluster" : "High-High"}}, {"type" : "Feature", "geometry" : {"type":"Polygon","coordinates":[[[-77.455780102,38.953716325],[-77.455780102,38.988636644],[-77.410864338,38.988636644],[-77.410864338,38.953716325],[-77.455780102,38.953716325]]]}, "properties" : {"grid_id" : 63, "lisa_cluster" : "High-High"}}, {"type" : "Feature", "geometry" : {"type":"Polygon","coordinates":[[[-77.455780102,38.953716325],[-77.455780102,38.988636644],[-77.410864338,38.988636644],[-77.410864338,38.953716325],[-77.455780102,38.953716325]]]}, "properties" : {"grid_id" : 64, "lisa_cluster" : "High-High"}}, {"type" : "Feature", "geometry" : {"type":"Polygon","coordinates":[[[-77.410864338,38.953716325],[-77.410864338,38.988636644],[-77.365948574,38.988636644],[-77.365948574,38.953716325],[-77.410864338,38.953716325]]]}, "properties" : {"grid_id" : 65, "lisa_cluster" : "Low-Low"}}, {"type" : "Feature", "geometry" : {"type":"Polygon","coordinates":[[[-77.500695867,38.988636644],[-77.500695867,39.023539744],[-77.455780102,39.023539744],[-77.455780102,38.988636644],[-77.500695867,38.988636644]]]}, "properties" : {"grid_id" : 66, "lisa_cluster" : "Low-Low"}}, {"type" : "Feature", "geometry" : {"type":"Polygon","coordinates":[[[-77.545611631,38.988636644],[-77.545611631,39.023539744],[-77.500695867,39.023539744],[-77.500695867,38.988636644],[-77.545611631,38.988636644]]]}, "properties" : {"grid_id" : 67, "lisa_cluster" : "Low-Low"}}, {"type" : "Feature", "geometry" : {"type":"Polygon","coordinates":[[[-77.545611631,38.988636644],[-77.545611631,39.023539744],[-77.500695867,39.023539744],[-77.500695867,38.988636644],[-77.545611631,38.988636644]]]}, "properties" : {"grid_id" : 68, "lisa_cluster" : "Low-Low"}}, {"type" : "Feature", "geometry" : {"type":"Polygon","coordinates":[[[-77.500695867,38.988636644],[-77.500695867,39.023539744],[-77.455780102,39.023539744],[-77.455780102,38.988636644],[-77.500695867,38.988636644]]]}, "properties" : {"grid_id" : 69, "lisa_cluster" : "Low-Low"}}, {"type" : "Feature", "geometry" : {"type":"Polygon","coordinates":[[[-77.455780102,38.988636644],[-77.455780102,39.023539744],[-77.410864338,39.023539744],[-77.410864338,38.988636644],[-77.455780102,38.988636644]]]}, "properties" : {"grid_id" : 70, "lisa_cluster" : "Low-Low"}}, {"type" : "Feature", "geometry" : {"type":"Polygon","coordinates":[[[-77.643545963,38.963942777],[-77.643545963,38.998858054],[-77.598630199,38.998858054],[-77.598630199,38.963942777],[-77.643545963,38.963942777]]]}, "properties" : {"grid_id" : 71, "lisa_cluster" : "Low-Low"}}, {"type" : "Feature", "geometry" : {"type":"Polygon","coordinates":[[[-77.598630199,38.963942777],[-77.598630199,38.998858054],[-77.553714435,38.998858054],[-77.553714435,38.963942777],[-77.598630199,38.963942777]]]}, "properties" : {"grid_id" : 72, "lisa_cluster" : "High-High"}}, {"type" : "Feature", "geometry" : {"type":"Polygon","coordinates":[[[-77.598630199,38.963942777],[-77.598630199,38.998858054],[-77.553714435,38.998858054],[-77.553714435,38.963942777],[-77.598630199,38.963942777]]]}, "properties" : {"grid_id" : 73, "lisa_cluster" : "High-High"}}, {"type" : "Feature", "geometry" : {"type":"Polygon","coordinates":[[[-77.553714435,38.963942777],[-77.553714435,38.998858054],[-77.508798671,38.998858054],[-77.508798671,38.963942777],[-77.553714435,38.963942777]]]}, "properties" : {"grid_id" : 74, "lisa_cluster" : "High-High"}}, {"type" : "Feature", "geometry" : {"type":"Polygon","coordinates":[[[-77.688461727,38.963942777],[-77.688461727,38.998858054],[-77.643545963,38.998858054],[-77.643545963,38.963942777],[-77.688461727,38.963942777]]]}, "properties" : {"grid_id" : 75, "lisa_cluster" : "Low-Low"}}, {"type" : "Feature", "geometry" : {"type":"Polygon","coordinates":[[[-77.688461727,38.963942777],[-77.688461727,38.998858054],[-77.643545963,38.998858054],[-77.643545963,38.963942777],[-77.688461727,38.963942777]]]}, "properties" : {"grid_id" : 76, "lisa_cluster" : "Low-Low"}}, {"type" : "Feature", "geometry" : {"type":"Polygon","coordinates":[[[-77.643545963,38.963942777],[-77.643545963,38.998858054],[-77.598630199,38.998858054],[-77.598630199,38.963942777],[-77.643545963,38.963942777]]]}, "properties" : {"grid_id" : 77, "lisa_cluster" : "Low-Low"}}, {"type" : "Feature", "geometry" : {"type":"Polygon","coordinates":[[[-77.598630199,38.963942777],[-77.598630199,38.998858054],[-77.553714435,38.998858054],[-77.553714435,38.963942777],[-77.598630199,38.963942777]]]}, "properties" : {"grid_id" : 78, "lisa_cluster" : "High-High"}}, {"type" : "Feature", "geometry" : {"type":"Polygon","coordinates":[[[-77.553714435,38.963942777],[-77.553714435,38.998858054],[-77.508798671,38.998858054],[-77.508798671,38.963942777],[-77.553714435,38.963942777]]]}, "properties" : {"grid_id" : 79, "lisa_cluster" : "High-High"}}, {"type" : "Feature", "geometry" : {"type":"Polygon","coordinates":[[[-77.688461727,38.998858054],[-77.688461727,39.033756112],[-77.643545963,39.033756112],[-77.643545963,38.998858054],[-77.688461727,38.998858054]]]}, "properties" : {"grid_id" : 80, "lisa_cluster" : "Low-Low"}}, {"type" : "Feature", "geometry" : {"type":"Polygon","coordinates":[[[-77.643545963,38.998858054],[-77.643545963,39.033756112],[-77.598630199,39.033756112],[-77.598630199,38.998858054],[-77.643545963,38.998858054]]]}, "properties" : {"grid_id" : 81, "lisa_cluster" : "Low-Low"}}, {"type" : "Feature", "geometry" : {"type":"Polygon","coordinates":[[[-77.598630199,38.998858054],[-77.598630199,39.033756112],[-77.553714435,39.033756112],[-77.553714435,38.998858054],[-77.598630199,38.998858054]]]}, "properties" : {"grid_id" : 82, "lisa_cluster" : "High-Low"}}, {"type" : "Feature", "geometry" : {"type":"Polygon","coordinates":[[[-77.553714435,38.998858054],[-77.553714435,39.033756112],[-77.508798671,39.033756112],[-77.508798671,38.998858054],[-77.553714435,38.998858054]]]}, "properties" : {"grid_id" : 83, "lisa_cluster" : "Low-Low"}}, {"type" : "Feature", "geometry" : {"type":"Polygon","coordinates":[[[-77.598630199,38.998858054],[-77.598630199,39.033756112],[-77.553714435,39.033756112],[-77.553714435,38.998858054],[-77.598630199,38.998858054]]]}, "properties" : {"grid_id" : 84, "lisa_cluster" : "High-Low"}}, {"type" : "Feature", "geometry" : {"type":"Polygon","coordinates":[[[-77.553714435,38.998858054],[-77.553714435,39.033756112],[-77.508798671,39.033756112],[-77.508798671,38.998858054],[-77.553714435,38.998858054]]]}, "properties" : {"grid_id" : 85, "lisa_cluster" : "Low-Low"}}, {"type" : "Feature", "geometry" : {"type":"Polygon","coordinates":[[[-77.688461727,38.998858054],[-77.688461727,39.033756112],[-77.643545963,39.033756112],[-77.643545963,38.998858054],[-77.688461727,38.998858054]]]}, "properties" : {"grid_id" : 86, "lisa_cluster" : "Low-Low"}}, {"type" : "Feature", "geometry" : {"type":"Polygon","coordinates":[[[-77.688461727,38.998858054],[-77.688461727,39.033756112],[-77.643545963,39.033756112],[-77.643545963,38.998858054],[-77.688461727,38.998858054]]]}, "properties" : {"grid_id" : 87, "lisa_cluster" : "Low-Low"}}, {"type" : "Feature", "geometry" : {"type":"Polygon","coordinates":[[[-77.643545963,38.998858054],[-77.643545963,39.033756112],[-77.598630199,39.033756112],[-77.598630199,38.998858054],[-77.643545963,38.998858054]]]}, "properties" : {"grid_id" : 88, "lisa_cluster" : "Low-Low"}}, {"type" : "Feature", "geometry" : {"type":"Polygon","coordinates":[[[-77.688461727,39.033756112],[-77.688461727,39.068636944],[-77.643545963,39.068636944],[-77.643545963,39.033756112],[-77.688461727,39.033756112]]]}, "properties" : {"grid_id" : 89, "lisa_cluster" : "High-Low"}}, {"type" : "Feature", "geometry" : {"type":"Polygon","coordinates":[[[-77.643545963,39.033756112],[-77.643545963,39.068636944],[-77.598630199,39.068636944],[-77.598630199,39.033756112],[-77.643545963,39.033756112]]]}, "properties" : {"grid_id" : 90, "lisa_cluster" : "Low-High"}}, {"type" : "Feature", "geometry" : {"type":"Polygon","coordinates":[[[-77.598630199,39.033756112],[-77.598630199,39.068636944],[-77.553714435,39.068636944],[-77.553714435,39.033756112],[-77.598630199,39.033756112]]]}, "properties" : {"grid_id" : 91, "lisa_cluster" : "High-Low"}}, {"type" : "Feature", "geometry" : {"type":"Polygon","coordinates":[[[-77.553714435,39.033756112],[-77.553714435,39.068636944],[-77.508798671,39.068636944],[-77.508798671,39.033756112],[-77.553714435,39.033756112]]]}, "properties" : {"grid_id" : 92, "lisa_cluster" : "Low-Low"}}, {"type" : "Feature", "geometry" : {"type":"Polygon","coordinates":[[[-77.553714435,39.033756112],[-77.553714435,39.068636944],[-77.508798671,39.068636944],[-77.508798671,39.033756112],[-77.553714435,39.033756112]]]}, "properties" : {"grid_id" : 93, "lisa_cluster" : "Low-Low"}}, {"type" : "Feature", "geometry" : {"type":"Polygon","coordinates":[[[-77.688461727,39.033756112],[-77.688461727,39.068636944],[-77.643545963,39.068636944],[-77.643545963,39.033756112],[-77.688461727,39.033756112]]]}, "properties" : {"grid_id" : 94, "lisa_cluster" : "High-Low"}}, {"type" : "Feature", "geometry" : {"type":"Polygon","coordinates":[[[-77.553714435,39.033756112],[-77.553714435,39.068636944],[-77.508798671,39.068636944],[-77.508798671,39.033756112],[-77.553714435,39.033756112]]]}, "properties" : {"grid_id" : 95, "lisa_cluster" : "Low-Low"}}, {"type" : "Feature", "geometry" : {"type":"Polygon","coordinates":[[[-77.688461727,39.033756112],[-77.688461727,39.068636944],[-77.643545963,39.068636944],[-77.643545963,39.033756112],[-77.688461727,39.033756112]]]}, "properties" : {"grid_id" : 96, "lisa_cluster" : "High-Low"}}, {"type" : "Feature", "geometry" : {"type":"Polygon","coordinates":[[[-77.643545963,39.033756112],[-77.643545963,39.068636944],[-77.598630199,39.068636944],[-77.598630199,39.033756112],[-77.643545963,39.033756112]]]}, "properties" : {"grid_id" : 97, "lisa_cluster" : "Low-High"}}, {"type" : "Feature", "geometry" : {"type":"Polygon","coordinates":[[[-77.688461727,39.068636944],[-77.688461727,39.103500547],[-77.643545963,39.103500547],[-77.643545963,39.068636944],[-77.688461727,39.068636944]]]}, "properties" : {"grid_id" : 98, "lisa_cluster" : "High-High"}}, {"type" : "Feature", "geometry" : {"type":"Polygon","coordinates":[[[-77.643545963,39.068636944],[-77.643545963,39.103500547],[-77.598630199,39.103500547],[-77.598630199,39.068636944],[-77.643545963,39.068636944]]]}, "properties" : {"grid_id" : 99, "lisa_cluster" : "Low-Low"}}, {"type" : "Feature", "geometry" : {"type":"Polygon","coordinates":[[[-77.598630199,39.068636944],[-77.598630199,39.103500547],[-77.553714435,39.103500547],[-77.553714435,39.068636944],[-77.598630199,39.068636944]]]}, "properties" : {"grid_id" : 100, "lisa_cluster" : "Low-High"}}, {"type" : "Feature", "geometry" : {"type":"Polygon","coordinates":[[[-77.553714435,39.068636944],[-77.553714435,39.103500547],[-77.508798671,39.103500547],[-77.508798671,39.068636944],[-77.553714435,39.068636944]]]}, "properties" : {"grid_id" : 101, "lisa_cluster" : "Low-Low"}}, {"type" : "Feature", "geometry" : {"type":"Polygon","coordinates":[[[-77.688461727,39.068636944],[-77.688461727,39.103500547],[-77.643545963,39.103500547],[-77.643545963,39.068636944],[-77.688461727,39.068636944]]]}, "properties" : {"grid_id" : 102, "lisa_cluster" : "High-High"}}, {"type" : "Feature", "geometry" : {"type":"Polygon","coordinates":[[[-77.688461727,39.103500547],[-77.688461727,39.138346916],[-77.643545963,39.138346916],[-77.643545963,39.103500547],[-77.688461727,39.103500547]]]}, "properties" : {"grid_id" : 103, "lisa_cluster" : "Low-Low"}}, {"type" : "Feature", "geometry" : {"type":"Polygon","coordinates":[[[-77.643545963,39.103500547],[-77.643545963,39.138346916],[-77.598630199,39.138346916],[-77.598630199,39.103500547],[-77.643545963,39.103500547]]]}, "properties" : {"grid_id" : 104, "lisa_cluster" : "High-High"}}, {"type" : "Feature", "geometry" : {"type":"Polygon","coordinates":[[[-77.598630199,39.103500547],[-77.598630199,39.138346916],[-77.553714435,39.138346916],[-77.553714435,39.103500547],[-77.598630199,39.103500547]]]}, "properties" : {"grid_id" : 105, "lisa_cluster" : "Low-Low"}}, {"type" : "Feature", "geometry" : {"type":"Polygon","coordinates":[[[-77.688461727,39.103500547],[-77.688461727,39.138346916],[-77.643545963,39.138346916],[-77.643545963,39.103500547],[-77.688461727,39.103500547]]]}, "properties" : {"grid_id" : 106, "lisa_cluster" : "Low-Low"}}, {"type" : "Feature", "geometry" : {"type":"Polygon","coordinates":[[[-77.643545963,39.103500547],[-77.643545963,39.138346916],[-77.598630199,39.138346916],[-77.598630199,39.103500547],[-77.643545963,39.103500547]]]}, "properties" : {"grid_id" : 107, "lisa_cluster" : "High-High"}}, {"type" : "Feature", "geometry" : {"type":"Polygon","coordinates":[[[-77.634742473,38.385316319],[-77.634742473,38.420515088],[-77.589826709,38.420515088],[-77.589826709,38.385316319],[-77.634742473,38.385316319]]]}, "properties" : {"grid_id" : 108, "lisa_cluster" : "Not Significant"}}, {"type" : "Feature", "geometry" : {"type":"Polygon","coordinates":[[[-77.634742473,38.385316319],[-77.634742473,38.420515088],[-77.589826709,38.420515088],[-77.589826709,38.385316319],[-77.634742473,38.385316319]]]}, "properties" : {"grid_id" : 109, "lisa_cluster" : "Not Significant"}}, {"type" : "Feature", "geometry" : {"type":"Polygon","coordinates":[[[-77.445898634,38.596174462],[-77.445898634,38.631270337],[-77.40098287,38.631270337],[-77.40098287,38.596174462],[-77.445898634,38.596174462]]]}, "properties" : {"grid_id" : 110, "lisa_cluster" : "Low-Low"}}, {"type" : "Feature", "geometry" : {"type":"Polygon","coordinates":[[[-77.40098287,38.596174462],[-77.40098287,38.631270337],[-77.356067106,38.631270337],[-77.356067106,38.596174462],[-77.40098287,38.596174462]]]}, "properties" : {"grid_id" : 111, "lisa_cluster" : "High-High"}}, {"type" : "Feature", "geometry" : {"type":"Polygon","coordinates":[[[-77.490814399,38.596174462],[-77.490814399,38.631270337],[-77.445898634,38.631270337],[-77.445898634,38.596174462],[-77.490814399,38.596174462]]]}, "properties" : {"grid_id" : 112, "lisa_cluster" : "Low-Low"}}, {"type" : "Feature", "geometry" : {"type":"Polygon","coordinates":[[[-77.445898634,38.596174462],[-77.445898634,38.631270337],[-77.40098287,38.631270337],[-77.40098287,38.596174462],[-77.445898634,38.596174462]]]}, "properties" : {"grid_id" : 113, "lisa_cluster" : "Low-Low"}}, {"type" : "Feature", "geometry" : {"type":"Polygon","coordinates":[[[-77.40098287,38.596174462],[-77.40098287,38.631270337],[-77.356067106,38.631270337],[-77.356067106,38.596174462],[-77.40098287,38.596174462]]]}, "properties" : {"grid_id" : 114, "lisa_cluster" : "High-High"}}, {"type" : "Feature", "geometry" : {"type":"Polygon","coordinates":[[[-77.40098287,38.596174462],[-77.40098287,38.631270337],[-77.356067106,38.631270337],[-77.356067106,38.596174462],[-77.40098287,38.596174462]]]}, "properties" : {"grid_id" : 115, "lisa_cluster" : "High-High"}}, {"type" : "Feature", "geometry" : {"type":"Polygon","coordinates":[[[-77.490814399,38.596174462],[-77.490814399,38.631270337],[-77.445898634,38.631270337],[-77.445898634,38.596174462],[-77.490814399,38.596174462]]]}, "properties" : {"grid_id" : 116, "lisa_cluster" : "Low-Low"}}, {"type" : "Feature", "geometry" : {"type":"Polygon","coordinates":[[[-77.445898634,38.596174462],[-77.445898634,38.631270337],[-77.40098287,38.631270337],[-77.40098287,38.596174462],[-77.445898634,38.596174462]]]}, "properties" : {"grid_id" : 117, "lisa_cluster" : "Low-Low"}}, {"type" : "Feature", "geometry" : {"type":"Polygon","coordinates":[[[-77.445898634,38.596174462],[-77.445898634,38.631270337],[-77.40098287,38.631270337],[-77.40098287,38.596174462],[-77.445898634,38.596174462]]]}, "properties" : {"grid_id" : 118, "lisa_cluster" : "Low-Low"}}, {"type" : "Feature", "geometry" : {"type":"Polygon","coordinates":[[[-77.40098287,38.596174462],[-77.40098287,38.631270337],[-77.356067106,38.631270337],[-77.356067106,38.596174462],[-77.40098287,38.596174462]]]}, "properties" : {"grid_id" : 119, "lisa_cluster" : "High-High"}}, {"type" : "Feature", "geometry" : {"type":"Polygon","coordinates":[[[-77.490814399,38.631270337],[-77.490814399,38.666349041],[-77.445898634,38.666349041],[-77.445898634,38.631270337],[-77.490814399,38.631270337]]]}, "properties" : {"grid_id" : 120, "lisa_cluster" : "Low-Low"}}, {"type" : "Feature", "geometry" : {"type":"Polygon","coordinates":[[[-77.445898634,38.631270337],[-77.445898634,38.666349041],[-77.40098287,38.666349041],[-77.40098287,38.631270337],[-77.445898634,38.631270337]]]}, "properties" : {"grid_id" : 121, "lisa_cluster" : "Low-High"}}, {"type" : "Feature", "geometry" : {"type":"Polygon","coordinates":[[[-77.40098287,38.631270337],[-77.40098287,38.666349041],[-77.356067106,38.666349041],[-77.356067106,38.631270337],[-77.40098287,38.631270337]]]}, "properties" : {"grid_id" : 122, "lisa_cluster" : "High-High"}}, {"type" : "Feature", "geometry" : {"type":"Polygon","coordinates":[[[-77.445898634,38.631270337],[-77.445898634,38.666349041],[-77.40098287,38.666349041],[-77.40098287,38.631270337],[-77.445898634,38.631270337]]]}, "properties" : {"grid_id" : 123, "lisa_cluster" : "Low-High"}}, {"type" : "Feature", "geometry" : {"type":"Polygon","coordinates":[[[-77.40098287,38.631270337],[-77.40098287,38.666349041],[-77.356067106,38.666349041],[-77.356067106,38.631270337],[-77.40098287,38.631270337]]]}, "properties" : {"grid_id" : 124, "lisa_cluster" : "High-High"}}, {"type" : "Feature", "geometry" : {"type":"Polygon","coordinates":[[[-77.490814399,38.631270337],[-77.490814399,38.666349041],[-77.445898634,38.666349041],[-77.445898634,38.631270337],[-77.490814399,38.631270337]]]}, "properties" : {"grid_id" : 125, "lisa_cluster" : "Low-Low"}}, {"type" : "Feature", "geometry" : {"type":"Polygon","coordinates":[[[-77.445898634,38.631270337],[-77.445898634,38.666349041],[-77.40098287,38.666349041],[-77.40098287,38.631270337],[-77.445898634,38.631270337]]]}, "properties" : {"grid_id" : 126, "lisa_cluster" : "Low-High"}}, {"type" : "Feature", "geometry" : {"type":"Polygon","coordinates":[[[-77.490814399,38.666349041],[-77.490814399,38.701410568],[-77.445898634,38.701410568],[-77.445898634,38.666349041],[-77.490814399,38.666349041]]]}, "properties" : {"grid_id" : 127, "lisa_cluster" : "Low-High"}}, {"type" : "Feature", "geometry" : {"type":"Polygon","coordinates":[[[-77.445898634,38.666349041],[-77.445898634,38.701410568],[-77.40098287,38.701410568],[-77.40098287,38.666349041],[-77.445898634,38.666349041]]]}, "properties" : {"grid_id" : 128, "lisa_cluster" : "High-Low"}}, {"type" : "Feature", "geometry" : {"type":"Polygon","coordinates":[[[-77.40098287,38.666349041],[-77.40098287,38.701410568],[-77.356067106,38.701410568],[-77.356067106,38.666349041],[-77.40098287,38.666349041]]]}, "properties" : {"grid_id" : 129, "lisa_cluster" : "Low-High"}}, {"type" : "Feature", "geometry" : {"type":"Polygon","coordinates":[[[-77.445898634,38.666349041],[-77.445898634,38.701410568],[-77.40098287,38.701410568],[-77.40098287,38.666349041],[-77.445898634,38.666349041]]]}, "properties" : {"grid_id" : 130, "lisa_cluster" : "High-Low"}}, {"type" : "Feature", "geometry" : {"type":"Polygon","coordinates":[[[-77.40098287,38.666349041],[-77.40098287,38.701410568],[-77.356067106,38.701410568],[-77.356067106,38.666349041],[-77.40098287,38.666349041]]]}, "properties" : {"grid_id" : 131, "lisa_cluster" : "Low-High"}}, {"type" : "Feature", "geometry" : {"type":"Polygon","coordinates":[[[-77.490814399,38.666349041],[-77.490814399,38.701410568],[-77.445898634,38.701410568],[-77.445898634,38.666349041],[-77.490814399,38.666349041]]]}, "properties" : {"grid_id" : 132, "lisa_cluster" : "Low-High"}}, {"type" : "Feature", "geometry" : {"type":"Polygon","coordinates":[[[-77.40098287,38.666349041],[-77.40098287,38.701410568],[-77.356067106,38.701410568],[-77.356067106,38.666349041],[-77.40098287,38.666349041]]]}, "properties" : {"grid_id" : 133, "lisa_cluster" : "Low-High"}}, {"type" : "Feature", "geometry" : {"type":"Polygon","coordinates":[[[-77.490814399,38.666349041],[-77.490814399,38.701410568],[-77.445898634,38.701410568],[-77.445898634,38.666349041],[-77.490814399,38.666349041]]]}, "properties" : {"grid_id" : 134, "lisa_cluster" : "Low-High"}}, {"type" : "Feature", "geometry" : {"type":"Polygon","coordinates":[[[-77.490814399,38.701410568],[-77.490814399,38.736454913],[-77.445898634,38.736454913],[-77.445898634,38.701410568],[-77.490814399,38.701410568]]]}, "properties" : {"grid_id" : 135, "lisa_cluster" : "Low-Low"}}, {"type" : "Feature", "geometry" : {"type":"Polygon","coordinates":[[[-77.445898634,38.701410568],[-77.445898634,38.736454913],[-77.40098287,38.736454913],[-77.40098287,38.701410568],[-77.445898634,38.701410568]]]}, "properties" : {"grid_id" : 136, "lisa_cluster" : "High-High"}}, {"type" : "Feature", "geometry" : {"type":"Polygon","coordinates":[[[-77.40098287,38.701410568],[-77.40098287,38.736454913],[-77.356067106,38.736454913],[-77.356067106,38.701410568],[-77.40098287,38.701410568]]]}, "properties" : {"grid_id" : 137, "lisa_cluster" : "Low-Low"}}, {"type" : "Feature", "geometry" : {"type":"Polygon","coordinates":[[[-77.490814399,38.701410568],[-77.490814399,38.736454913],[-77.445898634,38.736454913],[-77.445898634,38.701410568],[-77.490814399,38.701410568]]]}, "properties" : {"grid_id" : 138, "lisa_cluster" : "Low-Low"}}, {"type" : "Feature", "geometry" : {"type":"Polygon","coordinates":[[[-77.445898634,38.701410568],[-77.445898634,38.736454913],[-77.40098287,38.736454913],[-77.40098287,38.701410568],[-77.445898634,38.701410568]]]}, "properties" : {"grid_id" : 139, "lisa_cluster" : "High-High"}}, {"type" : "Feature", "geometry" : {"type":"Polygon","coordinates":[[[-77.40098287,38.701410568],[-77.40098287,38.736454913],[-77.356067106,38.736454913],[-77.356067106,38.701410568],[-77.40098287,38.701410568]]]}, "properties" : {"grid_id" : 140, "lisa_cluster" : "Low-Low"}}, {"type" : "Feature", "geometry" : {"type":"Polygon","coordinates":[[[-77.828392299,39.048980225],[-77.828392299,39.083853539],[-77.783476535,39.083853539],[-77.783476535,39.048980225],[-77.828392299,39.048980225]]]}, "properties" : {"grid_id" : 141, "lisa_cluster" : "High-High"}}, {"type" : "Feature", "geometry" : {"type":"Polygon","coordinates":[[[-77.828392299,39.048980225],[-77.828392299,39.083853539],[-77.783476535,39.083853539],[-77.783476535,39.048980225],[-77.828392299,39.048980225]]]}, "properties" : {"grid_id" : 142, "lisa_cluster" : "High-High"}}, {"type" : "Feature", "geometry" : {"type":"Polygon","coordinates":[[[-77.783476535,39.048980225],[-77.783476535,39.083853539],[-77.738560771,39.083853539],[-77.738560771,39.048980225],[-77.783476535,39.048980225]]]}, "properties" : {"grid_id" : 143, "lisa_cluster" : "High-Low"}}, {"type" : "Feature", "geometry" : {"type":"Polygon","coordinates":[[[-77.828392299,39.048980225],[-77.828392299,39.083853539],[-77.783476535,39.083853539],[-77.783476535,39.048980225],[-77.828392299,39.048980225]]]}, "properties" : {"grid_id" : 144, "lisa_cluster" : "High-High"}}, {"type" : "Feature", "geometry" : {"type":"Polygon","coordinates":[[[-77.783476535,39.048980225],[-77.783476535,39.083853539],[-77.738560771,39.083853539],[-77.738560771,39.048980225],[-77.783476535,39.048980225]]]}, "properties" : {"grid_id" : 145, "lisa_cluster" : "High-Low"}}, {"type" : "Feature", "geometry" : {"type":"Polygon","coordinates":[[[-77.828392299,39.083853539],[-77.828392299,39.118709622],[-77.783476535,39.118709622],[-77.783476535,39.083853539],[-77.828392299,39.083853539]]]}, "properties" : {"grid_id" : 146, "lisa_cluster" : "Low-Low"}}, {"type" : "Feature", "geometry" : {"type":"Polygon","coordinates":[[[-77.828392299,39.083853539],[-77.828392299,39.118709622],[-77.783476535,39.118709622],[-77.783476535,39.083853539],[-77.828392299,39.083853539]]]}, "properties" : {"grid_id" : 147, "lisa_cluster" : "Low-Low"}}, {"type" : "Feature", "geometry" : {"type":"Polygon","coordinates":[[[-77.783476535,39.083853539],[-77.783476535,39.118709622],[-77.738560771,39.118709622],[-77.738560771,39.083853539],[-77.783476535,39.083853539]]]}, "properties" : {"grid_id" : 148, "lisa_cluster" : "Low-Low"}}, {"type" : "Feature", "geometry" : {"type":"Polygon","coordinates":[[[-77.828392299,39.083853539],[-77.828392299,39.118709622],[-77.783476535,39.118709622],[-77.783476535,39.083853539],[-77.828392299,39.083853539]]]}, "properties" : {"grid_id" : 149, "lisa_cluster" : "Low-Low"}}, {"type" : "Feature", "geometry" : {"type":"Polygon","coordinates":[[[-77.783476535,39.083853539],[-77.783476535,39.118709622],[-77.738560771,39.118709622],[-77.738560771,39.083853539],[-77.783476535,39.083853539]]]}, "properties" : {"grid_id" : 150, "lisa_cluster" : "Low-Low"}}, {"type" : "Feature", "geometry" : {"type":"Polygon","coordinates":[[[-77.828392299,39.118709622],[-77.828392299,39.153548469],[-77.783476535,39.153548469],[-77.783476535,39.118709622],[-77.828392299,39.118709622]]]}, "properties" : {"grid_id" : 151, "lisa_cluster" : "High-High"}}, {"type" : "Feature", "geometry" : {"type":"Polygon","coordinates":[[[-77.828392299,39.118709622],[-77.828392299,39.153548469],[-77.783476535,39.153548469],[-77.783476535,39.118709622],[-77.828392299,39.118709622]]]}, "properties" : {"grid_id" : 152, "lisa_cluster" : "High-High"}}, {"type" : "Feature", "geometry" : {"type":"Polygon","coordinates":[[[-77.783476535,39.118709622],[-77.783476535,39.153548469],[-77.738560771,39.153548469],[-77.738560771,39.118709622],[-77.783476535,39.118709622]]]}, "properties" : {"grid_id" : 153, "lisa_cluster" : "Low-Low"}}, {"type" : "Feature", "geometry" : {"type":"Polygon","coordinates":[[[-77.828392299,39.118709622],[-77.828392299,39.153548469],[-77.783476535,39.153548469],[-77.783476535,39.118709622],[-77.828392299,39.118709622]]]}, "properties" : {"grid_id" : 154, "lisa_cluster" : "High-High"}}, {"type" : "Feature", "geometry" : {"type":"Polygon","coordinates":[[[-77.828392299,39.153548469],[-77.828392299,39.188370075],[-77.783476535,39.188370075],[-77.783476535,39.153548469],[-77.828392299,39.153548469]]]}, "properties" : {"grid_id" : 155, "lisa_cluster" : "High-High"}}, {"type" : "Feature", "geometry" : {"type":"Polygon","coordinates":[[[-77.783476535,39.153548469],[-77.783476535,39.188370075],[-77.738560771,39.188370075],[-77.738560771,39.153548469],[-77.783476535,39.153548469]]]}, "properties" : {"grid_id" : 156, "lisa_cluster" : "Low-High"}}, {"type" : "Feature", "geometry" : {"type":"Polygon","coordinates":[[[-77.828392299,39.153548469],[-77.828392299,39.188370075],[-77.783476535,39.188370075],[-77.783476535,39.153548469],[-77.828392299,39.153548469]]]}, "properties" : {"grid_id" : 157, "lisa_cluster" : "High-High"}}, {"type" : "Feature", "geometry" : {"type":"Polygon","coordinates":[[[-77.783476535,39.153548469],[-77.783476535,39.188370075],[-77.738560771,39.188370075],[-77.738560771,39.153548469],[-77.783476535,39.153548469]]]}, "properties" : {"grid_id" : 158, "lisa_cluster" : "Low-High"}}, {"type" : "Feature", "geometry" : {"type":"Polygon","coordinates":[[[-77.828392299,39.153548469],[-77.828392299,39.188370075],[-77.783476535,39.188370075],[-77.783476535,39.153548469],[-77.828392299,39.153548469]]]}, "properties" : {"grid_id" : 159, "lisa_cluster" : "High-High"}}, {"type" : "Feature", "geometry" : {"type":"Polygon","coordinates":[[[-77.828392299,39.188370075],[-77.828392299,39.223174438],[-77.783476535,39.223174438],[-77.783476535,39.188370075],[-77.828392299,39.188370075]]]}, "properties" : {"grid_id" : 160, "lisa_cluster" : "Low-Low"}}, {"type" : "Feature", "geometry" : {"type":"Polygon","coordinates":[[[-77.828392299,39.188370075],[-77.828392299,39.223174438],[-77.783476535,39.223174438],[-77.783476535,39.188370075],[-77.828392299,39.188370075]]]}, "properties" : {"grid_id" : 161, "lisa_cluster" : "Low-Low"}}, {"type" : "Feature", "geometry" : {"type":"Polygon","coordinates":[[[-77.783476535,39.188370075],[-77.783476535,39.223174438],[-77.738560771,39.223174438],[-77.738560771,39.188370075],[-77.783476535,39.188370075]]]}, "properties" : {"grid_id" : 162, "lisa_cluster" : "High-Low"}}, {"type" : "Feature", "geometry" : {"type":"Polygon","coordinates":[[[-77.828392299,39.188370075],[-77.828392299,39.223174438],[-77.783476535,39.223174438],[-77.783476535,39.188370075],[-77.828392299,39.188370075]]]}, "properties" : {"grid_id" : 163, "lisa_cluster" : "Low-Low"}}, {"type" : "Feature", "geometry" : {"type":"Polygon","coordinates":[[[-77.585892088,38.941657834],[-77.585892088,38.976584096],[-77.540976324,38.976584096],[-77.540976324,38.941657834],[-77.585892088,38.941657834]]]}, "properties" : {"grid_id" : 164, "lisa_cluster" : "High-High"}}, {"type" : "Feature", "geometry" : {"type":"Polygon","coordinates":[[[-77.540976324,38.941657834],[-77.540976324,38.976584096],[-77.49606056,38.976584096],[-77.49606056,38.941657834],[-77.540976324,38.941657834]]]}, "properties" : {"grid_id" : 165, "lisa_cluster" : "High-High"}}, {"type" : "Feature", "geometry" : {"type":"Polygon","coordinates":[[[-77.49606056,38.941657834],[-77.49606056,38.976584096],[-77.451144796,38.976584096],[-77.451144796,38.941657834],[-77.49606056,38.941657834]]]}, "properties" : {"grid_id" : 166, "lisa_cluster" : "Low-Low"}}, {"type" : "Feature", "geometry" : {"type":"Polygon","coordinates":[[[-77.585892088,38.941657834],[-77.585892088,38.976584096],[-77.540976324,38.976584096],[-77.540976324,38.941657834],[-77.585892088,38.941657834]]]}, "properties" : {"grid_id" : 167, "lisa_cluster" : "High-High"}}, {"type" : "Feature", "geometry" : {"type":"Polygon","coordinates":[[[-77.540976324,38.941657834],[-77.540976324,38.976584096],[-77.49606056,38.976584096],[-77.49606056,38.941657834],[-77.540976324,38.941657834]]]}, "properties" : {"grid_id" : 168, "lisa_cluster" : "High-High"}}, {"type" : "Feature", "geometry" : {"type":"Polygon","coordinates":[[[-77.540976324,38.941657834],[-77.540976324,38.976584096],[-77.49606056,38.976584096],[-77.49606056,38.941657834],[-77.540976324,38.941657834]]]}, "properties" : {"grid_id" : 169, "lisa_cluster" : "High-High"}}, {"type" : "Feature", "geometry" : {"type":"Polygon","coordinates":[[[-77.585892088,38.941657834],[-77.585892088,38.976584096],[-77.540976324,38.976584096],[-77.540976324,38.941657834],[-77.585892088,38.941657834]]]}, "properties" : {"grid_id" : 170, "lisa_cluster" : "High-High"}}, {"type" : "Feature", "geometry" : {"type":"Polygon","coordinates":[[[-77.540976324,38.941657834],[-77.540976324,38.976584096],[-77.49606056,38.976584096],[-77.49606056,38.941657834],[-77.540976324,38.941657834]]]}, "properties" : {"grid_id" : 171, "lisa_cluster" : "High-High"}}, {"type" : "Feature", "geometry" : {"type":"Polygon","coordinates":[[[-77.540976324,38.976584096],[-77.540976324,39.01149314],[-77.49606056,39.01149314],[-77.49606056,38.976584096],[-77.540976324,38.976584096]]]}, "properties" : {"grid_id" : 172, "lisa_cluster" : "Low-Low"}}, {"type" : "Feature", "geometry" : {"type":"Polygon","coordinates":[[[-77.49606056,38.976584096],[-77.49606056,39.01149314],[-77.451144796,39.01149314],[-77.451144796,38.976584096],[-77.49606056,38.976584096]]]}, "properties" : {"grid_id" : 173, "lisa_cluster" : "Low-Low"}}, {"type" : "Feature", "geometry" : {"type":"Polygon","coordinates":[[[-77.585892088,38.976584096],[-77.585892088,39.01149314],[-77.540976324,39.01149314],[-77.540976324,38.976584096],[-77.585892088,38.976584096]]]}, "properties" : {"grid_id" : 174, "lisa_cluster" : "High-High"}}, {"type" : "Feature", "geometry" : {"type":"Polygon","coordinates":[[[-77.585892088,38.976584096],[-77.585892088,39.01149314],[-77.540976324,39.01149314],[-77.540976324,38.976584096],[-77.585892088,38.976584096]]]}, "properties" : {"grid_id" : 175, "lisa_cluster" : "High-High"}}, {"type" : "Feature", "geometry" : {"type":"Polygon","coordinates":[[[-77.540976324,38.976584096],[-77.540976324,39.01149314],[-77.49606056,39.01149314],[-77.49606056,38.976584096],[-77.540976324,38.976584096]]]}, "properties" : {"grid_id" : 176, "lisa_cluster" : "Low-Low"}}, {"type" : "Feature", "geometry" : {"type":"Polygon","coordinates":[[[-77.49606056,38.976584096],[-77.49606056,39.01149314],[-77.451144796,39.01149314],[-77.451144796,38.976584096],[-77.49606056,38.976584096]]]}, "properties" : {"grid_id" : 177, "lisa_cluster" : "Low-Low"}}, {"type" : "Feature", "geometry" : {"type":"Polygon","coordinates":[[[-77.585892088,38.976584096],[-77.585892088,39.01149314],[-77.540976324,39.01149314],[-77.540976324,38.976584096],[-77.585892088,38.976584096]]]}, "properties" : {"grid_id" : 178, "lisa_cluster" : "High-High"}}, {"type" : "Feature", "geometry" : {"type":"Polygon","coordinates":[[[-77.585892088,39.01149314],[-77.585892088,39.046384962],[-77.540976324,39.046384962],[-77.540976324,39.01149314],[-77.585892088,39.01149314]]]}, "properties" : {"grid_id" : 179, "lisa_cluster" : "Low-Low"}}, {"type" : "Feature", "geometry" : {"type":"Polygon","coordinates":[[[-77.540976324,39.01149314],[-77.540976324,39.046384962],[-77.49606056,39.046384962],[-77.49606056,39.01149314],[-77.540976324,39.01149314]]]}, "properties" : {"grid_id" : 180, "lisa_cluster" : "Low-Low"}}, {"type" : "Feature", "geometry" : {"type":"Polygon","coordinates":[[[-77.585892088,39.01149314],[-77.585892088,39.046384962],[-77.540976324,39.046384962],[-77.540976324,39.01149314],[-77.585892088,39.01149314]]]}, "properties" : {"grid_id" : 181, "lisa_cluster" : "Low-Low"}}, {"type" : "Feature", "geometry" : {"type":"Polygon","coordinates":[[[-77.540976324,39.01149314],[-77.540976324,39.046384962],[-77.49606056,39.046384962],[-77.49606056,39.01149314],[-77.540976324,39.01149314]]]}, "properties" : {"grid_id" : 182, "lisa_cluster" : "Low-Low"}}, {"type" : "Feature", "geometry" : {"type":"Polygon","coordinates":[[[-77.540976324,39.01149314],[-77.540976324,39.046384962],[-77.49606056,39.046384962],[-77.49606056,39.01149314],[-77.540976324,39.01149314]]]}, "properties" : {"grid_id" : 183, "lisa_cluster" : "Low-Low"}}, {"type" : "Feature", "geometry" : {"type":"Polygon","coordinates":[[[-77.67188781,39.1610505],[-77.67188781,39.195868392],[-77.626972046,39.195868392],[-77.626972046,39.1610505],[-77.67188781,39.1610505]]]}, "properties" : {"grid_id" : 184, "lisa_cluster" : "High-High"}}, {"type" : "Feature", "geometry" : {"type":"Polygon","coordinates":[[[-77.626972046,39.1610505],[-77.626972046,39.195868392],[-77.582056282,39.195868392],[-77.582056282,39.1610505],[-77.626972046,39.1610505]]]}, "properties" : {"grid_id" : 185, "lisa_cluster" : "Low-Low"}}, {"type" : "Feature", "geometry" : {"type":"Polygon","coordinates":[[[-77.67188781,39.1610505],[-77.67188781,39.195868392],[-77.626972046,39.195868392],[-77.626972046,39.1610505],[-77.67188781,39.1610505]]]}, "properties" : {"grid_id" : 186, "lisa_cluster" : "High-High"}}, {"type" : "Feature", "geometry" : {"type":"Polygon","coordinates":[[[-77.67188781,39.1610505],[-77.67188781,39.195868392],[-77.626972046,39.195868392],[-77.626972046,39.1610505],[-77.67188781,39.1610505]]]}, "properties" : {"grid_id" : 187, "lisa_cluster" : "High-High"}}, {"type" : "Feature", "geometry" : {"type":"Polygon","coordinates":[[[-77.626972046,39.1610505],[-77.626972046,39.195868392],[-77.582056282,39.195868392],[-77.582056282,39.1610505],[-77.626972046,39.1610505]]]}, "properties" : {"grid_id" : 188, "lisa_cluster" : "Low-Low"}}, {"type" : "Feature", "geometry" : {"type":"Polygon","coordinates":[[[-77.67188781,39.195868392],[-77.67188781,39.23066904],[-77.626972046,39.23066904],[-77.626972046,39.195868392],[-77.67188781,39.195868392]]]}, "properties" : {"grid_id" : 189, "lisa_cluster" : "High-High"}}, {"type" : "Feature", "geometry" : {"type":"Polygon","coordinates":[[[-77.626972046,39.195868392],[-77.626972046,39.23066904],[-77.582056282,39.23066904],[-77.582056282,39.195868392],[-77.626972046,39.195868392]]]}, "properties" : {"grid_id" : 190, "lisa_cluster" : "Low-Low"}}, {"type" : "Feature", "geometry" : {"type":"Polygon","coordinates":[[[-77.67188781,39.195868392],[-77.67188781,39.23066904],[-77.626972046,39.23066904],[-77.626972046,39.195868392],[-77.67188781,39.195868392]]]}, "properties" : {"grid_id" : 191, "lisa_cluster" : "High-High"}}, {"type" : "Feature", "geometry" : {"type":"Polygon","coordinates":[[[-77.67188781,39.195868392],[-77.67188781,39.23066904],[-77.626972046,39.23066904],[-77.626972046,39.195868392],[-77.67188781,39.195868392]]]}, "properties" : {"grid_id" : 192, "lisa_cluster" : "High-High"}}, {"type" : "Feature", "geometry" : {"type":"Polygon","coordinates":[[[-77.626972046,39.195868392],[-77.626972046,39.23066904],[-77.582056282,39.23066904],[-77.582056282,39.195868392],[-77.626972046,39.195868392]]]}, "properties" : {"grid_id" : 193, "lisa_cluster" : "Low-Low"}}, {"type" : "Feature", "geometry" : {"type":"Polygon","coordinates":[[[-77.626972046,39.195868392],[-77.626972046,39.23066904],[-77.582056282,39.23066904],[-77.582056282,39.195868392],[-77.626972046,39.195868392]]]}, "properties" : {"grid_id" : 194, "lisa_cluster" : "Low-Low"}}, {"type" : "Feature", "geometry" : {"type":"Polygon","coordinates":[[[-77.466038863,38.545943482],[-77.466038863,38.581063912],[-77.421123099,38.581063912],[-77.421123099,38.545943482],[-77.466038863,38.545943482]]]}, "properties" : {"grid_id" : 195, "lisa_cluster" : "Low-Low"}}, {"type" : "Feature", "geometry" : {"type":"Polygon","coordinates":[[[-77.421123099,38.545943482],[-77.421123099,38.581063912],[-77.376207335,38.581063912],[-77.376207335,38.545943482],[-77.421123099,38.545943482]]]}, "properties" : {"grid_id" : 196, "lisa_cluster" : "Low-Low"}}, {"type" : "Feature", "geometry" : {"type":"Polygon","coordinates":[[[-77.376207335,38.545943482],[-77.376207335,38.581063912],[-77.33129157,38.581063912],[-77.33129157,38.545943482],[-77.376207335,38.545943482]]]}, "properties" : {"grid_id" : 197, "lisa_cluster" : "Low-Low"}}, {"type" : "Feature", "geometry" : {"type":"Polygon","coordinates":[[[-77.466038863,38.545943482],[-77.466038863,38.581063912],[-77.421123099,38.581063912],[-77.421123099,38.545943482],[-77.466038863,38.545943482]]]}, "properties" : {"grid_id" : 198, "lisa_cluster" : "Low-Low"}}, {"type" : "Feature", "geometry" : {"type":"Polygon","coordinates":[[[-77.421123099,38.545943482],[-77.421123099,38.581063912],[-77.376207335,38.581063912],[-77.376207335,38.545943482],[-77.421123099,38.545943482]]]}, "properties" : {"grid_id" : 199, "lisa_cluster" : "Low-Low"}}, {"type" : "Feature", "geometry" : {"type":"Polygon","coordinates":[[[-77.376207335,38.545943482],[-77.376207335,38.581063912],[-77.33129157,38.581063912],[-77.33129157,38.545943482],[-77.376207335,38.545943482]]]}, "properties" : {"grid_id" : 200, "lisa_cluster" : "Low-Low"}}, {"type" : "Feature", "geometry" : {"type":"Polygon","coordinates":[[[-77.466038863,38.545943482],[-77.466038863,38.581063912],[-77.421123099,38.581063912],[-77.421123099,38.545943482],[-77.466038863,38.545943482]]]}, "properties" : {"grid_id" : 201, "lisa_cluster" : "Low-Low"}}, {"type" : "Feature", "geometry" : {"type":"Polygon","coordinates":[[[-77.376207335,38.545943482],[-77.376207335,38.581063912],[-77.33129157,38.581063912],[-77.33129157,38.545943482],[-77.376207335,38.545943482]]]}, "properties" : {"grid_id" : 202, "lisa_cluster" : "Low-Low"}}, {"type" : "Feature", "geometry" : {"type":"Polygon","coordinates":[[[-77.466038863,38.581063912],[-77.466038863,38.616167177],[-77.421123099,38.616167177],[-77.421123099,38.581063912],[-77.466038863,38.581063912]]]}, "properties" : {"grid_id" : 203, "lisa_cluster" : "Low-Low"}}, {"type" : "Feature", "geometry" : {"type":"Polygon","coordinates":[[[-77.421123099,38.581063912],[-77.421123099,38.616167177],[-77.376207335,38.616167177],[-77.376207335,38.581063912],[-77.421123099,38.581063912]]]}, "properties" : {"grid_id" : 204, "lisa_cluster" : "Low-High"}}, {"type" : "Feature", "geometry" : {"type":"Polygon","coordinates":[[[-77.376207335,38.581063912],[-77.376207335,38.616167177],[-77.33129157,38.616167177],[-77.33129157,38.581063912],[-77.376207335,38.581063912]]]}, "properties" : {"grid_id" : 205, "lisa_cluster" : "High-High"}}, {"type" : "Feature", "geometry" : {"type":"Polygon","coordinates":[[[-77.466038863,38.581063912],[-77.466038863,38.616167177],[-77.421123099,38.616167177],[-77.421123099,38.581063912],[-77.466038863,38.581063912]]]}, "properties" : {"grid_id" : 206, "lisa_cluster" : "Low-Low"}}, {"type" : "Feature", "geometry" : {"type":"Polygon","coordinates":[[[-77.421123099,38.581063912],[-77.421123099,38.616167177],[-77.376207335,38.616167177],[-77.376207335,38.581063912],[-77.421123099,38.581063912]]]}, "properties" : {"grid_id" : 207, "lisa_cluster" : "Low-High"}}, {"type" : "Feature", "geometry" : {"type":"Polygon","coordinates":[[[-77.376207335,38.581063912],[-77.376207335,38.616167177],[-77.33129157,38.616167177],[-77.33129157,38.581063912],[-77.376207335,38.581063912]]]}, "properties" : {"grid_id" : 208, "lisa_cluster" : "High-High"}}, {"type" : "Feature", "geometry" : {"type":"Polygon","coordinates":[[[-77.466038863,38.581063912],[-77.466038863,38.616167177],[-77.421123099,38.616167177],[-77.421123099,38.581063912],[-77.466038863,38.581063912]]]}, "properties" : {"grid_id" : 209, "lisa_cluster" : "Low-Low"}}, {"type" : "Feature", "geometry" : {"type":"Polygon","coordinates":[[[-77.376207335,38.581063912],[-77.376207335,38.616167177],[-77.33129157,38.616167177],[-77.33129157,38.581063912],[-77.376207335,38.581063912]]]}, "properties" : {"grid_id" : 210, "lisa_cluster" : "High-High"}}, {"type" : "Feature", "geometry" : {"type":"Polygon","coordinates":[[[-77.466038863,38.581063912],[-77.466038863,38.616167177],[-77.421123099,38.616167177],[-77.421123099,38.581063912],[-77.466038863,38.581063912]]]}, "properties" : {"grid_id" : 211, "lisa_cluster" : "Low-Low"}}, {"type" : "Feature", "geometry" : {"type":"Polygon","coordinates":[[[-77.421123099,38.581063912],[-77.421123099,38.616167177],[-77.376207335,38.616167177],[-77.376207335,38.581063912],[-77.421123099,38.581063912]]]}, "properties" : {"grid_id" : 212, "lisa_cluster" : "Low-High"}}, {"type" : "Feature", "geometry" : {"type":"Polygon","coordinates":[[[-77.376207335,38.581063912],[-77.376207335,38.616167177],[-77.33129157,38.616167177],[-77.33129157,38.581063912],[-77.376207335,38.581063912]]]}, "properties" : {"grid_id" : 213, "lisa_cluster" : "High-High"}}, {"type" : "Feature", "geometry" : {"type":"Polygon","coordinates":[[[-77.466038863,38.616167177],[-77.466038863,38.651253272],[-77.421123099,38.651253272],[-77.421123099,38.616167177],[-77.466038863,38.616167177]]]}, "properties" : {"grid_id" : 214, "lisa_cluster" : "Low-Low"}}, {"type" : "Feature", "geometry" : {"type":"Polygon","coordinates":[[[-77.421123099,38.616167177],[-77.421123099,38.651253272],[-77.376207335,38.651253272],[-77.376207335,38.616167177],[-77.421123099,38.616167177]]]}, "properties" : {"grid_id" : 215, "lisa_cluster" : "High-High"}}, {"type" : "Feature", "geometry" : {"type":"Polygon","coordinates":[[[-77.376207335,38.616167177],[-77.376207335,38.651253272],[-77.33129157,38.651253272],[-77.33129157,38.616167177],[-77.376207335,38.616167177]]]}, "properties" : {"grid_id" : 216, "lisa_cluster" : "High-High"}}, {"type" : "Feature", "geometry" : {"type":"Polygon","coordinates":[[[-77.466038863,38.616167177],[-77.466038863,38.651253272],[-77.421123099,38.651253272],[-77.421123099,38.616167177],[-77.466038863,38.616167177]]]}, "properties" : {"grid_id" : 217, "lisa_cluster" : "Low-Low"}}, {"type" : "Feature", "geometry" : {"type":"Polygon","coordinates":[[[-77.421123099,38.616167177],[-77.421123099,38.651253272],[-77.376207335,38.651253272],[-77.376207335,38.616167177],[-77.421123099,38.616167177]]]}, "properties" : {"grid_id" : 218, "lisa_cluster" : "High-High"}}, {"type" : "Feature", "geometry" : {"type":"Polygon","coordinates":[[[-77.376207335,38.616167177],[-77.376207335,38.651253272],[-77.33129157,38.651253272],[-77.33129157,38.616167177],[-77.376207335,38.616167177]]]}, "properties" : {"grid_id" : 219, "lisa_cluster" : "High-High"}}, {"type" : "Feature", "geometry" : {"type":"Polygon","coordinates":[[[-77.466038863,38.616167177],[-77.466038863,38.651253272],[-77.421123099,38.651253272],[-77.421123099,38.616167177],[-77.466038863,38.616167177]]]}, "properties" : {"grid_id" : 220, "lisa_cluster" : "Low-Low"}}, {"type" : "Feature", "geometry" : {"type":"Polygon","coordinates":[[[-77.421123099,38.616167177],[-77.421123099,38.651253272],[-77.376207335,38.651253272],[-77.376207335,38.616167177],[-77.421123099,38.616167177]]]}, "properties" : {"grid_id" : 221, "lisa_cluster" : "High-High"}}, {"type" : "Feature", "geometry" : {"type":"Polygon","coordinates":[[[-77.376207335,38.616167177],[-77.376207335,38.651253272],[-77.33129157,38.651253272],[-77.33129157,38.616167177],[-77.376207335,38.616167177]]]}, "properties" : {"grid_id" : 222, "lisa_cluster" : "High-High"}}, {"type" : "Feature", "geometry" : {"type":"Polygon","coordinates":[[[-77.48346618,38.702371012],[-77.48346618,38.737414886],[-77.438550415,38.737414886],[-77.438550415,38.702371012],[-77.48346618,38.702371012]]]}, "properties" : {"grid_id" : 223, "lisa_cluster" : "Low-Low"}}, {"type" : "Feature", "geometry" : {"type":"Polygon","coordinates":[[[-77.438550415,38.702371012],[-77.438550415,38.737414886],[-77.393634651,38.737414886],[-77.393634651,38.702371012],[-77.438550415,38.702371012]]]}, "properties" : {"grid_id" : 224, "lisa_cluster" : "High-High"}}, {"type" : "Feature", "geometry" : {"type":"Polygon","coordinates":[[[-77.48346618,38.702371012],[-77.48346618,38.737414886],[-77.438550415,38.737414886],[-77.438550415,38.702371012],[-77.48346618,38.702371012]]]}, "properties" : {"grid_id" : 225, "lisa_cluster" : "Low-Low"}}, {"type" : "Feature", "geometry" : {"type":"Polygon","coordinates":[[[-77.438550415,38.702371012],[-77.438550415,38.737414886],[-77.393634651,38.737414886],[-77.393634651,38.702371012],[-77.438550415,38.702371012]]]}, "properties" : {"grid_id" : 226, "lisa_cluster" : "High-High"}}, {"type" : "Feature", "geometry" : {"type":"Polygon","coordinates":[[[-77.48346618,38.702371012],[-77.48346618,38.737414886],[-77.438550415,38.737414886],[-77.438550415,38.702371012],[-77.48346618,38.702371012]]]}, "properties" : {"grid_id" : 227, "lisa_cluster" : "Low-Low"}}, {"type" : "Feature", "geometry" : {"type":"Polygon","coordinates":[[[-77.48346618,38.737414886],[-77.48346618,38.772441574],[-77.438550415,38.772441574],[-77.438550415,38.737414886],[-77.48346618,38.737414886]]]}, "properties" : {"grid_id" : 228, "lisa_cluster" : "Low-Low"}}, {"type" : "Feature", "geometry" : {"type":"Polygon","coordinates":[[[-77.438550415,38.737414886],[-77.438550415,38.772441574],[-77.393634651,38.772441574],[-77.393634651,38.737414886],[-77.438550415,38.737414886]]]}, "properties" : {"grid_id" : 229, "lisa_cluster" : "High-Low"}}, {"type" : "Feature", "geometry" : {"type":"Polygon","coordinates":[[[-77.438550415,38.737414886],[-77.438550415,38.772441574],[-77.393634651,38.772441574],[-77.393634651,38.737414886],[-77.438550415,38.737414886]]]}, "properties" : {"grid_id" : 230, "lisa_cluster" : "High-Low"}}, {"type" : "Feature", "geometry" : {"type":"Polygon","coordinates":[[[-77.48346618,38.737414886],[-77.48346618,38.772441574],[-77.438550415,38.772441574],[-77.438550415,38.737414886],[-77.48346618,38.737414886]]]}, "properties" : {"grid_id" : 231, "lisa_cluster" : "Low-Low"}}, {"type" : "Feature", "geometry" : {"type":"Polygon","coordinates":[[[-77.48346618,38.772441574],[-77.48346618,38.807451071],[-77.438550415,38.807451071],[-77.438550415,38.772441574],[-77.48346618,38.772441574]]]}, "properties" : {"grid_id" : 232, "lisa_cluster" : "High-Low"}}, {"type" : "Feature", "geometry" : {"type":"Polygon","coordinates":[[[-77.438550415,38.772441574],[-77.438550415,38.807451071],[-77.393634651,38.807451071],[-77.393634651,38.772441574],[-77.438550415,38.772441574]]]}, "properties" : {"grid_id" : 233, "lisa_cluster" : "High-High"}}, {"type" : "Feature", "geometry" : {"type":"Polygon","coordinates":[[[-77.438550415,38.772441574],[-77.438550415,38.807451071],[-77.393634651,38.807451071],[-77.393634651,38.772441574],[-77.438550415,38.772441574]]]}, "properties" : {"grid_id" : 234, "lisa_cluster" : "High-High"}}, {"type" : "Feature", "geometry" : {"type":"Polygon","coordinates":[[[-77.48346618,38.772441574],[-77.48346618,38.807451071],[-77.438550415,38.807451071],[-77.438550415,38.772441574],[-77.48346618,38.772441574]]]}, "properties" : {"grid_id" : 235, "lisa_cluster" : "High-Low"}}, {"type" : "Feature", "geometry" : {"type":"Polygon","coordinates":[[[-77.438550415,38.772441574],[-77.438550415,38.807451071],[-77.393634651,38.807451071],[-77.393634651,38.772441574],[-77.438550415,38.772441574]]]}, "properties" : {"grid_id" : 236, "lisa_cluster" : "High-High"}}, {"type" : "Feature", "geometry" : {"type":"Polygon","coordinates":[[[-77.48346618,38.772441574],[-77.48346618,38.807451071],[-77.438550415,38.807451071],[-77.438550415,38.772441574],[-77.48346618,38.772441574]]]}, "properties" : {"grid_id" : 237, "lisa_cluster" : "High-Low"}}, {"type" : "Feature", "geometry" : {"type":"Polygon","coordinates":[[[-77.48346618,38.772441574],[-77.48346618,38.807451071],[-77.438550415,38.807451071],[-77.438550415,38.772441574],[-77.48346618,38.772441574]]]}, "properties" : {"grid_id" : 238, "lisa_cluster" : "High-Low"}}, {"type" : "Feature", "geometry" : {"type":"Polygon","coordinates":[[[-77.713174381,38.945996612],[-77.713174381,38.980920735],[-77.668258617,38.980920735],[-77.668258617,38.945996612],[-77.713174381,38.945996612]]]}, "properties" : {"grid_id" : 239, "lisa_cluster" : "Low-Low"}}, {"type" : "Feature", "geometry" : {"type":"Polygon","coordinates":[[[-77.668258617,38.945996612],[-77.668258617,38.980920735],[-77.623342852,38.980920735],[-77.623342852,38.945996612],[-77.668258617,38.945996612]]]}, "properties" : {"grid_id" : 240, "lisa_cluster" : "High-High"}}, {"type" : "Feature", "geometry" : {"type":"Polygon","coordinates":[[[-77.713174381,38.945996612],[-77.713174381,38.980920735],[-77.668258617,38.980920735],[-77.668258617,38.945996612],[-77.713174381,38.945996612]]]}, "properties" : {"grid_id" : 241, "lisa_cluster" : "Low-Low"}}, {"type" : "Feature", "geometry" : {"type":"Polygon","coordinates":[[[-77.668258617,38.945996612],[-77.668258617,38.980920735],[-77.623342852,38.980920735],[-77.623342852,38.945996612],[-77.668258617,38.945996612]]]}, "properties" : {"grid_id" : 242, "lisa_cluster" : "High-High"}}, {"type" : "Feature", "geometry" : {"type":"Polygon","coordinates":[[[-77.713174381,38.945996612],[-77.713174381,38.980920735],[-77.668258617,38.980920735],[-77.668258617,38.945996612],[-77.713174381,38.945996612]]]}, "properties" : {"grid_id" : 243, "lisa_cluster" : "Low-Low"}}, {"type" : "Feature", "geometry" : {"type":"Polygon","coordinates":[[[-77.713174381,38.980920735],[-77.713174381,39.015827641],[-77.668258617,39.015827641],[-77.668258617,38.980920735],[-77.713174381,38.980920735]]]}, "properties" : {"grid_id" : 244, "lisa_cluster" : "Low-Low"}}, {"type" : "Feature", "geometry" : {"type":"Polygon","coordinates":[[[-77.668258617,38.980920735],[-77.668258617,39.015827641],[-77.623342852,39.015827641],[-77.623342852,38.980920735],[-77.668258617,38.980920735]]]}, "properties" : {"grid_id" : 245, "lisa_cluster" : "High-High"}}, {"type" : "Feature", "geometry" : {"type":"Polygon","coordinates":[[[-77.713174381,38.980920735],[-77.713174381,39.015827641],[-77.668258617,39.015827641],[-77.668258617,38.980920735],[-77.713174381,38.980920735]]]}, "properties" : {"grid_id" : 246, "lisa_cluster" : "Low-Low"}}, {"type" : "Feature", "geometry" : {"type":"Polygon","coordinates":[[[-77.668258617,38.980920735],[-77.668258617,39.015827641],[-77.623342852,39.015827641],[-77.623342852,38.980920735],[-77.668258617,38.980920735]]]}, "properties" : {"grid_id" : 247, "lisa_cluster" : "High-High"}}, {"type" : "Feature", "geometry" : {"type":"Polygon","coordinates":[[[-77.713174381,39.015827641],[-77.713174381,39.050717324],[-77.668258617,39.050717324],[-77.668258617,39.015827641],[-77.713174381,39.015827641]]]}, "properties" : {"grid_id" : 248, "lisa_cluster" : "Low-Low"}}, {"type" : "Feature", "geometry" : {"type":"Polygon","coordinates":[[[-77.668258617,39.015827641],[-77.668258617,39.050717324],[-77.623342852,39.050717324],[-77.623342852,39.015827641],[-77.668258617,39.015827641]]]}, "properties" : {"grid_id" : 249, "lisa_cluster" : "High-High"}}, {"type" : "Feature", "geometry" : {"type":"Polygon","coordinates":[[[-77.713174381,39.015827641],[-77.713174381,39.050717324],[-77.668258617,39.050717324],[-77.668258617,39.015827641],[-77.713174381,39.015827641]]]}, "properties" : {"grid_id" : 250, "lisa_cluster" : "Low-Low"}}, {"type" : "Feature", "geometry" : {"type":"Polygon","coordinates":[[[-77.668258617,39.015827641],[-77.668258617,39.050717324],[-77.623342852,39.050717324],[-77.623342852,39.015827641],[-77.668258617,39.015827641]]]}, "properties" : {"grid_id" : 251, "lisa_cluster" : "High-High"}}, {"type" : "Feature", "geometry" : {"type":"Polygon","coordinates":[[[-77.713174381,39.015827641],[-77.713174381,39.050717324],[-77.668258617,39.050717324],[-77.668258617,39.015827641],[-77.713174381,39.015827641]]]}, "properties" : {"grid_id" : 252, "lisa_cluster" : "Low-Low"}}, {"type" : "Feature", "geometry" : {"type":"Polygon","coordinates":[[[-77.713174381,39.015827641],[-77.713174381,39.050717324],[-77.668258617,39.050717324],[-77.668258617,39.015827641],[-77.713174381,39.015827641]]]}, "properties" : {"grid_id" : 253, "lisa_cluster" : "Low-Low"}}, {"type" : "Feature", "geometry" : {"type":"Polygon","coordinates":[[[-77.668258617,39.015827641],[-77.668258617,39.050717324],[-77.623342852,39.050717324],[-77.623342852,39.015827641],[-77.668258617,39.015827641]]]}, "properties" : {"grid_id" : 254, "lisa_cluster" : "High-High"}}, {"type" : "Feature", "geometry" : {"type":"Polygon","coordinates":[[[-77.713174381,39.050717324],[-77.713174381,39.08558978],[-77.668258617,39.08558978],[-77.668258617,39.050717324],[-77.713174381,39.050717324]]]}, "properties" : {"grid_id" : 255, "lisa_cluster" : "High-Low"}}, {"type" : "Feature", "geometry" : {"type":"Polygon","coordinates":[[[-77.668258617,39.050717324],[-77.668258617,39.08558978],[-77.623342852,39.08558978],[-77.623342852,39.050717324],[-77.668258617,39.050717324]]]}, "properties" : {"grid_id" : 256, "lisa_cluster" : "High-High"}}, {"type" : "Feature", "geometry" : {"type":"Polygon","coordinates":[[[-77.713174381,39.050717324],[-77.713174381,39.08558978],[-77.668258617,39.08558978],[-77.668258617,39.050717324],[-77.713174381,39.050717324]]]}, "properties" : {"grid_id" : 257, "lisa_cluster" : "High-Low"}}, {"type" : "Feature", "geometry" : {"type":"Polygon","coordinates":[[[-77.713174381,39.050717324],[-77.713174381,39.08558978],[-77.668258617,39.08558978],[-77.668258617,39.050717324],[-77.713174381,39.050717324]]]}, "properties" : {"grid_id" : 258, "lisa_cluster" : "High-Low"}}, {"type" : "Feature", "geometry" : {"type":"Polygon","coordinates":[[[-77.437005313,38.740294728],[-77.437005313,38.775320003],[-77.392089549,38.775320003],[-77.392089549,38.740294728],[-77.437005313,38.740294728]]]}, "properties" : {"grid_id" : 259, "lisa_cluster" : "Low-Low"}}, {"type" : "Feature", "geometry" : {"type":"Polygon","coordinates":[[[-77.437005313,38.740294728],[-77.437005313,38.775320003],[-77.392089549,38.775320003],[-77.392089549,38.740294728],[-77.437005313,38.740294728]]]}, "properties" : {"grid_id" : 260, "lisa_cluster" : "Low-Low"}}, {"type" : "Feature", "geometry" : {"type":"Polygon","coordinates":[[[-77.392089549,38.740294728],[-77.392089549,38.775320003],[-77.347173785,38.775320003],[-77.347173785,38.740294728],[-77.392089549,38.740294728]]]}, "properties" : {"grid_id" : 261, "lisa_cluster" : "High-Low"}}, {"type" : "Feature", "geometry" : {"type":"Polygon","coordinates":[[[-77.347173785,38.740294728],[-77.347173785,38.775320003],[-77.30225802,38.775320003],[-77.30225802,38.740294728],[-77.347173785,38.740294728]]]}, "properties" : {"grid_id" : 262, "lisa_cluster" : "Low-Low"}}, {"type" : "Feature", "geometry" : {"type":"Polygon","coordinates":[[[-77.392089549,38.740294728],[-77.392089549,38.775320003],[-77.347173785,38.775320003],[-77.347173785,38.740294728],[-77.392089549,38.740294728]]]}, "properties" : {"grid_id" : 263, "lisa_cluster" : "High-Low"}}, {"type" : "Feature", "geometry" : {"type":"Polygon","coordinates":[[[-77.347173785,38.740294728],[-77.347173785,38.775320003],[-77.30225802,38.775320003],[-77.30225802,38.740294728],[-77.347173785,38.740294728]]]}, "properties" : {"grid_id" : 264, "lisa_cluster" : "Low-Low"}}, {"type" : "Feature", "geometry" : {"type":"Polygon","coordinates":[[[-77.437005313,38.775320003],[-77.437005313,38.810328087],[-77.392089549,38.810328087],[-77.392089549,38.775320003],[-77.437005313,38.775320003]]]}, "properties" : {"grid_id" : 265, "lisa_cluster" : "Low-High"}}, {"type" : "Feature", "geometry" : {"type":"Polygon","coordinates":[[[-77.437005313,38.775320003],[-77.437005313,38.810328087],[-77.392089549,38.810328087],[-77.392089549,38.775320003],[-77.437005313,38.775320003]]]}, "properties" : {"grid_id" : 266, "lisa_cluster" : "Low-High"}}, {"type" : "Feature", "geometry" : {"type":"Polygon","coordinates":[[[-77.392089549,38.775320003],[-77.392089549,38.810328087],[-77.347173785,38.810328087],[-77.347173785,38.775320003],[-77.392089549,38.775320003]]]}, "properties" : {"grid_id" : 267, "lisa_cluster" : "High-High"}}, {"type" : "Feature", "geometry" : {"type":"Polygon","coordinates":[[[-77.347173785,38.775320003],[-77.347173785,38.810328087],[-77.30225802,38.810328087],[-77.30225802,38.775320003],[-77.347173785,38.775320003]]]}, "properties" : {"grid_id" : 268, "lisa_cluster" : "Low-Low"}}, {"type" : "Feature", "geometry" : {"type":"Polygon","coordinates":[[[-77.437005313,38.775320003],[-77.437005313,38.810328087],[-77.392089549,38.810328087],[-77.392089549,38.775320003],[-77.437005313,38.775320003]]]}, "properties" : {"grid_id" : 269, "lisa_cluster" : "Low-High"}}, {"type" : "Feature", "geometry" : {"type":"Polygon","coordinates":[[[-77.392089549,38.775320003],[-77.392089549,38.810328087],[-77.347173785,38.810328087],[-77.347173785,38.775320003],[-77.392089549,38.775320003]]]}, "properties" : {"grid_id" : 270, "lisa_cluster" : "High-High"}}, {"type" : "Feature", "geometry" : {"type":"Polygon","coordinates":[[[-77.347173785,38.775320003],[-77.347173785,38.810328087],[-77.30225802,38.810328087],[-77.30225802,38.775320003],[-77.347173785,38.775320003]]]}, "properties" : {"grid_id" : 271, "lisa_cluster" : "Low-Low"}}, {"type" : "Feature", "geometry" : {"type":"Polygon","coordinates":[[[-77.392089549,38.775320003],[-77.392089549,38.810328087],[-77.347173785,38.810328087],[-77.347173785,38.775320003],[-77.392089549,38.775320003]]]}, "properties" : {"grid_id" : 272, "lisa_cluster" : "High-High"}}, {"type" : "Feature", "geometry" : {"type":"Polygon","coordinates":[[[-77.347173785,38.775320003],[-77.347173785,38.810328087],[-77.30225802,38.810328087],[-77.30225802,38.775320003],[-77.347173785,38.775320003]]]}, "properties" : {"grid_id" : 273, "lisa_cluster" : "Low-Low"}}, {"type" : "Feature", "geometry" : {"type":"Polygon","coordinates":[[[-77.437005313,38.810328087],[-77.437005313,38.845318975],[-77.392089549,38.845318975],[-77.392089549,38.810328087],[-77.437005313,38.810328087]]]}, "properties" : {"grid_id" : 274, "lisa_cluster" : "Low-Low"}}, {"type" : "Feature", "geometry" : {"type":"Polygon","coordinates":[[[-77.392089549,38.810328087],[-77.392089549,38.845318975],[-77.347173785,38.845318975],[-77.347173785,38.810328087],[-77.392089549,38.810328087]]]}, "properties" : {"grid_id" : 275, "lisa_cluster" : "High-High"}}, {"type" : "Feature", "geometry" : {"type":"Polygon","coordinates":[[[-77.437005313,38.810328087],[-77.437005313,38.845318975],[-77.392089549,38.845318975],[-77.392089549,38.810328087],[-77.437005313,38.810328087]]]}, "properties" : {"grid_id" : 276, "lisa_cluster" : "Low-Low"}}, {"type" : "Feature", "geometry" : {"type":"Polygon","coordinates":[[[-77.437005313,38.810328087],[-77.437005313,38.845318975],[-77.392089549,38.845318975],[-77.392089549,38.810328087],[-77.437005313,38.810328087]]]}, "properties" : {"grid_id" : 277, "lisa_cluster" : "Low-Low"}}, {"type" : "Feature", "geometry" : {"type":"Polygon","coordinates":[[[-77.392089549,38.810328087],[-77.392089549,38.845318975],[-77.347173785,38.845318975],[-77.347173785,38.810328087],[-77.392089549,38.810328087]]]}, "properties" : {"grid_id" : 278, "lisa_cluster" : "High-High"}}, {"type" : "Feature", "geometry" : {"type":"Polygon","coordinates":[[[-77.347173785,38.810328087],[-77.347173785,38.845318975],[-77.30225802,38.845318975],[-77.30225802,38.810328087],[-77.347173785,38.810328087]]]}, "properties" : {"grid_id" : 279, "lisa_cluster" : "Low-Low"}}, {"type" : "Feature", "geometry" : {"type":"Polygon","coordinates":[[[-77.437005313,38.810328087],[-77.437005313,38.845318975],[-77.392089549,38.845318975],[-77.392089549,38.810328087],[-77.437005313,38.810328087]]]}, "properties" : {"grid_id" : 280, "lisa_cluster" : "Low-Low"}}, {"type" : "Feature", "geometry" : {"type":"Polygon","coordinates":[[[-77.530888243,39.043559366],[-77.530888243,39.078435357],[-77.485972479,39.078435357],[-77.485972479,39.043559366],[-77.530888243,39.043559366]]]}, "properties" : {"grid_id" : 281, "lisa_cluster" : "Not Significant"}}, {"type" : "Feature", "geometry" : {"type":"Polygon","coordinates":[[[-77.530888243,39.043559366],[-77.530888243,39.078435357],[-77.485972479,39.078435357],[-77.485972479,39.043559366],[-77.530888243,39.043559366]]]}, "properties" : {"grid_id" : 282, "lisa_cluster" : "Not Significant"}}, {"type" : "Feature", "geometry" : {"type":"Polygon","coordinates":[[[-77.530888243,39.043559366],[-77.530888243,39.078435357],[-77.485972479,39.078435357],[-77.485972479,39.043559366],[-77.530888243,39.043559366]]]}, "properties" : {"grid_id" : 283, "lisa_cluster" : "Not Significant"}}, {"type" : "Feature", "geometry" : {"type":"Polygon","coordinates":[[[-77.503911835,38.427362776],[-77.503911835,38.462541066],[-77.458996071,38.462541066],[-77.458996071,38.427362776],[-77.503911835,38.427362776]]]}, "properties" : {"grid_id" : 284, "lisa_cluster" : "Not Significant"}}, {"type" : "Feature", "geometry" : {"type":"Polygon","coordinates":[[[-77.503911835,38.427362776],[-77.503911835,38.462541066],[-77.458996071,38.462541066],[-77.458996071,38.427362776],[-77.503911835,38.427362776]]]}, "properties" : {"grid_id" : 285, "lisa_cluster" : "Not Significant"}}, {"type" : "Feature", "geometry" : {"type":"Polygon","coordinates":[[[-77.674645638,38.495459438],[-77.674645638,38.53060452],[-77.629729874,38.53060452],[-77.629729874,38.495459438],[-77.674645638,38.495459438]]]}, "properties" : {"grid_id" : 286, "lisa_cluster" : "Low-Low"}}, {"type" : "Feature", "geometry" : {"type":"Polygon","coordinates":[[[-77.629729874,38.495459438],[-77.629729874,38.53060452],[-77.58481411,38.53060452],[-77.58481411,38.495459438],[-77.629729874,38.495459438]]]}, "properties" : {"grid_id" : 287, "lisa_cluster" : "Low-Low"}}, {"type" : "Feature", "geometry" : {"type":"Polygon","coordinates":[[[-77.58481411,38.495459438],[-77.58481411,38.53060452],[-77.539898346,38.53060452],[-77.539898346,38.495459438],[-77.58481411,38.495459438]]]}, "properties" : {"grid_id" : 288, "lisa_cluster" : "High-High"}}, {"type" : "Feature", "geometry" : {"type":"Polygon","coordinates":[[[-77.58481411,38.495459438],[-77.58481411,38.53060452],[-77.539898346,38.53060452],[-77.539898346,38.495459438],[-77.58481411,38.495459438]]]}, "properties" : {"grid_id" : 289, "lisa_cluster" : "High-High"}}, {"type" : "Feature", "geometry" : {"type":"Polygon","coordinates":[[[-77.629729874,38.495459438],[-77.629729874,38.53060452],[-77.58481411,38.53060452],[-77.58481411,38.495459438],[-77.629729874,38.495459438]]]}, "properties" : {"grid_id" : 290, "lisa_cluster" : "Low-Low"}}, {"type" : "Feature", "geometry" : {"type":"Polygon","coordinates":[[[-77.58481411,38.495459438],[-77.58481411,38.53060452],[-77.539898346,38.53060452],[-77.539898346,38.495459438],[-77.58481411,38.495459438]]]}, "properties" : {"grid_id" : 291, "lisa_cluster" : "High-High"}}, {"type" : "Feature", "geometry" : {"type":"Polygon","coordinates":[[[-77.629729874,38.495459438],[-77.629729874,38.53060452],[-77.58481411,38.53060452],[-77.58481411,38.495459438],[-77.629729874,38.495459438]]]}, "properties" : {"grid_id" : 292, "lisa_cluster" : "Low-Low"}}, {"type" : "Feature", "geometry" : {"type":"Polygon","coordinates":[[[-77.58481411,38.495459438],[-77.58481411,38.53060452],[-77.539898346,38.53060452],[-77.539898346,38.495459438],[-77.58481411,38.495459438]]]}, "properties" : {"grid_id" : 293, "lisa_cluster" : "High-High"}}, {"type" : "Feature", "geometry" : {"type":"Polygon","coordinates":[[[-77.674645638,38.495459438],[-77.674645638,38.53060452],[-77.629729874,38.53060452],[-77.629729874,38.495459438],[-77.674645638,38.495459438]]]}, "properties" : {"grid_id" : 294, "lisa_cluster" : "Low-Low"}}, {"type" : "Feature", "geometry" : {"type":"Polygon","coordinates":[[[-77.629729874,38.495459438],[-77.629729874,38.53060452],[-77.58481411,38.53060452],[-77.58481411,38.495459438],[-77.629729874,38.495459438]]]}, "properties" : {"grid_id" : 295, "lisa_cluster" : "Low-Low"}}, {"type" : "Feature", "geometry" : {"type":"Polygon","coordinates":[[[-77.674645638,38.53060452],[-77.674645638,38.565732443],[-77.629729874,38.565732443],[-77.629729874,38.53060452],[-77.674645638,38.53060452]]]}, "properties" : {"grid_id" : 296, "lisa_cluster" : "Low-Low"}}, {"type" : "Feature", "geometry" : {"type":"Polygon","coordinates":[[[-77.629729874,38.53060452],[-77.629729874,38.565732443],[-77.58481411,38.565732443],[-77.58481411,38.53060452],[-77.629729874,38.53060452]]]}, "properties" : {"grid_id" : 297, "lisa_cluster" : "Low-Low"}}, {"type" : "Feature", "geometry" : {"type":"Polygon","coordinates":[[[-77.58481411,38.53060452],[-77.58481411,38.565732443],[-77.539898346,38.565732443],[-77.539898346,38.53060452],[-77.58481411,38.53060452]]]}, "properties" : {"grid_id" : 298, "lisa_cluster" : "Low-Low"}}, {"type" : "Feature", "geometry" : {"type":"Polygon","coordinates":[[[-77.674645638,38.53060452],[-77.674645638,38.565732443],[-77.629729874,38.565732443],[-77.629729874,38.53060452],[-77.674645638,38.53060452]]]}, "properties" : {"grid_id" : 299, "lisa_cluster" : "Low-Low"}}, {"type" : "Feature", "geometry" : {"type":"Polygon","coordinates":[[[-77.629729874,38.53060452],[-77.629729874,38.565732443],[-77.58481411,38.565732443],[-77.58481411,38.53060452],[-77.629729874,38.53060452]]]}, "properties" : {"grid_id" : 300, "lisa_cluster" : "Low-Low"}}, {"type" : "Feature", "geometry" : {"type":"Polygon","coordinates":[[[-77.58481411,38.53060452],[-77.58481411,38.565732443],[-77.539898346,38.565732443],[-77.539898346,38.53060452],[-77.58481411,38.53060452]]]}, "properties" : {"grid_id" : 301, "lisa_cluster" : "Low-Low"}}, {"type" : "Feature", "geometry" : {"type":"Polygon","coordinates":[[[-77.58481411,38.53060452],[-77.58481411,38.565732443],[-77.539898346,38.565732443],[-77.539898346,38.53060452],[-77.58481411,38.53060452]]]}, "properties" : {"grid_id" : 302, "lisa_cluster" : "Low-Low"}}, {"type" : "Feature", "geometry" : {"type":"Polygon","coordinates":[[[-77.67504988,38.527055645],[-77.67504988,38.562185302],[-77.630134116,38.562185302],[-77.630134116,38.527055645],[-77.67504988,38.527055645]]]}, "properties" : {"grid_id" : 303, "lisa_cluster" : "Low-High"}}, {"type" : "Feature", "geometry" : {"type":"Polygon","coordinates":[[[-77.630134116,38.527055645],[-77.630134116,38.562185302],[-77.585218352,38.562185302],[-77.585218352,38.527055645],[-77.630134116,38.527055645]]]}, "properties" : {"grid_id" : 304, "lisa_cluster" : "Low-Low"}}, {"type" : "Feature", "geometry" : {"type":"Polygon","coordinates":[[[-77.585218352,38.527055645],[-77.585218352,38.562185302],[-77.540302588,38.562185302],[-77.540302588,38.527055645],[-77.585218352,38.527055645]]]}, "properties" : {"grid_id" : 305, "lisa_cluster" : "Low-Low"}}, {"type" : "Feature", "geometry" : {"type":"Polygon","coordinates":[[[-77.67504988,38.527055645],[-77.67504988,38.562185302],[-77.630134116,38.562185302],[-77.630134116,38.527055645],[-77.67504988,38.527055645]]]}, "properties" : {"grid_id" : 306, "lisa_cluster" : "Low-High"}}, {"type" : "Feature", "geometry" : {"type":"Polygon","coordinates":[[[-77.630134116,38.527055645],[-77.630134116,38.562185302],[-77.585218352,38.562185302],[-77.585218352,38.527055645],[-77.630134116,38.527055645]]]}, "properties" : {"grid_id" : 307, "lisa_cluster" : "Low-Low"}}, {"type" : "Feature", "geometry" : {"type":"Polygon","coordinates":[[[-77.585218352,38.527055645],[-77.585218352,38.562185302],[-77.540302588,38.562185302],[-77.540302588,38.527055645],[-77.585218352,38.527055645]]]}, "properties" : {"grid_id" : 308, "lisa_cluster" : "Low-Low"}}, {"type" : "Feature", "geometry" : {"type":"Polygon","coordinates":[[[-77.540302588,38.527055645],[-77.540302588,38.562185302],[-77.495386823,38.562185302],[-77.495386823,38.527055645],[-77.540302588,38.527055645]]]}, "properties" : {"grid_id" : 309, "lisa_cluster" : "High-High"}}, {"type" : "Feature", "geometry" : {"type":"Polygon","coordinates":[[[-77.540302588,38.527055645],[-77.540302588,38.562185302],[-77.495386823,38.562185302],[-77.495386823,38.527055645],[-77.540302588,38.527055645]]]}, "properties" : {"grid_id" : 310, "lisa_cluster" : "High-High"}}, {"type" : "Feature", "geometry" : {"type":"Polygon","coordinates":[[[-77.540302588,38.527055645],[-77.540302588,38.562185302],[-77.495386823,38.562185302],[-77.495386823,38.527055645],[-77.540302588,38.527055645]]]}, "properties" : {"grid_id" : 311, "lisa_cluster" : "High-High"}}, {"type" : "Feature", "geometry" : {"type":"Polygon","coordinates":[[[-77.585218352,38.527055645],[-77.585218352,38.562185302],[-77.540302588,38.562185302],[-77.540302588,38.527055645],[-77.585218352,38.527055645]]]}, "properties" : {"grid_id" : 312, "lisa_cluster" : "Low-Low"}}, {"type" : "Feature", "geometry" : {"type":"Polygon","coordinates":[[[-77.540302588,38.527055645],[-77.540302588,38.562185302],[-77.495386823,38.562185302],[-77.495386823,38.527055645],[-77.540302588,38.527055645]]]}, "properties" : {"grid_id" : 313, "lisa_cluster" : "High-High"}}, {"type" : "Feature", "geometry" : {"type":"Polygon","coordinates":[[[-77.67504988,38.562185302],[-77.67504988,38.597297796],[-77.630134116,38.597297796],[-77.630134116,38.562185302],[-77.67504988,38.562185302]]]}, "properties" : {"grid_id" : 314, "lisa_cluster" : "Low-Low"}}, {"type" : "Feature", "geometry" : {"type":"Polygon","coordinates":[[[-77.67504988,38.562185302],[-77.67504988,38.597297796],[-77.630134116,38.597297796],[-77.630134116,38.562185302],[-77.67504988,38.562185302]]]}, "properties" : {"grid_id" : 315, "lisa_cluster" : "Low-Low"}}, {"type" : "Feature", "geometry" : {"type":"Polygon","coordinates":[[[-77.630134116,38.562185302],[-77.630134116,38.597297796],[-77.585218352,38.597297796],[-77.585218352,38.562185302],[-77.630134116,38.562185302]]]}, "properties" : {"grid_id" : 316, "lisa_cluster" : "Low-Low"}}, {"type" : "Feature", "geometry" : {"type":"Polygon","coordinates":[[[-77.585218352,38.562185302],[-77.585218352,38.597297796],[-77.540302588,38.597297796],[-77.540302588,38.562185302],[-77.585218352,38.562185302]]]}, "properties" : {"grid_id" : 317, "lisa_cluster" : "Low-Low"}}, {"type" : "Feature", "geometry" : {"type":"Polygon","coordinates":[[[-77.540302588,38.562185302],[-77.540302588,38.597297796],[-77.495386823,38.597297796],[-77.495386823,38.562185302],[-77.540302588,38.562185302]]]}, "properties" : {"grid_id" : 318, "lisa_cluster" : "Low-Low"}}, {"type" : "Feature", "geometry" : {"type":"Polygon","coordinates":[[[-77.540302588,38.562185302],[-77.540302588,38.597297796],[-77.495386823,38.597297796],[-77.495386823,38.562185302],[-77.540302588,38.562185302]]]}, "properties" : {"grid_id" : 319, "lisa_cluster" : "Low-Low"}}, {"type" : "Feature", "geometry" : {"type":"Polygon","coordinates":[[[-77.585218352,38.562185302],[-77.585218352,38.597297796],[-77.540302588,38.597297796],[-77.540302588,38.562185302],[-77.585218352,38.562185302]]]}, "properties" : {"grid_id" : 320, "lisa_cluster" : "Low-Low"}}, {"type" : "Feature", "geometry" : {"type":"Polygon","coordinates":[[[-77.540302588,38.562185302],[-77.540302588,38.597297796],[-77.495386823,38.597297796],[-77.495386823,38.562185302],[-77.540302588,38.562185302]]]}, "properties" : {"grid_id" : 321, "lisa_cluster" : "Low-Low"}}, {"type" : "Feature", "geometry" : {"type":"Polygon","coordinates":[[[-77.630134116,38.597297796],[-77.630134116,38.632393122],[-77.585218352,38.632393122],[-77.585218352,38.597297796],[-77.630134116,38.597297796]]]}, "properties" : {"grid_id" : 322, "lisa_cluster" : "Low-Low"}}, {"type" : "Feature", "geometry" : {"type":"Polygon","coordinates":[[[-77.585218352,38.597297796],[-77.585218352,38.632393122],[-77.540302588,38.632393122],[-77.540302588,38.597297796],[-77.585218352,38.597297796]]]}, "properties" : {"grid_id" : 323, "lisa_cluster" : "High-High"}}, {"type" : "Feature", "geometry" : {"type":"Polygon","coordinates":[[[-77.585218352,38.597297796],[-77.585218352,38.632393122],[-77.540302588,38.632393122],[-77.540302588,38.597297796],[-77.585218352,38.597297796]]]}, "properties" : {"grid_id" : 324, "lisa_cluster" : "High-High"}}, {"type" : "Feature", "geometry" : {"type":"Polygon","coordinates":[[[-77.540302588,38.597297796],[-77.540302588,38.632393122],[-77.495386823,38.632393122],[-77.495386823,38.597297796],[-77.540302588,38.597297796]]]}, "properties" : {"grid_id" : 325, "lisa_cluster" : "High-High"}}, {"type" : "Feature", "geometry" : {"type":"Polygon","coordinates":[[[-77.630134116,38.632393122],[-77.630134116,38.667471276],[-77.585218352,38.667471276],[-77.585218352,38.632393122],[-77.630134116,38.632393122]]]}, "properties" : {"grid_id" : 326, "lisa_cluster" : "Low-Low"}}, {"type" : "Feature", "geometry" : {"type":"Polygon","coordinates":[[[-77.585218352,38.632393122],[-77.585218352,38.667471276],[-77.540302588,38.667471276],[-77.540302588,38.632393122],[-77.585218352,38.632393122]]]}, "properties" : {"grid_id" : 327, "lisa_cluster" : "Low-Low"}}, {"type" : "Feature", "geometry" : {"type":"Polygon","coordinates":[[[-77.540302588,38.632393122],[-77.540302588,38.667471276],[-77.495386823,38.667471276],[-77.495386823,38.632393122],[-77.540302588,38.632393122]]]}, "properties" : {"grid_id" : 328, "lisa_cluster" : "High-High"}}, {"type" : "Feature", "geometry" : {"type":"Polygon","coordinates":[[[-77.719965644,38.667471276],[-77.719965644,38.702532253],[-77.67504988,38.702532253],[-77.67504988,38.667471276],[-77.719965644,38.667471276]]]}, "properties" : {"grid_id" : 329, "lisa_cluster" : "High-Low"}}, {"type" : "Feature", "geometry" : {"type":"Polygon","coordinates":[[[-77.67504988,38.667471276],[-77.67504988,38.702532253],[-77.630134116,38.702532253],[-77.630134116,38.667471276],[-77.67504988,38.667471276]]]}, "properties" : {"grid_id" : 330, "lisa_cluster" : "Low-Low"}}, {"type" : "Feature", "geometry" : {"type":"Polygon","coordinates":[[[-77.630134116,38.667471276],[-77.630134116,38.702532253],[-77.585218352,38.702532253],[-77.585218352,38.667471276],[-77.630134116,38.667471276]]]}, "properties" : {"grid_id" : 331, "lisa_cluster" : "Low-Low"}}, {"type" : "Feature", "geometry" : {"type":"Polygon","coordinates":[[[-77.719965644,38.667471276],[-77.719965644,38.702532253],[-77.67504988,38.702532253],[-77.67504988,38.667471276],[-77.719965644,38.667471276]]]}, "properties" : {"grid_id" : 332, "lisa_cluster" : "High-Low"}}, {"type" : "Feature", "geometry" : {"type":"Polygon","coordinates":[[[-77.540302588,38.667471276],[-77.540302588,38.702532253],[-77.495386823,38.702532253],[-77.495386823,38.667471276],[-77.540302588,38.667471276]]]}, "properties" : {"grid_id" : 333, "lisa_cluster" : "Low-Low"}}, {"type" : "Feature", "geometry" : {"type":"Polygon","coordinates":[[[-77.630134116,38.667471276],[-77.630134116,38.702532253],[-77.585218352,38.702532253],[-77.585218352,38.667471276],[-77.630134116,38.667471276]]]}, "properties" : {"grid_id" : 334, "lisa_cluster" : "Low-Low"}}, {"type" : "Feature", "geometry" : {"type":"Polygon","coordinates":[[[-77.540302588,38.667471276],[-77.540302588,38.702532253],[-77.495386823,38.702532253],[-77.495386823,38.667471276],[-77.540302588,38.667471276]]]}, "properties" : {"grid_id" : 335, "lisa_cluster" : "Low-Low"}}, {"type" : "Feature", "geometry" : {"type":"Polygon","coordinates":[[[-77.719965644,38.702532253],[-77.719965644,38.737576048],[-77.67504988,38.737576048],[-77.67504988,38.702532253],[-77.719965644,38.702532253]]]}, "properties" : {"grid_id" : 336, "lisa_cluster" : "High-High"}}, {"type" : "Feature", "geometry" : {"type":"Polygon","coordinates":[[[-77.67504988,38.702532253],[-77.67504988,38.737576048],[-77.630134116,38.737576048],[-77.630134116,38.702532253],[-77.67504988,38.702532253]]]}, "properties" : {"grid_id" : 337, "lisa_cluster" : "Low-Low"}}, {"type" : "Feature", "geometry" : {"type":"Polygon","coordinates":[[[-77.630134116,38.702532253],[-77.630134116,38.737576048],[-77.585218352,38.737576048],[-77.585218352,38.702532253],[-77.630134116,38.702532253]]]}, "properties" : {"grid_id" : 338, "lisa_cluster" : "Low-Low"}}, {"type" : "Feature", "geometry" : {"type":"Polygon","coordinates":[[[-77.719965644,38.702532253],[-77.719965644,38.737576048],[-77.67504988,38.737576048],[-77.67504988,38.702532253],[-77.719965644,38.702532253]]]}, "properties" : {"grid_id" : 339, "lisa_cluster" : "High-High"}}, {"type" : "Feature", "geometry" : {"type":"Polygon","coordinates":[[[-77.630134116,38.702532253],[-77.630134116,38.737576048],[-77.585218352,38.737576048],[-77.585218352,38.702532253],[-77.630134116,38.702532253]]]}, "properties" : {"grid_id" : 340, "lisa_cluster" : "Low-Low"}}, {"type" : "Feature", "geometry" : {"type":"Polygon","coordinates":[[[-77.585218352,38.702532253],[-77.585218352,38.737576048],[-77.540302588,38.737576048],[-77.540302588,38.702532253],[-77.585218352,38.702532253]]]}, "properties" : {"grid_id" : 341, "lisa_cluster" : "High-High"}}, {"type" : "Feature", "geometry" : {"type":"Polygon","coordinates":[[[-77.540302588,38.702532253],[-77.540302588,38.737576048],[-77.495386823,38.737576048],[-77.495386823,38.702532253],[-77.540302588,38.702532253]]]}, "properties" : {"grid_id" : 342, "lisa_cluster" : "Low-Low"}}, {"type" : "Feature", "geometry" : {"type":"Polygon","coordinates":[[[-77.719965644,38.702532253],[-77.719965644,38.737576048],[-77.67504988,38.737576048],[-77.67504988,38.702532253],[-77.719965644,38.702532253]]]}, "properties" : {"grid_id" : 343, "lisa_cluster" : "High-High"}}, {"type" : "Feature", "geometry" : {"type":"Polygon","coordinates":[[[-77.67504988,38.702532253],[-77.67504988,38.737576048],[-77.630134116,38.737576048],[-77.630134116,38.702532253],[-77.67504988,38.702532253]]]}, "properties" : {"grid_id" : 344, "lisa_cluster" : "Low-Low"}}, {"type" : "Feature", "geometry" : {"type":"Polygon","coordinates":[[[-77.630134116,38.702532253],[-77.630134116,38.737576048],[-77.585218352,38.737576048],[-77.585218352,38.702532253],[-77.630134116,38.702532253]]]}, "properties" : {"grid_id" : 345, "lisa_cluster" : "Low-Low"}}, {"type" : "Feature", "geometry" : {"type":"Polygon","coordinates":[[[-77.585218352,38.702532253],[-77.585218352,38.737576048],[-77.540302588,38.737576048],[-77.540302588,38.702532253],[-77.585218352,38.702532253]]]}, "properties" : {"grid_id" : 346, "lisa_cluster" : "High-High"}}, {"type" : "Feature", "geometry" : {"type":"Polygon","coordinates":[[[-77.540302588,38.702532253],[-77.540302588,38.737576048],[-77.495386823,38.737576048],[-77.495386823,38.702532253],[-77.540302588,38.702532253]]]}, "properties" : {"grid_id" : 347, "lisa_cluster" : "Low-Low"}}, {"type" : "Feature", "geometry" : {"type":"Polygon","coordinates":[[[-77.71038062,39.035744782],[-77.71038062,39.070624632],[-77.665464856,39.070624632],[-77.665464856,39.035744782],[-77.71038062,39.035744782]]]}, "properties" : {"grid_id" : 348, "lisa_cluster" : "High-Low"}}, {"type" : "Feature", "geometry" : {"type":"Polygon","coordinates":[[[-77.665464856,39.035744782],[-77.665464856,39.070624632],[-77.620549092,39.070624632],[-77.620549092,39.035744782],[-77.665464856,39.035744782]]]}, "properties" : {"grid_id" : 349, "lisa_cluster" : "High-High"}}, {"type" : "Feature", "geometry" : {"type":"Polygon","coordinates":[[[-77.800212149,39.035744782],[-77.800212149,39.070624632],[-77.755296384,39.070624632],[-77.755296384,39.035744782],[-77.800212149,39.035744782]]]}, "properties" : {"grid_id" : 350, "lisa_cluster" : "High-High"}}, {"type" : "Feature", "geometry" : {"type":"Polygon","coordinates":[[[-77.755296384,39.035744782],[-77.755296384,39.070624632],[-77.71038062,39.070624632],[-77.71038062,39.035744782],[-77.755296384,39.035744782]]]}, "properties" : {"grid_id" : 351, "lisa_cluster" : "Low-Low"}}, {"type" : "Feature", "geometry" : {"type":"Polygon","coordinates":[[[-77.71038062,39.035744782],[-77.71038062,39.070624632],[-77.665464856,39.070624632],[-77.665464856,39.035744782],[-77.71038062,39.035744782]]]}, "properties" : {"grid_id" : 352, "lisa_cluster" : "High-Low"}}, {"type" : "Feature", "geometry" : {"type":"Polygon","coordinates":[[[-77.665464856,39.035744782],[-77.665464856,39.070624632],[-77.620549092,39.070624632],[-77.620549092,39.035744782],[-77.665464856,39.035744782]]]}, "properties" : {"grid_id" : 353, "lisa_cluster" : "High-High"}}, {"type" : "Feature", "geometry" : {"type":"Polygon","coordinates":[[[-77.800212149,39.035744782],[-77.800212149,39.070624632],[-77.755296384,39.070624632],[-77.755296384,39.035744782],[-77.800212149,39.035744782]]]}, "properties" : {"grid_id" : 354, "lisa_cluster" : "High-High"}}, {"type" : "Feature", "geometry" : {"type":"Polygon","coordinates":[[[-77.755296384,39.035744782],[-77.755296384,39.070624632],[-77.71038062,39.070624632],[-77.71038062,39.035744782],[-77.755296384,39.035744782]]]}, "properties" : {"grid_id" : 355, "lisa_cluster" : "Low-Low"}}, {"type" : "Feature", "geometry" : {"type":"Polygon","coordinates":[[[-77.71038062,39.035744782],[-77.71038062,39.070624632],[-77.665464856,39.070624632],[-77.665464856,39.035744782],[-77.71038062,39.035744782]]]}, "properties" : {"grid_id" : 356, "lisa_cluster" : "High-Low"}}, {"type" : "Feature", "geometry" : {"type":"Polygon","coordinates":[[[-77.71038062,39.070624632],[-77.71038062,39.105487253],[-77.665464856,39.105487253],[-77.665464856,39.070624632],[-77.71038062,39.070624632]]]}, "properties" : {"grid_id" : 357, "lisa_cluster" : "High-Low"}}, {"type" : "Feature", "geometry" : {"type":"Polygon","coordinates":[[[-77.665464856,39.070624632],[-77.665464856,39.105487253],[-77.620549092,39.105487253],[-77.620549092,39.070624632],[-77.665464856,39.070624632]]]}, "properties" : {"grid_id" : 358, "lisa_cluster" : "High-High"}}, {"type" : "Feature", "geometry" : {"type":"Polygon","coordinates":[[[-77.800212149,39.070624632],[-77.800212149,39.105487253],[-77.755296384,39.105487253],[-77.755296384,39.070624632],[-77.800212149,39.070624632]]]}, "properties" : {"grid_id" : 359, "lisa_cluster" : "High-High"}}, {"type" : "Feature", "geometry" : {"type":"Polygon","coordinates":[[[-77.800212149,39.070624632],[-77.800212149,39.105487253],[-77.755296384,39.105487253],[-77.755296384,39.070624632],[-77.800212149,39.070624632]]]}, "properties" : {"grid_id" : 360, "lisa_cluster" : "High-High"}}, {"type" : "Feature", "geometry" : {"type":"Polygon","coordinates":[[[-77.755296384,39.070624632],[-77.755296384,39.105487253],[-77.71038062,39.105487253],[-77.71038062,39.070624632],[-77.755296384,39.070624632]]]}, "properties" : {"grid_id" : 361, "lisa_cluster" : "Low-Low"}}, {"type" : "Feature", "geometry" : {"type":"Polygon","coordinates":[[[-77.71038062,39.070624632],[-77.71038062,39.105487253],[-77.665464856,39.105487253],[-77.665464856,39.070624632],[-77.71038062,39.070624632]]]}, "properties" : {"grid_id" : 362, "lisa_cluster" : "High-Low"}}, {"type" : "Feature", "geometry" : {"type":"Polygon","coordinates":[[[-77.71038062,39.105487253],[-77.71038062,39.140332639],[-77.665464856,39.140332639],[-77.665464856,39.105487253],[-77.71038062,39.105487253]]]}, "properties" : {"grid_id" : 363, "lisa_cluster" : "Low-Low"}}, {"type" : "Feature", "geometry" : {"type":"Polygon","coordinates":[[[-77.665464856,39.105487253],[-77.665464856,39.140332639],[-77.620549092,39.140332639],[-77.620549092,39.105487253],[-77.665464856,39.105487253]]]}, "properties" : {"grid_id" : 364, "lisa_cluster" : "High-High"}}, {"type" : "Feature", "geometry" : {"type":"Polygon","coordinates":[[[-77.800212149,39.105487253],[-77.800212149,39.140332639],[-77.755296384,39.140332639],[-77.755296384,39.105487253],[-77.800212149,39.105487253]]]}, "properties" : {"grid_id" : 365, "lisa_cluster" : "Low-Low"}}, {"type" : "Feature", "geometry" : {"type":"Polygon","coordinates":[[[-77.71038062,39.105487253],[-77.71038062,39.140332639],[-77.665464856,39.140332639],[-77.665464856,39.105487253],[-77.71038062,39.105487253]]]}, "properties" : {"grid_id" : 366, "lisa_cluster" : "Low-Low"}}, {"type" : "Feature", "geometry" : {"type":"Polygon","coordinates":[[[-77.665464856,39.105487253],[-77.665464856,39.140332639],[-77.620549092,39.140332639],[-77.620549092,39.105487253],[-77.665464856,39.105487253]]]}, "properties" : {"grid_id" : 367, "lisa_cluster" : "High-High"}}, {"type" : "Feature", "geometry" : {"type":"Polygon","coordinates":[[[-77.800212149,39.140332639],[-77.800212149,39.175160788],[-77.755296384,39.175160788],[-77.755296384,39.140332639],[-77.800212149,39.140332639]]]}, "properties" : {"grid_id" : 368, "lisa_cluster" : "High-High"}}, {"type" : "Feature", "geometry" : {"type":"Polygon","coordinates":[[[-77.755296384,39.140332639],[-77.755296384,39.175160788],[-77.71038062,39.175160788],[-77.71038062,39.140332639],[-77.755296384,39.140332639]]]}, "properties" : {"grid_id" : 369, "lisa_cluster" : "Low-Low"}}, {"type" : "Feature", "geometry" : {"type":"Polygon","coordinates":[[[-77.665464856,39.140332639],[-77.665464856,39.175160788],[-77.620549092,39.175160788],[-77.620549092,39.140332639],[-77.665464856,39.140332639]]]}, "properties" : {"grid_id" : 370, "lisa_cluster" : "Low-High"}}, {"type" : "Feature", "geometry" : {"type":"Polygon","coordinates":[[[-77.800212149,39.140332639],[-77.800212149,39.175160788],[-77.755296384,39.175160788],[-77.755296384,39.140332639],[-77.800212149,39.140332639]]]}, "properties" : {"grid_id" : 371, "lisa_cluster" : "High-High"}}, {"type" : "Feature", "geometry" : {"type":"Polygon","coordinates":[[[-77.755296384,39.140332639],[-77.755296384,39.175160788],[-77.71038062,39.175160788],[-77.71038062,39.140332639],[-77.755296384,39.140332639]]]}, "properties" : {"grid_id" : 372, "lisa_cluster" : "Low-Low"}}, {"type" : "Feature", "geometry" : {"type":"Polygon","coordinates":[[[-77.71038062,39.140332639],[-77.71038062,39.175160788],[-77.665464856,39.175160788],[-77.665464856,39.140332639],[-77.71038062,39.140332639]]]}, "properties" : {"grid_id" : 373, "lisa_cluster" : "High-High"}}, {"type" : "Feature", "geometry" : {"type":"Polygon","coordinates":[[[-77.71038062,39.140332639],[-77.71038062,39.175160788],[-77.665464856,39.175160788],[-77.665464856,39.140332639],[-77.71038062,39.140332639]]]}, "properties" : {"grid_id" : 374, "lisa_cluster" : "High-High"}}, {"type" : "Feature", "geometry" : {"type":"Polygon","coordinates":[[[-77.665464856,39.140332639],[-77.665464856,39.175160788],[-77.620549092,39.175160788],[-77.620549092,39.140332639],[-77.665464856,39.140332639]]]}, "properties" : {"grid_id" : 375, "lisa_cluster" : "Low-High"}}, {"type" : "Feature", "geometry" : {"type":"Polygon","coordinates":[[[-77.665464856,39.140332639],[-77.665464856,39.175160788],[-77.620549092,39.175160788],[-77.620549092,39.140332639],[-77.665464856,39.140332639]]]}, "properties" : {"grid_id" : 376, "lisa_cluster" : "Low-High"}}, {"type" : "Feature", "geometry" : {"type":"Polygon","coordinates":[[[-77.800212149,39.175160788],[-77.800212149,39.209971693],[-77.755296384,39.209971693],[-77.755296384,39.175160788],[-77.800212149,39.175160788]]]}, "properties" : {"grid_id" : 377, "lisa_cluster" : "High-High"}}, {"type" : "Feature", "geometry" : {"type":"Polygon","coordinates":[[[-77.71038062,39.175160788],[-77.71038062,39.209971693],[-77.665464856,39.209971693],[-77.665464856,39.175160788],[-77.71038062,39.175160788]]]}, "properties" : {"grid_id" : 378, "lisa_cluster" : "Low-High"}}, {"type" : "Feature", "geometry" : {"type":"Polygon","coordinates":[[[-77.665464856,39.175160788],[-77.665464856,39.209971693],[-77.620549092,39.209971693],[-77.620549092,39.175160788],[-77.665464856,39.175160788]]]}, "properties" : {"grid_id" : 379, "lisa_cluster" : "High-High"}}, {"type" : "Feature", "geometry" : {"type":"Polygon","coordinates":[[[-77.800212149,39.175160788],[-77.800212149,39.209971693],[-77.755296384,39.209971693],[-77.755296384,39.175160788],[-77.800212149,39.175160788]]]}, "properties" : {"grid_id" : 380, "lisa_cluster" : "High-High"}}, {"type" : "Feature", "geometry" : {"type":"Polygon","coordinates":[[[-77.755296384,39.175160788],[-77.755296384,39.209971693],[-77.71038062,39.209971693],[-77.71038062,39.175160788],[-77.755296384,39.175160788]]]}, "properties" : {"grid_id" : 381, "lisa_cluster" : "Low-High"}}, {"type" : "Feature", "geometry" : {"type":"Polygon","coordinates":[[[-77.71038062,39.175160788],[-77.71038062,39.209971693],[-77.665464856,39.209971693],[-77.665464856,39.175160788],[-77.71038062,39.175160788]]]}, "properties" : {"grid_id" : 382, "lisa_cluster" : "Low-High"}}, {"type" : "Feature", "geometry" : {"type":"Polygon","coordinates":[[[-77.665464856,39.175160788],[-77.665464856,39.209971693],[-77.620549092,39.209971693],[-77.620549092,39.175160788],[-77.665464856,39.175160788]]]}, "properties" : {"grid_id" : 383, "lisa_cluster" : "High-High"}}, {"type" : "Feature", "geometry" : {"type":"Polygon","coordinates":[[[-77.71038062,39.175160788],[-77.71038062,39.209971693],[-77.665464856,39.209971693],[-77.665464856,39.175160788],[-77.71038062,39.175160788]]]}, "properties" : {"grid_id" : 384, "lisa_cluster" : "Low-High"}}, {"type" : "Feature", "geometry" : {"type":"Polygon","coordinates":[[[-77.665464856,39.175160788],[-77.665464856,39.209971693],[-77.620549092,39.209971693],[-77.620549092,39.175160788],[-77.665464856,39.175160788]]]}, "properties" : {"grid_id" : 385, "lisa_cluster" : "High-High"}}, {"type" : "Feature", "geometry" : {"type":"Polygon","coordinates":[[[-77.665464856,39.175160788],[-77.665464856,39.209971693],[-77.620549092,39.209971693],[-77.620549092,39.175160788],[-77.665464856,39.175160788]]]}, "properties" : {"grid_id" : 386, "lisa_cluster" : "High-High"}}, {"type" : "Feature", "geometry" : {"type":"Polygon","coordinates":[[[-77.800212149,39.175160788],[-77.800212149,39.209971693],[-77.755296384,39.209971693],[-77.755296384,39.175160788],[-77.800212149,39.175160788]]]}, "properties" : {"grid_id" : 387, "lisa_cluster" : "High-High"}}, {"type" : "Feature", "geometry" : {"type":"Polygon","coordinates":[[[-77.665464856,39.209971693],[-77.665464856,39.244765352],[-77.620549092,39.244765352],[-77.620549092,39.209971693],[-77.665464856,39.209971693]]]}, "properties" : {"grid_id" : 388, "lisa_cluster" : "Low-Low"}}, {"type" : "Feature", "geometry" : {"type":"Polygon","coordinates":[[[-77.800212149,39.209971693],[-77.800212149,39.244765352],[-77.755296384,39.244765352],[-77.755296384,39.209971693],[-77.800212149,39.209971693]]]}, "properties" : {"grid_id" : 389, "lisa_cluster" : "Low-Low"}}, {"type" : "Feature", "geometry" : {"type":"Polygon","coordinates":[[[-77.755296384,39.209971693],[-77.755296384,39.244765352],[-77.71038062,39.244765352],[-77.71038062,39.209971693],[-77.755296384,39.209971693]]]}, "properties" : {"grid_id" : 390, "lisa_cluster" : "Low-Low"}}, {"type" : "Feature", "geometry" : {"type":"Polygon","coordinates":[[[-77.71038062,39.209971693],[-77.71038062,39.244765352],[-77.665464856,39.244765352],[-77.665464856,39.209971693],[-77.71038062,39.209971693]]]}, "properties" : {"grid_id" : 391, "lisa_cluster" : "Low-High"}}, {"type" : "Feature", "geometry" : {"type":"Polygon","coordinates":[[[-77.665464856,39.209971693],[-77.665464856,39.244765352],[-77.620549092,39.244765352],[-77.620549092,39.209971693],[-77.665464856,39.209971693]]]}, "properties" : {"grid_id" : 392, "lisa_cluster" : "Low-Low"}}, {"type" : "Feature", "geometry" : {"type":"Polygon","coordinates":[[[-77.71038062,39.209971693],[-77.71038062,39.244765352],[-77.665464856,39.244765352],[-77.665464856,39.209971693],[-77.71038062,39.209971693]]]}, "properties" : {"grid_id" : 393, "lisa_cluster" : "Low-High"}}, {"type" : "Feature", "geometry" : {"type":"Polygon","coordinates":[[[-77.665464856,39.209971693],[-77.665464856,39.244765352],[-77.620549092,39.244765352],[-77.620549092,39.209971693],[-77.665464856,39.209971693]]]}, "properties" : {"grid_id" : 394, "lisa_cluster" : "Low-Low"}}, {"type" : "Feature", "geometry" : {"type":"Polygon","coordinates":[[[-77.800212149,39.209971693],[-77.800212149,39.244765352],[-77.755296384,39.244765352],[-77.755296384,39.209971693],[-77.800212149,39.209971693]]]}, "properties" : {"grid_id" : 395, "lisa_cluster" : "Low-Low"}}, {"type" : "Feature", "geometry" : {"type":"Polygon","coordinates":[[[-77.591290963,38.82688092],[-77.591290963,38.861863673],[-77.546375199,38.861863673],[-77.546375199,38.82688092],[-77.591290963,38.82688092]]]}, "properties" : {"grid_id" : 396, "lisa_cluster" : "Low-Low"}}, {"type" : "Feature", "geometry" : {"type":"Polygon","coordinates":[[[-77.546375199,38.82688092],[-77.546375199,38.861863673],[-77.501459435,38.861863673],[-77.501459435,38.82688092],[-77.546375199,38.82688092]]]}, "properties" : {"grid_id" : 397, "lisa_cluster" : "High-High"}}, {"type" : "Feature", "geometry" : {"type":"Polygon","coordinates":[[[-77.591290963,38.82688092],[-77.591290963,38.861863673],[-77.546375199,38.861863673],[-77.546375199,38.82688092],[-77.591290963,38.82688092]]]}, "properties" : {"grid_id" : 398, "lisa_cluster" : "Low-Low"}}, {"type" : "Feature", "geometry" : {"type":"Polygon","coordinates":[[[-77.591290963,38.82688092],[-77.591290963,38.861863673],[-77.546375199,38.861863673],[-77.546375199,38.82688092],[-77.591290963,38.82688092]]]}, "properties" : {"grid_id" : 399, "lisa_cluster" : "Low-Low"}}, {"type" : "Feature", "geometry" : {"type":"Polygon","coordinates":[[[-77.546375199,38.82688092],[-77.546375199,38.861863673],[-77.501459435,38.861863673],[-77.501459435,38.82688092],[-77.546375199,38.82688092]]]}, "properties" : {"grid_id" : 400, "lisa_cluster" : "High-High"}}, {"type" : "Feature", "geometry" : {"type":"Polygon","coordinates":[[[-77.591290963,38.82688092],[-77.591290963,38.861863673],[-77.546375199,38.861863673],[-77.546375199,38.82688092],[-77.591290963,38.82688092]]]}, "properties" : {"grid_id" : 401, "lisa_cluster" : "Low-Low"}}, {"type" : "Feature", "geometry" : {"type":"Polygon","coordinates":[[[-77.546375199,38.82688092],[-77.546375199,38.861863673],[-77.501459435,38.861863673],[-77.501459435,38.82688092],[-77.546375199,38.82688092]]]}, "properties" : {"grid_id" : 402, "lisa_cluster" : "High-High"}}, {"type" : "Feature", "geometry" : {"type":"Polygon","coordinates":[[[-77.546375199,38.82688092],[-77.546375199,38.861863673],[-77.501459435,38.861863673],[-77.501459435,38.82688092],[-77.546375199,38.82688092]]]}, "properties" : {"grid_id" : 403, "lisa_cluster" : "High-High"}}, {"type" : "Feature", "geometry" : {"type":"Polygon","coordinates":[[[-77.591290963,38.861863673],[-77.591290963,38.896829222],[-77.546375199,38.896829222],[-77.546375199,38.861863673],[-77.591290963,38.861863673]]]}, "properties" : {"grid_id" : 404, "lisa_cluster" : "Low-Low"}}, {"type" : "Feature", "geometry" : {"type":"Polygon","coordinates":[[[-77.591290963,38.861863673],[-77.591290963,38.896829222],[-77.546375199,38.896829222],[-77.546375199,38.861863673],[-77.591290963,38.861863673]]]}, "properties" : {"grid_id" : 405, "lisa_cluster" : "Low-Low"}}, {"type" : "Feature", "geometry" : {"type":"Polygon","coordinates":[[[-77.591290963,38.861863673],[-77.591290963,38.896829222],[-77.546375199,38.896829222],[-77.546375199,38.861863673],[-77.591290963,38.861863673]]]}, "properties" : {"grid_id" : 406, "lisa_cluster" : "Low-Low"}}, {"type" : "Feature", "geometry" : {"type":"Polygon","coordinates":[[[-77.546375199,38.861863673],[-77.546375199,38.896829222],[-77.501459435,38.896829222],[-77.501459435,38.861863673],[-77.546375199,38.861863673]]]}, "properties" : {"grid_id" : 407, "lisa_cluster" : "High-High"}}, {"type" : "Feature", "geometry" : {"type":"Polygon","coordinates":[[[-77.591290963,38.861863673],[-77.591290963,38.896829222],[-77.546375199,38.896829222],[-77.546375199,38.861863673],[-77.591290963,38.861863673]]]}, "properties" : {"grid_id" : 408, "lisa_cluster" : "Low-Low"}}, {"type" : "Feature", "geometry" : {"type":"Polygon","coordinates":[[[-77.546375199,38.861863673],[-77.546375199,38.896829222],[-77.501459435,38.896829222],[-77.501459435,38.861863673],[-77.546375199,38.861863673]]]}, "properties" : {"grid_id" : 409, "lisa_cluster" : "High-High"}}, {"type" : "Feature", "geometry" : {"type":"Polygon","coordinates":[[[-77.591290963,38.861863673],[-77.591290963,38.896829222],[-77.546375199,38.896829222],[-77.546375199,38.861863673],[-77.591290963,38.861863673]]]}, "properties" : {"grid_id" : 410, "lisa_cluster" : "Low-Low"}}, {"type" : "Feature", "geometry" : {"type":"Polygon","coordinates":[[[-77.546375199,38.861863673],[-77.546375199,38.896829222],[-77.501459435,38.896829222],[-77.501459435,38.861863673],[-77.546375199,38.861863673]]]}, "properties" : {"grid_id" : 411, "lisa_cluster" : "High-High"}}, {"type" : "Feature", "geometry" : {"type":"Polygon","coordinates":[[[-77.681041643,39.106323744],[-77.681041643,39.141168717],[-77.636125879,39.141168717],[-77.636125879,39.106323744],[-77.681041643,39.106323744]]]}, "properties" : {"grid_id" : 412, "lisa_cluster" : "Low-Low"}}, {"type" : "Feature", "geometry" : {"type":"Polygon","coordinates":[[[-77.636125879,39.106323744],[-77.636125879,39.141168717],[-77.591210115,39.141168717],[-77.591210115,39.106323744],[-77.636125879,39.106323744]]]}, "properties" : {"grid_id" : 413, "lisa_cluster" : "High-High"}}, {"type" : "Feature", "geometry" : {"type":"Polygon","coordinates":[[[-77.681041643,39.106323744],[-77.681041643,39.141168717],[-77.636125879,39.141168717],[-77.636125879,39.106323744],[-77.681041643,39.106323744]]]}, "properties" : {"grid_id" : 414, "lisa_cluster" : "Low-Low"}}, {"type" : "Feature", "geometry" : {"type":"Polygon","coordinates":[[[-77.636125879,39.106323744],[-77.636125879,39.141168717],[-77.591210115,39.141168717],[-77.591210115,39.106323744],[-77.636125879,39.106323744]]]}, "properties" : {"grid_id" : 415, "lisa_cluster" : "High-High"}}, {"type" : "Feature", "geometry" : {"type":"Polygon","coordinates":[[[-77.681041643,39.141168717],[-77.681041643,39.175996451],[-77.636125879,39.175996451],[-77.636125879,39.141168717],[-77.681041643,39.141168717]]]}, "properties" : {"grid_id" : 416, "lisa_cluster" : "High-High"}}, {"type" : "Feature", "geometry" : {"type":"Polygon","coordinates":[[[-77.636125879,39.141168717],[-77.636125879,39.175996451],[-77.591210115,39.175996451],[-77.591210115,39.141168717],[-77.636125879,39.141168717]]]}, "properties" : {"grid_id" : 417, "lisa_cluster" : "Low-Low"}}, {"type" : "Feature", "geometry" : {"type":"Polygon","coordinates":[[[-77.681041643,39.141168717],[-77.681041643,39.175996451],[-77.636125879,39.175996451],[-77.636125879,39.141168717],[-77.681041643,39.141168717]]]}, "properties" : {"grid_id" : 418, "lisa_cluster" : "High-High"}}, {"type" : "Feature", "geometry" : {"type":"Polygon","coordinates":[[[-77.681041643,39.141168717],[-77.681041643,39.175996451],[-77.636125879,39.175996451],[-77.636125879,39.141168717],[-77.681041643,39.141168717]]]}, "properties" : {"grid_id" : 419, "lisa_cluster" : "High-High"}}, {"type" : "Feature", "geometry" : {"type":"Polygon","coordinates":[[[-77.636125879,39.141168717],[-77.636125879,39.175996451],[-77.591210115,39.175996451],[-77.591210115,39.141168717],[-77.636125879,39.141168717]]]}, "properties" : {"grid_id" : 420, "lisa_cluster" : "Low-Low"}}, {"type" : "Feature", "geometry" : {"type":"Polygon","coordinates":[[[-77.636125879,39.141168717],[-77.636125879,39.175996451],[-77.591210115,39.175996451],[-77.591210115,39.141168717],[-77.636125879,39.141168717]]]}, "properties" : {"grid_id" : 421, "lisa_cluster" : "Low-Low"}}, {"type" : "Feature", "geometry" : {"type":"Polygon","coordinates":[[[-77.681041643,39.175996451],[-77.681041643,39.210806943],[-77.636125879,39.210806943],[-77.636125879,39.175996451],[-77.681041643,39.175996451]]]}, "properties" : {"grid_id" : 422, "lisa_cluster" : "High-High"}}, {"type" : "Feature", "geometry" : {"type":"Polygon","coordinates":[[[-77.636125879,39.175996451],[-77.636125879,39.210806943],[-77.591210115,39.210806943],[-77.591210115,39.175996451],[-77.636125879,39.175996451]]]}, "properties" : {"grid_id" : 423, "lisa_cluster" : "Low-Low"}}, {"type" : "Feature", "geometry" : {"type":"Polygon","coordinates":[[[-77.681041643,39.175996451],[-77.681041643,39.210806943],[-77.636125879,39.210806943],[-77.636125879,39.175996451],[-77.681041643,39.175996451]]]}, "properties" : {"grid_id" : 424, "lisa_cluster" : "High-High"}}, {"type" : "Feature", "geometry" : {"type":"Polygon","coordinates":[[[-77.681041643,39.175996451],[-77.681041643,39.210806943],[-77.636125879,39.210806943],[-77.636125879,39.175996451],[-77.681041643,39.175996451]]]}, "properties" : {"grid_id" : 425, "lisa_cluster" : "High-High"}}, {"type" : "Feature", "geometry" : {"type":"Polygon","coordinates":[[[-77.681041643,39.175996451],[-77.681041643,39.210806943],[-77.636125879,39.210806943],[-77.636125879,39.175996451],[-77.681041643,39.175996451]]]}, "properties" : {"grid_id" : 426, "lisa_cluster" : "High-High"}}, {"type" : "Feature", "geometry" : {"type":"Polygon","coordinates":[[[-77.703445626,38.745752796],[-77.703445626,38.780775393],[-77.658529862,38.780775393],[-77.658529862,38.745752796],[-77.703445626,38.745752796]]]}, "properties" : {"grid_id" : 427, "lisa_cluster" : "Low-Low"}}, {"type" : "Feature", "geometry" : {"type":"Polygon","coordinates":[[[-77.658529862,38.745752796],[-77.658529862,38.780775393],[-77.613614098,38.780775393],[-77.613614098,38.745752796],[-77.658529862,38.745752796]]]}, "properties" : {"grid_id" : 428, "lisa_cluster" : "Low-Low"}}, {"type" : "Feature", "geometry" : {"type":"Polygon","coordinates":[[[-77.613614098,38.745752796],[-77.613614098,38.780775393],[-77.568698334,38.780775393],[-77.568698334,38.745752796],[-77.613614098,38.745752796]]]}, "properties" : {"grid_id" : 429, "lisa_cluster" : "High-High"}}, {"type" : "Feature", "geometry" : {"type":"Polygon","coordinates":[[[-77.703445626,38.745752796],[-77.703445626,38.780775393],[-77.658529862,38.780775393],[-77.658529862,38.745752796],[-77.703445626,38.745752796]]]}, "properties" : {"grid_id" : 430, "lisa_cluster" : "Low-Low"}}, {"type" : "Feature", "geometry" : {"type":"Polygon","coordinates":[[[-77.658529862,38.745752796],[-77.658529862,38.780775393],[-77.613614098,38.780775393],[-77.613614098,38.745752796],[-77.658529862,38.745752796]]]}, "properties" : {"grid_id" : 431, "lisa_cluster" : "Low-Low"}}, {"type" : "Feature", "geometry" : {"type":"Polygon","coordinates":[[[-77.568698334,38.745752796],[-77.568698334,38.780775393],[-77.523782569,38.780775393],[-77.523782569,38.745752796],[-77.568698334,38.745752796]]]}, "properties" : {"grid_id" : 432, "lisa_cluster" : "Low-Low"}}, {"type" : "Feature", "geometry" : {"type":"Polygon","coordinates":[[[-77.613614098,38.745752796],[-77.613614098,38.780775393],[-77.568698334,38.780775393],[-77.568698334,38.745752796],[-77.613614098,38.745752796]]]}, "properties" : {"grid_id" : 433, "lisa_cluster" : "High-High"}}, {"type" : "Feature", "geometry" : {"type":"Polygon","coordinates":[[[-77.568698334,38.745752796],[-77.568698334,38.780775393],[-77.523782569,38.780775393],[-77.523782569,38.745752796],[-77.568698334,38.745752796]]]}, "properties" : {"grid_id" : 434, "lisa_cluster" : "Low-Low"}}, {"type" : "Feature", "geometry" : {"type":"Polygon","coordinates":[[[-77.568698334,38.745752796],[-77.568698334,38.780775393],[-77.523782569,38.780775393],[-77.523782569,38.745752796],[-77.568698334,38.745752796]]]}, "properties" : {"grid_id" : 435, "lisa_cluster" : "Low-Low"}}, {"type" : "Feature", "geometry" : {"type":"Polygon","coordinates":[[[-77.703445626,38.745752796],[-77.703445626,38.780775393],[-77.658529862,38.780775393],[-77.658529862,38.745752796],[-77.703445626,38.745752796]]]}, "properties" : {"grid_id" : 436, "lisa_cluster" : "Low-Low"}}, {"type" : "Feature", "geometry" : {"type":"Polygon","coordinates":[[[-77.658529862,38.745752796],[-77.658529862,38.780775393],[-77.613614098,38.780775393],[-77.613614098,38.745752796],[-77.658529862,38.745752796]]]}, "properties" : {"grid_id" : 437, "lisa_cluster" : "Low-Low"}}, {"type" : "Feature", "geometry" : {"type":"Polygon","coordinates":[[[-77.613614098,38.745752796],[-77.613614098,38.780775393],[-77.568698334,38.780775393],[-77.568698334,38.745752796],[-77.613614098,38.745752796]]]}, "properties" : {"grid_id" : 438, "lisa_cluster" : "High-High"}}, {"type" : "Feature", "geometry" : {"type":"Polygon","coordinates":[[[-77.703445626,38.780775393],[-77.703445626,38.815780798],[-77.658529862,38.815780798],[-77.658529862,38.780775393],[-77.703445626,38.780775393]]]}, "properties" : {"grid_id" : 439, "lisa_cluster" : "High-High"}}, {"type" : "Feature", "geometry" : {"type":"Polygon","coordinates":[[[-77.703445626,38.780775393],[-77.703445626,38.815780798],[-77.658529862,38.815780798],[-77.658529862,38.780775393],[-77.703445626,38.780775393]]]}, "properties" : {"grid_id" : 440, "lisa_cluster" : "High-High"}}, {"type" : "Feature", "geometry" : {"type":"Polygon","coordinates":[[[-77.658529862,38.780775393],[-77.658529862,38.815780798],[-77.613614098,38.815780798],[-77.613614098,38.780775393],[-77.658529862,38.780775393]]]}, "properties" : {"grid_id" : 441, "lisa_cluster" : "Low-Low"}}, {"type" : "Feature", "geometry" : {"type":"Polygon","coordinates":[[[-77.613614098,38.780775393],[-77.613614098,38.815780798],[-77.568698334,38.815780798],[-77.568698334,38.780775393],[-77.613614098,38.780775393]]]}, "properties" : {"grid_id" : 442, "lisa_cluster" : "Low-High"}}, {"type" : "Feature", "geometry" : {"type":"Polygon","coordinates":[[[-77.568698334,38.780775393],[-77.568698334,38.815780798],[-77.523782569,38.815780798],[-77.523782569,38.780775393],[-77.568698334,38.780775393]]]}, "properties" : {"grid_id" : 443, "lisa_cluster" : "Low-Low"}}, {"type" : "Feature", "geometry" : {"type":"Polygon","coordinates":[[[-77.703445626,38.780775393],[-77.703445626,38.815780798],[-77.658529862,38.815780798],[-77.658529862,38.780775393],[-77.703445626,38.780775393]]]}, "properties" : {"grid_id" : 444, "lisa_cluster" : "High-High"}}, {"type" : "Feature", "geometry" : {"type":"Polygon","coordinates":[[[-77.613614098,38.780775393],[-77.613614098,38.815780798],[-77.568698334,38.815780798],[-77.568698334,38.780775393],[-77.613614098,38.780775393]]]}, "properties" : {"grid_id" : 445, "lisa_cluster" : "Low-High"}}, {"type" : "Feature", "geometry" : {"type":"Polygon","coordinates":[[[-77.568698334,38.780775393],[-77.568698334,38.815780798],[-77.523782569,38.815780798],[-77.523782569,38.780775393],[-77.568698334,38.780775393]]]}, "properties" : {"grid_id" : 446, "lisa_cluster" : "Low-Low"}}, {"type" : "Feature", "geometry" : {"type":"Polygon","coordinates":[[[-77.613614098,38.780775393],[-77.613614098,38.815780798],[-77.568698334,38.815780798],[-77.568698334,38.780775393],[-77.613614098,38.780775393]]]}, "properties" : {"grid_id" : 447, "lisa_cluster" : "Low-High"}}, {"type" : "Feature", "geometry" : {"type":"Polygon","coordinates":[[[-77.568698334,38.780775393],[-77.568698334,38.815780798],[-77.523782569,38.815780798],[-77.523782569,38.780775393],[-77.568698334,38.780775393]]]}, "properties" : {"grid_id" : 448, "lisa_cluster" : "Low-Low"}}, {"type" : "Feature", "geometry" : {"type":"Polygon","coordinates":[[[-77.703445626,38.780775393],[-77.703445626,38.815780798],[-77.658529862,38.815780798],[-77.658529862,38.780775393],[-77.703445626,38.780775393]]]}, "properties" : {"grid_id" : 449, "lisa_cluster" : "High-High"}}, {"type" : "Feature", "geometry" : {"type":"Polygon","coordinates":[[[-77.658529862,38.780775393],[-77.658529862,38.815780798],[-77.613614098,38.815780798],[-77.613614098,38.780775393],[-77.658529862,38.780775393]]]}, "properties" : {"grid_id" : 450, "lisa_cluster" : "Low-Low"}}, {"type" : "Feature", "geometry" : {"type":"Polygon","coordinates":[[[-77.703445626,38.815780798],[-77.703445626,38.850769006],[-77.658529862,38.850769006],[-77.658529862,38.815780798],[-77.703445626,38.815780798]]]}, "properties" : {"grid_id" : 451, "lisa_cluster" : "Low-High"}}, {"type" : "Feature", "geometry" : {"type":"Polygon","coordinates":[[[-77.613614098,38.815780798],[-77.613614098,38.850769006],[-77.568698334,38.850769006],[-77.568698334,38.815780798],[-77.613614098,38.815780798]]]}, "properties" : {"grid_id" : 452, "lisa_cluster" : "Low-High"}}, {"type" : "Feature", "geometry" : {"type":"Polygon","coordinates":[[[-77.568698334,38.815780798],[-77.568698334,38.850769006],[-77.523782569,38.850769006],[-77.523782569,38.815780798],[-77.568698334,38.815780798]]]}, "properties" : {"grid_id" : 453, "lisa_cluster" : "Low-Low"}}, {"type" : "Feature", "geometry" : {"type":"Polygon","coordinates":[[[-77.703445626,38.815780798],[-77.703445626,38.850769006],[-77.658529862,38.850769006],[-77.658529862,38.815780798],[-77.703445626,38.815780798]]]}, "properties" : {"grid_id" : 454, "lisa_cluster" : "Low-High"}}, {"type" : "Feature", "geometry" : {"type":"Polygon","coordinates":[[[-77.658529862,38.815780798],[-77.658529862,38.850769006],[-77.613614098,38.850769006],[-77.613614098,38.815780798],[-77.658529862,38.815780798]]]}, "properties" : {"grid_id" : 455, "lisa_cluster" : "High-Low"}}, {"type" : "Feature", "geometry" : {"type":"Polygon","coordinates":[[[-77.613614098,38.815780798],[-77.613614098,38.850769006],[-77.568698334,38.850769006],[-77.568698334,38.815780798],[-77.613614098,38.815780798]]]}, "properties" : {"grid_id" : 456, "lisa_cluster" : "Low-High"}}, {"type" : "Feature", "geometry" : {"type":"Polygon","coordinates":[[[-77.568698334,38.815780798],[-77.568698334,38.850769006],[-77.523782569,38.850769006],[-77.523782569,38.815780798],[-77.568698334,38.815780798]]]}, "properties" : {"grid_id" : 457, "lisa_cluster" : "Low-Low"}}, {"type" : "Feature", "geometry" : {"type":"Polygon","coordinates":[[[-77.568698334,38.815780798],[-77.568698334,38.850769006],[-77.523782569,38.850769006],[-77.523782569,38.815780798],[-77.568698334,38.815780798]]]}, "properties" : {"grid_id" : 458, "lisa_cluster" : "Low-Low"}}, {"type" : "Feature", "geometry" : {"type":"Polygon","coordinates":[[[-77.613614098,38.815780798],[-77.613614098,38.850769006],[-77.568698334,38.850769006],[-77.568698334,38.815780798],[-77.613614098,38.815780798]]]}, "properties" : {"grid_id" : 459, "lisa_cluster" : "Low-High"}}, {"type" : "Feature", "geometry" : {"type":"Polygon","coordinates":[[[-77.568698334,38.815780798],[-77.568698334,38.850769006],[-77.523782569,38.850769006],[-77.523782569,38.815780798],[-77.568698334,38.815780798]]]}, "properties" : {"grid_id" : 460, "lisa_cluster" : "Low-Low"}}, {"type" : "Feature", "geometry" : {"type":"Polygon","coordinates":[[[-77.703445626,38.815780798],[-77.703445626,38.850769006],[-77.658529862,38.850769006],[-77.658529862,38.815780798],[-77.703445626,38.815780798]]]}, "properties" : {"grid_id" : 461, "lisa_cluster" : "Low-High"}}, {"type" : "Feature", "geometry" : {"type":"Polygon","coordinates":[[[-77.658529862,38.815780798],[-77.658529862,38.850769006],[-77.613614098,38.850769006],[-77.613614098,38.815780798],[-77.658529862,38.815780798]]]}, "properties" : {"grid_id" : 462, "lisa_cluster" : "High-Low"}}, {"type" : "Feature", "geometry" : {"type":"Polygon","coordinates":[[[-77.613614098,38.815780798],[-77.613614098,38.850769006],[-77.568698334,38.850769006],[-77.568698334,38.815780798],[-77.613614098,38.815780798]]]}, "properties" : {"grid_id" : 463, "lisa_cluster" : "Low-High"}}, {"type" : "Feature", "geometry" : {"type":"Polygon","coordinates":[[[-77.703445626,38.815780798],[-77.703445626,38.850769006],[-77.658529862,38.850769006],[-77.658529862,38.815780798],[-77.703445626,38.815780798]]]}, "properties" : {"grid_id" : 464, "lisa_cluster" : "Low-High"}}, {"type" : "Feature", "geometry" : {"type":"Polygon","coordinates":[[[-77.568698334,38.815780798],[-77.568698334,38.850769006],[-77.523782569,38.850769006],[-77.523782569,38.815780798],[-77.568698334,38.815780798]]]}, "properties" : {"grid_id" : 465, "lisa_cluster" : "Low-Low"}}, {"type" : "Feature", "geometry" : {"type":"Polygon","coordinates":[[[-77.613614098,38.850769006],[-77.613614098,38.885740013],[-77.568698334,38.885740013],[-77.568698334,38.850769006],[-77.613614098,38.850769006]]]}, "properties" : {"grid_id" : 466, "lisa_cluster" : "Low-Low"}}, {"type" : "Feature", "geometry" : {"type":"Polygon","coordinates":[[[-77.568698334,38.850769006],[-77.568698334,38.885740013],[-77.523782569,38.885740013],[-77.523782569,38.850769006],[-77.568698334,38.850769006]]]}, "properties" : {"grid_id" : 467, "lisa_cluster" : "High-High"}}, {"type" : "Feature", "geometry" : {"type":"Polygon","coordinates":[[[-77.658529862,38.850769006],[-77.658529862,38.885740013],[-77.613614098,38.885740013],[-77.613614098,38.850769006],[-77.658529862,38.850769006]]]}, "properties" : {"grid_id" : 468, "lisa_cluster" : "High-Low"}}, {"type" : "Feature", "geometry" : {"type":"Polygon","coordinates":[[[-77.613614098,38.850769006],[-77.613614098,38.885740013],[-77.568698334,38.885740013],[-77.568698334,38.850769006],[-77.613614098,38.850769006]]]}, "properties" : {"grid_id" : 469, "lisa_cluster" : "Low-Low"}}, {"type" : "Feature", "geometry" : {"type":"Polygon","coordinates":[[[-77.568698334,38.850769006],[-77.568698334,38.885740013],[-77.523782569,38.885740013],[-77.523782569,38.850769006],[-77.568698334,38.850769006]]]}, "properties" : {"grid_id" : 470, "lisa_cluster" : "High-High"}}, {"type" : "Feature", "geometry" : {"type":"Polygon","coordinates":[[[-77.703445626,38.850769006],[-77.703445626,38.885740013],[-77.658529862,38.885740013],[-77.658529862,38.850769006],[-77.703445626,38.850769006]]]}, "properties" : {"grid_id" : 471, "lisa_cluster" : "High-Low"}}, {"type" : "Feature", "geometry" : {"type":"Polygon","coordinates":[[[-77.658529862,38.850769006],[-77.658529862,38.885740013],[-77.613614098,38.885740013],[-77.613614098,38.850769006],[-77.658529862,38.850769006]]]}, "properties" : {"grid_id" : 472, "lisa_cluster" : "High-Low"}}, {"type" : "Feature", "geometry" : {"type":"Polygon","coordinates":[[[-77.613614098,38.850769006],[-77.613614098,38.885740013],[-77.568698334,38.885740013],[-77.568698334,38.850769006],[-77.613614098,38.850769006]]]}, "properties" : {"grid_id" : 473, "lisa_cluster" : "Low-Low"}}, {"type" : "Feature", "geometry" : {"type":"Polygon","coordinates":[[[-77.703445626,38.850769006],[-77.703445626,38.885740013],[-77.658529862,38.885740013],[-77.658529862,38.850769006],[-77.703445626,38.850769006]]]}, "properties" : {"grid_id" : 474, "lisa_cluster" : "High-Low"}}, {"type" : "Feature", "geometry" : {"type":"Polygon","coordinates":[[[-77.568698334,38.850769006],[-77.568698334,38.885740013],[-77.523782569,38.885740013],[-77.523782569,38.850769006],[-77.568698334,38.850769006]]]}, "properties" : {"grid_id" : 475, "lisa_cluster" : "High-High"}}, {"type" : "Feature", "geometry" : {"type":"Polygon","coordinates":[[[-77.484975349,38.489328379],[-77.484975349,38.524476453],[-77.440059585,38.524476453],[-77.440059585,38.489328379],[-77.484975349,38.489328379]]]}, "properties" : {"grid_id" : 476, "lisa_cluster" : "High-High"}}, {"type" : "Feature", "geometry" : {"type":"Polygon","coordinates":[[[-77.440059585,38.489328379],[-77.440059585,38.524476453],[-77.395143821,38.524476453],[-77.395143821,38.489328379],[-77.440059585,38.489328379]]]}, "properties" : {"grid_id" : 477, "lisa_cluster" : "Low-Low"}}, {"type" : "Feature", "geometry" : {"type":"Polygon","coordinates":[[[-77.395143821,38.489328379],[-77.395143821,38.524476453],[-77.350228057,38.524476453],[-77.350228057,38.489328379],[-77.395143821,38.489328379]]]}, "properties" : {"grid_id" : 478, "lisa_cluster" : "Low-Low"}}, {"type" : "Feature", "geometry" : {"type":"Polygon","coordinates":[[[-77.529891113,38.489328379],[-77.529891113,38.524476453],[-77.484975349,38.524476453],[-77.484975349,38.489328379],[-77.529891113,38.489328379]]]}, "properties" : {"grid_id" : 479, "lisa_cluster" : "High-High"}}, {"type" : "Feature", "geometry" : {"type":"Polygon","coordinates":[[[-77.484975349,38.489328379],[-77.484975349,38.524476453],[-77.440059585,38.524476453],[-77.440059585,38.489328379],[-77.484975349,38.489328379]]]}, "properties" : {"grid_id" : 480, "lisa_cluster" : "High-High"}}, {"type" : "Feature", "geometry" : {"type":"Polygon","coordinates":[[[-77.440059585,38.489328379],[-77.440059585,38.524476453],[-77.395143821,38.524476453],[-77.395143821,38.489328379],[-77.440059585,38.489328379]]]}, "properties" : {"grid_id" : 481, "lisa_cluster" : "Low-Low"}}, {"type" : "Feature", "geometry" : {"type":"Polygon","coordinates":[[[-77.440059585,38.524476453],[-77.440059585,38.559607369],[-77.395143821,38.559607369],[-77.395143821,38.524476453],[-77.440059585,38.524476453]]]}, "properties" : {"grid_id" : 482, "lisa_cluster" : "Low-Low"}}, {"type" : "Feature", "geometry" : {"type":"Polygon","coordinates":[[[-77.395143821,38.524476453],[-77.395143821,38.559607369],[-77.350228057,38.559607369],[-77.350228057,38.524476453],[-77.395143821,38.524476453]]]}, "properties" : {"grid_id" : 483, "lisa_cluster" : "Low-Low"}}, {"type" : "Feature", "geometry" : {"type":"Polygon","coordinates":[[[-77.529891113,38.524476453],[-77.529891113,38.559607369],[-77.484975349,38.559607369],[-77.484975349,38.524476453],[-77.529891113,38.524476453]]]}, "properties" : {"grid_id" : 484, "lisa_cluster" : "High-High"}}, {"type" : "Feature", "geometry" : {"type":"Polygon","coordinates":[[[-77.484975349,38.524476453],[-77.484975349,38.559607369],[-77.440059585,38.559607369],[-77.440059585,38.524476453],[-77.484975349,38.524476453]]]}, "properties" : {"grid_id" : 485, "lisa_cluster" : "Low-Low"}}, {"type" : "Feature", "geometry" : {"type":"Polygon","coordinates":[[[-77.440059585,38.524476453],[-77.440059585,38.559607369],[-77.395143821,38.559607369],[-77.395143821,38.524476453],[-77.440059585,38.524476453]]]}, "properties" : {"grid_id" : 486, "lisa_cluster" : "Low-Low"}}, {"type" : "Feature", "geometry" : {"type":"Polygon","coordinates":[[[-77.395143821,38.524476453],[-77.395143821,38.559607369],[-77.350228057,38.559607369],[-77.350228057,38.524476453],[-77.395143821,38.524476453]]]}, "properties" : {"grid_id" : 487, "lisa_cluster" : "Low-Low"}}, {"type" : "Feature", "geometry" : {"type":"Polygon","coordinates":[[[-77.529891113,38.524476453],[-77.529891113,38.559607369],[-77.484975349,38.559607369],[-77.484975349,38.524476453],[-77.529891113,38.524476453]]]}, "properties" : {"grid_id" : 488, "lisa_cluster" : "High-High"}}, {"type" : "Feature", "geometry" : {"type":"Polygon","coordinates":[[[-77.529891113,38.524476453],[-77.529891113,38.559607369],[-77.484975349,38.559607369],[-77.484975349,38.524476453],[-77.529891113,38.524476453]]]}, "properties" : {"grid_id" : 489, "lisa_cluster" : "High-High"}}, {"type" : "Feature", "geometry" : {"type":"Polygon","coordinates":[[[-77.484975349,38.524476453],[-77.484975349,38.559607369],[-77.440059585,38.559607369],[-77.440059585,38.524476453],[-77.484975349,38.524476453]]]}, "properties" : {"grid_id" : 490, "lisa_cluster" : "Low-Low"}}, {"type" : "Feature", "geometry" : {"type":"Polygon","coordinates":[[[-77.484975349,38.559607369],[-77.484975349,38.594721122],[-77.440059585,38.594721122],[-77.440059585,38.559607369],[-77.484975349,38.559607369]]]}, "properties" : {"grid_id" : 491, "lisa_cluster" : "Low-Low"}}, {"type" : "Feature", "geometry" : {"type":"Polygon","coordinates":[[[-77.440059585,38.559607369],[-77.440059585,38.594721122],[-77.395143821,38.594721122],[-77.395143821,38.559607369],[-77.440059585,38.559607369]]]}, "properties" : {"grid_id" : 492, "lisa_cluster" : "High-High"}}, {"type" : "Feature", "geometry" : {"type":"Polygon","coordinates":[[[-77.395143821,38.559607369],[-77.395143821,38.594721122],[-77.350228057,38.594721122],[-77.350228057,38.559607369],[-77.395143821,38.559607369]]]}, "properties" : {"grid_id" : 493, "lisa_cluster" : "High-High"}}, {"type" : "Feature", "geometry" : {"type":"Polygon","coordinates":[[[-77.529891113,38.559607369],[-77.529891113,38.594721122],[-77.484975349,38.594721122],[-77.484975349,38.559607369],[-77.529891113,38.559607369]]]}, "properties" : {"grid_id" : 494, "lisa_cluster" : "Low-Low"}}, {"type" : "Feature", "geometry" : {"type":"Polygon","coordinates":[[[-77.484975349,38.559607369],[-77.484975349,38.594721122],[-77.440059585,38.594721122],[-77.440059585,38.559607369],[-77.484975349,38.559607369]]]}, "properties" : {"grid_id" : 495, "lisa_cluster" : "Low-Low"}}, {"type" : "Feature", "geometry" : {"type":"Polygon","coordinates":[[[-77.440059585,38.559607369],[-77.440059585,38.594721122],[-77.395143821,38.594721122],[-77.395143821,38.559607369],[-77.440059585,38.559607369]]]}, "properties" : {"grid_id" : 496, "lisa_cluster" : "High-High"}}, {"type" : "Feature", "geometry" : {"type":"Polygon","coordinates":[[[-77.395143821,38.559607369],[-77.395143821,38.594721122],[-77.350228057,38.594721122],[-77.350228057,38.559607369],[-77.395143821,38.559607369]]]}, "properties" : {"grid_id" : 497, "lisa_cluster" : "High-High"}}, {"type" : "Feature", "geometry" : {"type":"Polygon","coordinates":[[[-77.529891113,38.559607369],[-77.529891113,38.594721122],[-77.484975349,38.594721122],[-77.484975349,38.559607369],[-77.529891113,38.559607369]]]}, "properties" : {"grid_id" : 498, "lisa_cluster" : "Low-Low"}}, {"type" : "Feature", "geometry" : {"type":"Polygon","coordinates":[[[-77.484975349,38.559607369],[-77.484975349,38.594721122],[-77.440059585,38.594721122],[-77.440059585,38.559607369],[-77.484975349,38.559607369]]]}, "properties" : {"grid_id" : 499, "lisa_cluster" : "Low-Low"}}, {"type" : "Feature", "geometry" : {"type":"Polygon","coordinates":[[[-77.395143821,38.559607369],[-77.395143821,38.594721122],[-77.350228057,38.594721122],[-77.350228057,38.559607369],[-77.395143821,38.559607369]]]}, "properties" : {"grid_id" : 500, "lisa_cluster" : "High-High"}}, {"type" : "Feature", "geometry" : {"type":"Polygon","coordinates":[[[-77.403641883,38.603061626],[-77.403641883,38.638154133],[-77.358726119,38.638154133],[-77.358726119,38.603061626],[-77.403641883,38.603061626]]]}, "properties" : {"grid_id" : 501, "lisa_cluster" : "High-Low"}}, {"type" : "Feature", "geometry" : {"type":"Polygon","coordinates":[[[-77.403641883,38.603061626],[-77.403641883,38.638154133],[-77.358726119,38.638154133],[-77.358726119,38.603061626],[-77.403641883,38.603061626]]]}, "properties" : {"grid_id" : 502, "lisa_cluster" : "High-Low"}}, {"type" : "Feature", "geometry" : {"type":"Polygon","coordinates":[[[-77.358726119,38.603061626],[-77.358726119,38.638154133],[-77.313810355,38.638154133],[-77.313810355,38.603061626],[-77.358726119,38.603061626]]]}, "properties" : {"grid_id" : 503, "lisa_cluster" : "High-High"}}, {"type" : "Feature", "geometry" : {"type":"Polygon","coordinates":[[[-77.313810355,38.603061626],[-77.313810355,38.638154133],[-77.268894591,38.638154133],[-77.268894591,38.603061626],[-77.313810355,38.603061626]]]}, "properties" : {"grid_id" : 504, "lisa_cluster" : "Low-Low"}}, {"type" : "Feature", "geometry" : {"type":"Polygon","coordinates":[[[-77.313810355,38.603061626],[-77.313810355,38.638154133],[-77.268894591,38.638154133],[-77.268894591,38.603061626],[-77.313810355,38.603061626]]]}, "properties" : {"grid_id" : 505, "lisa_cluster" : "Low-Low"}}, {"type" : "Feature", "geometry" : {"type":"Polygon","coordinates":[[[-77.403641883,38.603061626],[-77.403641883,38.638154133],[-77.358726119,38.638154133],[-77.358726119,38.603061626],[-77.403641883,38.603061626]]]}, "properties" : {"grid_id" : 506, "lisa_cluster" : "High-Low"}}, {"type" : "Feature", "geometry" : {"type":"Polygon","coordinates":[[[-77.358726119,38.603061626],[-77.358726119,38.638154133],[-77.313810355,38.638154133],[-77.313810355,38.603061626],[-77.358726119,38.603061626]]]}, "properties" : {"grid_id" : 507, "lisa_cluster" : "High-High"}}, {"type" : "Feature", "geometry" : {"type":"Polygon","coordinates":[[[-77.313810355,38.603061626],[-77.313810355,38.638154133],[-77.268894591,38.638154133],[-77.268894591,38.603061626],[-77.313810355,38.603061626]]]}, "properties" : {"grid_id" : 508, "lisa_cluster" : "Low-Low"}}, {"type" : "Feature", "geometry" : {"type":"Polygon","coordinates":[[[-77.403641883,38.638154133],[-77.403641883,38.673229467],[-77.358726119,38.673229467],[-77.358726119,38.638154133],[-77.403641883,38.638154133]]]}, "properties" : {"grid_id" : 509, "lisa_cluster" : "High-High"}}, {"type" : "Feature", "geometry" : {"type":"Polygon","coordinates":[[[-77.403641883,38.638154133],[-77.403641883,38.673229467],[-77.358726119,38.673229467],[-77.358726119,38.638154133],[-77.403641883,38.638154133]]]}, "properties" : {"grid_id" : 510, "lisa_cluster" : "High-High"}}, {"type" : "Feature", "geometry" : {"type":"Polygon","coordinates":[[[-77.358726119,38.638154133],[-77.358726119,38.673229467],[-77.313810355,38.673229467],[-77.313810355,38.638154133],[-77.358726119,38.638154133]]]}, "properties" : {"grid_id" : 511, "lisa_cluster" : "Low-Low"}}, {"type" : "Feature", "geometry" : {"type":"Polygon","coordinates":[[[-77.313810355,38.638154133],[-77.313810355,38.673229467],[-77.268894591,38.673229467],[-77.268894591,38.638154133],[-77.313810355,38.638154133]]]}, "properties" : {"grid_id" : 512, "lisa_cluster" : "Low-Low"}}, {"type" : "Feature", "geometry" : {"type":"Polygon","coordinates":[[[-77.313810355,38.638154133],[-77.313810355,38.673229467],[-77.268894591,38.673229467],[-77.268894591,38.638154133],[-77.313810355,38.638154133]]]}, "properties" : {"grid_id" : 513, "lisa_cluster" : "Low-Low"}}, {"type" : "Feature", "geometry" : {"type":"Polygon","coordinates":[[[-77.403641883,38.673229467],[-77.403641883,38.708287623],[-77.358726119,38.708287623],[-77.358726119,38.673229467],[-77.403641883,38.673229467]]]}, "properties" : {"grid_id" : 514, "lisa_cluster" : "Low-Low"}}, {"type" : "Feature", "geometry" : {"type":"Polygon","coordinates":[[[-77.403641883,38.673229467],[-77.403641883,38.708287623],[-77.358726119,38.708287623],[-77.358726119,38.673229467],[-77.403641883,38.673229467]]]}, "properties" : {"grid_id" : 515, "lisa_cluster" : "Low-Low"}}, {"type" : "Feature", "geometry" : {"type":"Polygon","coordinates":[[[-77.403641883,38.673229467],[-77.403641883,38.708287623],[-77.358726119,38.708287623],[-77.358726119,38.673229467],[-77.403641883,38.673229467]]]}, "properties" : {"grid_id" : 516, "lisa_cluster" : "Low-Low"}}, {"type" : "Feature", "geometry" : {"type":"Polygon","coordinates":[[[-77.552968833,38.846207519],[-77.552968833,38.881180769],[-77.508053069,38.881180769],[-77.508053069,38.846207519],[-77.552968833,38.846207519]]]}, "properties" : {"grid_id" : 517, "lisa_cluster" : "High-High"}}, {"type" : "Feature", "geometry" : {"type":"Polygon","coordinates":[[[-77.552968833,38.846207519],[-77.552968833,38.881180769],[-77.508053069,38.881180769],[-77.508053069,38.846207519],[-77.552968833,38.846207519]]]}, "properties" : {"grid_id" : 518, "lisa_cluster" : "High-High"}}, {"type" : "Feature", "geometry" : {"type":"Polygon","coordinates":[[[-77.552968833,38.846207519],[-77.552968833,38.881180769],[-77.508053069,38.881180769],[-77.508053069,38.846207519],[-77.552968833,38.846207519]]]}, "properties" : {"grid_id" : 519, "lisa_cluster" : "High-High"}}, {"type" : "Feature", "geometry" : {"type":"Polygon","coordinates":[[[-77.508053069,38.846207519],[-77.508053069,38.881180769],[-77.463137305,38.881180769],[-77.463137305,38.846207519],[-77.508053069,38.846207519]]]}, "properties" : {"grid_id" : 520, "lisa_cluster" : "Low-Low"}}, {"type" : "Feature", "geometry" : {"type":"Polygon","coordinates":[[[-77.552968833,38.846207519],[-77.552968833,38.881180769],[-77.508053069,38.881180769],[-77.508053069,38.846207519],[-77.552968833,38.846207519]]]}, "properties" : {"grid_id" : 521, "lisa_cluster" : "High-High"}}, {"type" : "Feature", "geometry" : {"type":"Polygon","coordinates":[[[-77.508053069,38.846207519],[-77.508053069,38.881180769],[-77.463137305,38.881180769],[-77.463137305,38.846207519],[-77.508053069,38.846207519]]]}, "properties" : {"grid_id" : 522, "lisa_cluster" : "Low-Low"}}, {"type" : "Feature", "geometry" : {"type":"Polygon","coordinates":[[[-77.552968833,38.881180769],[-77.552968833,38.916136814],[-77.508053069,38.916136814],[-77.508053069,38.881180769],[-77.552968833,38.881180769]]]}, "properties" : {"grid_id" : 523, "lisa_cluster" : "High-High"}}, {"type" : "Feature", "geometry" : {"type":"Polygon","coordinates":[[[-77.552968833,38.881180769],[-77.552968833,38.916136814],[-77.508053069,38.916136814],[-77.508053069,38.881180769],[-77.552968833,38.881180769]]]}, "properties" : {"grid_id" : 524, "lisa_cluster" : "High-High"}}, {"type" : "Feature", "geometry" : {"type":"Polygon","coordinates":[[[-77.508053069,38.881180769],[-77.508053069,38.916136814],[-77.463137305,38.916136814],[-77.463137305,38.881180769],[-77.508053069,38.881180769]]]}, "properties" : {"grid_id" : 525, "lisa_cluster" : "Low-High"}}, {"type" : "Feature", "geometry" : {"type":"Polygon","coordinates":[[[-77.552968833,38.881180769],[-77.552968833,38.916136814],[-77.508053069,38.916136814],[-77.508053069,38.881180769],[-77.552968833,38.881180769]]]}, "properties" : {"grid_id" : 526, "lisa_cluster" : "High-High"}}, {"type" : "Feature", "geometry" : {"type":"Polygon","coordinates":[[[-77.508053069,38.881180769],[-77.508053069,38.916136814],[-77.463137305,38.916136814],[-77.463137305,38.881180769],[-77.508053069,38.881180769]]]}, "properties" : {"grid_id" : 527, "lisa_cluster" : "Low-High"}}, {"type" : "Feature", "geometry" : {"type":"Polygon","coordinates":[[[-77.552968833,38.881180769],[-77.552968833,38.916136814],[-77.508053069,38.916136814],[-77.508053069,38.881180769],[-77.552968833,38.881180769]]]}, "properties" : {"grid_id" : 528, "lisa_cluster" : "High-High"}}, {"type" : "Feature", "geometry" : {"type":"Polygon","coordinates":[[[-77.508053069,38.881180769],[-77.508053069,38.916136814],[-77.463137305,38.916136814],[-77.463137305,38.881180769],[-77.508053069,38.881180769]]]}, "properties" : {"grid_id" : 529, "lisa_cluster" : "Low-High"}}, {"type" : "Feature", "geometry" : {"type":"Polygon","coordinates":[[[-77.552968833,38.916136814],[-77.552968833,38.951075649],[-77.508053069,38.951075649],[-77.508053069,38.916136814],[-77.552968833,38.916136814]]]}, "properties" : {"grid_id" : 530, "lisa_cluster" : "Low-Low"}}, {"type" : "Feature", "geometry" : {"type":"Polygon","coordinates":[[[-77.508053069,38.916136814],[-77.508053069,38.951075649],[-77.463137305,38.951075649],[-77.463137305,38.916136814],[-77.508053069,38.916136814]]]}, "properties" : {"grid_id" : 531, "lisa_cluster" : "Low-Low"}}, {"type" : "Feature", "geometry" : {"type":"Polygon","coordinates":[[[-77.552968833,38.916136814],[-77.552968833,38.951075649],[-77.508053069,38.951075649],[-77.508053069,38.916136814],[-77.552968833,38.916136814]]]}, "properties" : {"grid_id" : 532, "lisa_cluster" : "Low-Low"}}, {"type" : "Feature", "geometry" : {"type":"Polygon","coordinates":[[[-77.552968833,38.916136814],[-77.552968833,38.951075649],[-77.508053069,38.951075649],[-77.508053069,38.916136814],[-77.552968833,38.916136814]]]}, "properties" : {"grid_id" : 533, "lisa_cluster" : "Low-Low"}}, {"type" : "Feature", "geometry" : {"type":"Polygon","coordinates":[[[-77.508053069,38.916136814],[-77.508053069,38.951075649],[-77.463137305,38.951075649],[-77.463137305,38.916136814],[-77.508053069,38.916136814]]]}, "properties" : {"grid_id" : 534, "lisa_cluster" : "Low-Low"}}, {"type" : "Feature", "geometry" : {"type":"Polygon","coordinates":[[[-77.552968833,38.916136814],[-77.552968833,38.951075649],[-77.508053069,38.951075649],[-77.508053069,38.916136814],[-77.552968833,38.916136814]]]}, "properties" : {"grid_id" : 535, "lisa_cluster" : "Low-Low"}}, {"type" : "Feature", "geometry" : {"type":"Polygon","coordinates":[[[-77.508053069,38.916136814],[-77.508053069,38.951075649],[-77.463137305,38.951075649],[-77.463137305,38.916136814],[-77.508053069,38.916136814]]]}, "properties" : {"grid_id" : 536, "lisa_cluster" : "Low-Low"}}, {"type" : "Feature", "geometry" : {"type":"Polygon","coordinates":[[[-77.552968833,38.951075649],[-77.552968833,38.985997269],[-77.508053069,38.985997269],[-77.508053069,38.951075649],[-77.552968833,38.951075649]]]}, "properties" : {"grid_id" : 537, "lisa_cluster" : "High-High"}}, {"type" : "Feature", "geometry" : {"type":"Polygon","coordinates":[[[-77.508053069,38.951075649],[-77.508053069,38.985997269],[-77.463137305,38.985997269],[-77.463137305,38.951075649],[-77.508053069,38.951075649]]]}, "properties" : {"grid_id" : 538, "lisa_cluster" : "Low-Low"}}, {"type" : "Feature", "geometry" : {"type":"Polygon","coordinates":[[[-77.552968833,38.951075649],[-77.552968833,38.985997269],[-77.508053069,38.985997269],[-77.508053069,38.951075649],[-77.552968833,38.951075649]]]}, "properties" : {"grid_id" : 539, "lisa_cluster" : "High-High"}}, {"type" : "Feature", "geometry" : {"type":"Polygon","coordinates":[[[-77.508053069,38.951075649],[-77.508053069,38.985997269],[-77.463137305,38.985997269],[-77.463137305,38.951075649],[-77.508053069,38.951075649]]]}, "properties" : {"grid_id" : 540, "lisa_cluster" : "Low-Low"}}, {"type" : "Feature", "geometry" : {"type":"Polygon","coordinates":[[[-77.552968833,38.951075649],[-77.552968833,38.985997269],[-77.508053069,38.985997269],[-77.508053069,38.951075649],[-77.552968833,38.951075649]]]}, "properties" : {"grid_id" : 541, "lisa_cluster" : "High-High"}}, {"type" : "Feature", "geometry" : {"type":"Polygon","coordinates":[[[-77.508053069,38.951075649],[-77.508053069,38.985997269],[-77.463137305,38.985997269],[-77.463137305,38.951075649],[-77.508053069,38.951075649]]]}, "properties" : {"grid_id" : 542, "lisa_cluster" : "Low-Low"}}, {"type" : "Feature", "geometry" : {"type":"Polygon","coordinates":[[[-77.552968833,38.951075649],[-77.552968833,38.985997269],[-77.508053069,38.985997269],[-77.508053069,38.951075649],[-77.552968833,38.951075649]]]}, "properties" : {"grid_id" : 543, "lisa_cluster" : "High-High"}}, {"type" : "Feature", "geometry" : {"type":"Polygon","coordinates":[[[-77.414394717,38.987400759],[-77.414394717,39.022304468],[-77.369478953,39.022304468],[-77.369478953,38.987400759],[-77.414394717,38.987400759]]]}, "properties" : {"grid_id" : 544, "lisa_cluster" : "Not Significant"}}, {"type" : "Feature", "geometry" : {"type":"Polygon","coordinates":[[[-77.414394717,38.987400759],[-77.414394717,39.022304468],[-77.369478953,39.022304468],[-77.369478953,38.987400759],[-77.414394717,38.987400759]]]}, "properties" : {"grid_id" : 545, "lisa_cluster" : "Not Significant"}}, {"type" : "Feature", "geometry" : {"type":"Polygon","coordinates":[[[-77.728589471,38.681055937],[-77.728589471,38.716110258],[-77.683673707,38.716110258],[-77.683673707,38.681055937],[-77.728589471,38.681055937]]]}, "properties" : {"grid_id" : 546, "lisa_cluster" : "High-High"}}, {"type" : "Feature", "geometry" : {"type":"Polygon","coordinates":[[[-77.683673707,38.681055937],[-77.683673707,38.716110258],[-77.638757943,38.716110258],[-77.638757943,38.681055937],[-77.683673707,38.681055937]]]}, "properties" : {"grid_id" : 547, "lisa_cluster" : "Low-Low"}}, {"type" : "Feature", "geometry" : {"type":"Polygon","coordinates":[[[-77.773505235,38.681055937],[-77.773505235,38.716110258],[-77.728589471,38.716110258],[-77.728589471,38.681055937],[-77.773505235,38.681055937]]]}, "properties" : {"grid_id" : 548, "lisa_cluster" : "Low-Low"}}, {"type" : "Feature", "geometry" : {"type":"Polygon","coordinates":[[[-77.728589471,38.681055937],[-77.728589471,38.716110258],[-77.683673707,38.716110258],[-77.683673707,38.681055937],[-77.728589471,38.681055937]]]}, "properties" : {"grid_id" : 549, "lisa_cluster" : "High-High"}}, {"type" : "Feature", "geometry" : {"type":"Polygon","coordinates":[[[-77.728589471,38.681055937],[-77.728589471,38.716110258],[-77.683673707,38.716110258],[-77.683673707,38.681055937],[-77.728589471,38.681055937]]]}, "properties" : {"grid_id" : 550, "lisa_cluster" : "High-High"}}, {"type" : "Feature", "geometry" : {"type":"Polygon","coordinates":[[[-77.683673707,38.681055937],[-77.683673707,38.716110258],[-77.638757943,38.716110258],[-77.638757943,38.681055937],[-77.683673707,38.681055937]]]}, "properties" : {"grid_id" : 551, "lisa_cluster" : "Low-Low"}}, {"type" : "Feature", "geometry" : {"type":"Polygon","coordinates":[[[-77.728589471,38.716110258],[-77.728589471,38.751147396],[-77.683673707,38.751147396],[-77.683673707,38.716110258],[-77.728589471,38.716110258]]]}, "properties" : {"grid_id" : 552, "lisa_cluster" : "High-High"}}, {"type" : "Feature", "geometry" : {"type":"Polygon","coordinates":[[[-77.683673707,38.716110258],[-77.683673707,38.751147396],[-77.638757943,38.751147396],[-77.638757943,38.716110258],[-77.683673707,38.716110258]]]}, "properties" : {"grid_id" : 553, "lisa_cluster" : "Low-Low"}}, {"type" : "Feature", "geometry" : {"type":"Polygon","coordinates":[[[-77.773505235,38.716110258],[-77.773505235,38.751147396],[-77.728589471,38.751147396],[-77.728589471,38.716110258],[-77.773505235,38.716110258]]]}, "properties" : {"grid_id" : 554, "lisa_cluster" : "High-High"}}, {"type" : "Feature", "geometry" : {"type":"Polygon","coordinates":[[[-77.728589471,38.716110258],[-77.728589471,38.751147396],[-77.683673707,38.751147396],[-77.683673707,38.716110258],[-77.728589471,38.716110258]]]}, "properties" : {"grid_id" : 555, "lisa_cluster" : "High-High"}}, {"type" : "Feature", "geometry" : {"type":"Polygon","coordinates":[[[-77.683673707,38.716110258],[-77.683673707,38.751147396],[-77.638757943,38.751147396],[-77.638757943,38.716110258],[-77.683673707,38.716110258]]]}, "properties" : {"grid_id" : 556, "lisa_cluster" : "Low-Low"}}, {"type" : "Feature", "geometry" : {"type":"Polygon","coordinates":[[[-77.728589471,38.716110258],[-77.728589471,38.751147396],[-77.683673707,38.751147396],[-77.683673707,38.716110258],[-77.728589471,38.716110258]]]}, "properties" : {"grid_id" : 557, "lisa_cluster" : "High-High"}}, {"type" : "Feature", "geometry" : {"type":"Polygon","coordinates":[[[-77.683673707,38.716110258],[-77.683673707,38.751147396],[-77.638757943,38.751147396],[-77.638757943,38.716110258],[-77.683673707,38.716110258]]]}, "properties" : {"grid_id" : 558, "lisa_cluster" : "Low-Low"}}, {"type" : "Feature", "geometry" : {"type":"Polygon","coordinates":[[[-77.773505235,38.751147396],[-77.773505235,38.786167346],[-77.728589471,38.786167346],[-77.728589471,38.751147396],[-77.773505235,38.751147396]]]}, "properties" : {"grid_id" : 559, "lisa_cluster" : "Low-Low"}}, {"type" : "Feature", "geometry" : {"type":"Polygon","coordinates":[[[-77.728589471,38.751147396],[-77.728589471,38.786167346],[-77.683673707,38.786167346],[-77.683673707,38.751147396],[-77.728589471,38.751147396]]]}, "properties" : {"grid_id" : 560, "lisa_cluster" : "Low-Low"}}, {"type" : "Feature", "geometry" : {"type":"Polygon","coordinates":[[[-77.728589471,38.751147396],[-77.728589471,38.786167346],[-77.683673707,38.786167346],[-77.683673707,38.751147396],[-77.728589471,38.751147396]]]}, "properties" : {"grid_id" : 561, "lisa_cluster" : "Low-Low"}}, {"type" : "Feature", "geometry" : {"type":"Polygon","coordinates":[[[-77.683673707,38.751147396],[-77.683673707,38.786167346],[-77.638757943,38.786167346],[-77.638757943,38.751147396],[-77.683673707,38.751147396]]]}, "properties" : {"grid_id" : 562, "lisa_cluster" : "Low-High"}}, {"type" : "Feature", "geometry" : {"type":"Polygon","coordinates":[[[-77.773505235,38.751147396],[-77.773505235,38.786167346],[-77.728589471,38.786167346],[-77.728589471,38.751147396],[-77.773505235,38.751147396]]]}, "properties" : {"grid_id" : 563, "lisa_cluster" : "Low-Low"}}, {"type" : "Feature", "geometry" : {"type":"Polygon","coordinates":[[[-77.728589471,38.751147396],[-77.728589471,38.786167346],[-77.683673707,38.786167346],[-77.683673707,38.751147396],[-77.728589471,38.751147396]]]}, "properties" : {"grid_id" : 564, "lisa_cluster" : "Low-Low"}}, {"type" : "Feature", "geometry" : {"type":"Polygon","coordinates":[[[-77.683673707,38.751147396],[-77.683673707,38.786167346],[-77.638757943,38.786167346],[-77.638757943,38.751147396],[-77.683673707,38.751147396]]]}, "properties" : {"grid_id" : 565, "lisa_cluster" : "Low-High"}}, {"type" : "Feature", "geometry" : {"type":"Polygon","coordinates":[[[-77.683673707,38.751147396],[-77.683673707,38.786167346],[-77.638757943,38.786167346],[-77.638757943,38.751147396],[-77.683673707,38.751147396]]]}, "properties" : {"grid_id" : 566, "lisa_cluster" : "Low-High"}}, {"type" : "Feature", "geometry" : {"type":"Polygon","coordinates":[[[-77.773505235,38.786167346],[-77.773505235,38.821170103],[-77.728589471,38.821170103],[-77.728589471,38.786167346],[-77.773505235,38.786167346]]]}, "properties" : {"grid_id" : 567, "lisa_cluster" : "Low-Low"}}, {"type" : "Feature", "geometry" : {"type":"Polygon","coordinates":[[[-77.728589471,38.786167346],[-77.728589471,38.821170103],[-77.683673707,38.821170103],[-77.683673707,38.786167346],[-77.728589471,38.786167346]]]}, "properties" : {"grid_id" : 568, "lisa_cluster" : "High-High"}}, {"type" : "Feature", "geometry" : {"type":"Polygon","coordinates":[[[-77.683673707,38.786167346],[-77.683673707,38.821170103],[-77.638757943,38.821170103],[-77.638757943,38.786167346],[-77.683673707,38.786167346]]]}, "properties" : {"grid_id" : 569, "lisa_cluster" : "High-High"}}, {"type" : "Feature", "geometry" : {"type":"Polygon","coordinates":[[[-77.728589471,38.786167346],[-77.728589471,38.821170103],[-77.683673707,38.821170103],[-77.683673707,38.786167346],[-77.728589471,38.786167346]]]}, "properties" : {"grid_id" : 570, "lisa_cluster" : "High-High"}}, {"type" : "Feature", "geometry" : {"type":"Polygon","coordinates":[[[-77.683673707,38.786167346],[-77.683673707,38.821170103],[-77.638757943,38.821170103],[-77.638757943,38.786167346],[-77.683673707,38.786167346]]]}, "properties" : {"grid_id" : 571, "lisa_cluster" : "High-High"}}, {"type" : "Feature", "geometry" : {"type":"Polygon","coordinates":[[[-77.773505235,38.786167346],[-77.773505235,38.821170103],[-77.728589471,38.821170103],[-77.728589471,38.786167346],[-77.773505235,38.786167346]]]}, "properties" : {"grid_id" : 572, "lisa_cluster" : "Low-Low"}}, {"type" : "Feature", "geometry" : {"type":"Polygon","coordinates":[[[-77.728589471,38.786167346],[-77.728589471,38.821170103],[-77.683673707,38.821170103],[-77.683673707,38.786167346],[-77.728589471,38.786167346]]]}, "properties" : {"grid_id" : 573, "lisa_cluster" : "High-High"}}, {"type" : "Feature", "geometry" : {"type":"Polygon","coordinates":[[[-77.683673707,38.786167346],[-77.683673707,38.821170103],[-77.638757943,38.821170103],[-77.638757943,38.786167346],[-77.683673707,38.786167346]]]}, "properties" : {"grid_id" : 574, "lisa_cluster" : "High-High"}}, {"type" : "Feature", "geometry" : {"type":"Polygon","coordinates":[[[-77.773505235,38.786167346],[-77.773505235,38.821170103],[-77.728589471,38.821170103],[-77.728589471,38.786167346],[-77.773505235,38.786167346]]]}, "properties" : {"grid_id" : 575, "lisa_cluster" : "Low-Low"}}, {"type" : "Feature", "geometry" : {"type":"Polygon","coordinates":[[[-77.628624946,38.886131591],[-77.628624946,38.921085199],[-77.583709182,38.921085199],[-77.583709182,38.886131591],[-77.628624946,38.886131591]]]}, "properties" : {"grid_id" : 576, "lisa_cluster" : "Low-Low"}}, {"type" : "Feature", "geometry" : {"type":"Polygon","coordinates":[[[-77.583709182,38.886131591],[-77.583709182,38.921085199],[-77.538793418,38.921085199],[-77.538793418,38.886131591],[-77.583709182,38.886131591]]]}, "properties" : {"grid_id" : 577, "lisa_cluster" : "High-Low"}}, {"type" : "Feature", "geometry" : {"type":"Polygon","coordinates":[[[-77.583709182,38.886131591],[-77.583709182,38.921085199],[-77.538793418,38.921085199],[-77.538793418,38.886131591],[-77.583709182,38.886131591]]]}, "properties" : {"grid_id" : 578, "lisa_cluster" : "High-Low"}}, {"type" : "Feature", "geometry" : {"type":"Polygon","coordinates":[[[-77.628624946,38.886131591],[-77.628624946,38.921085199],[-77.583709182,38.921085199],[-77.583709182,38.886131591],[-77.628624946,38.886131591]]]}, "properties" : {"grid_id" : 579, "lisa_cluster" : "Low-Low"}}, {"type" : "Feature", "geometry" : {"type":"Polygon","coordinates":[[[-77.583709182,38.886131591],[-77.583709182,38.921085199],[-77.538793418,38.921085199],[-77.538793418,38.886131591],[-77.583709182,38.886131591]]]}, "properties" : {"grid_id" : 580, "lisa_cluster" : "High-Low"}}, {"type" : "Feature", "geometry" : {"type":"Polygon","coordinates":[[[-77.67354071,38.886131591],[-77.67354071,38.921085199],[-77.628624946,38.921085199],[-77.628624946,38.886131591],[-77.67354071,38.886131591]]]}, "properties" : {"grid_id" : 581, "lisa_cluster" : "Low-Low"}}, {"type" : "Feature", "geometry" : {"type":"Polygon","coordinates":[[[-77.628624946,38.886131591],[-77.628624946,38.921085199],[-77.583709182,38.921085199],[-77.583709182,38.886131591],[-77.628624946,38.886131591]]]}, "properties" : {"grid_id" : 582, "lisa_cluster" : "Low-Low"}}, {"type" : "Feature", "geometry" : {"type":"Polygon","coordinates":[[[-77.583709182,38.886131591],[-77.583709182,38.921085199],[-77.538793418,38.921085199],[-77.538793418,38.886131591],[-77.583709182,38.886131591]]]}, "properties" : {"grid_id" : 583, "lisa_cluster" : "High-Low"}}, {"type" : "Feature", "geometry" : {"type":"Polygon","coordinates":[[[-77.67354071,38.886131591],[-77.67354071,38.921085199],[-77.628624946,38.921085199],[-77.628624946,38.886131591],[-77.67354071,38.886131591]]]}, "properties" : {"grid_id" : 584, "lisa_cluster" : "Low-Low"}}, {"type" : "Feature", "geometry" : {"type":"Polygon","coordinates":[[[-77.583709182,38.921085199],[-77.583709182,38.956021597],[-77.538793418,38.956021597],[-77.538793418,38.921085199],[-77.583709182,38.921085199]]]}, "properties" : {"grid_id" : 585, "lisa_cluster" : "High-Low"}}, {"type" : "Feature", "geometry" : {"type":"Polygon","coordinates":[[[-77.583709182,38.921085199],[-77.583709182,38.956021597],[-77.538793418,38.956021597],[-77.538793418,38.921085199],[-77.583709182,38.921085199]]]}, "properties" : {"grid_id" : 586, "lisa_cluster" : "High-Low"}}, {"type" : "Feature", "geometry" : {"type":"Polygon","coordinates":[[[-77.67354071,38.921085199],[-77.67354071,38.956021597],[-77.628624946,38.956021597],[-77.628624946,38.921085199],[-77.67354071,38.921085199]]]}, "properties" : {"grid_id" : 587, "lisa_cluster" : "High-Low"}}, {"type" : "Feature", "geometry" : {"type":"Polygon","coordinates":[[[-77.583709182,38.921085199],[-77.583709182,38.956021597],[-77.538793418,38.956021597],[-77.538793418,38.921085199],[-77.583709182,38.921085199]]]}, "properties" : {"grid_id" : 588, "lisa_cluster" : "High-Low"}}, {"type" : "Feature", "geometry" : {"type":"Polygon","coordinates":[[[-77.67354071,38.921085199],[-77.67354071,38.956021597],[-77.628624946,38.956021597],[-77.628624946,38.921085199],[-77.67354071,38.921085199]]]}, "properties" : {"grid_id" : 589, "lisa_cluster" : "High-Low"}}, {"type" : "Feature", "geometry" : {"type":"Polygon","coordinates":[[[-77.628624946,38.921085199],[-77.628624946,38.956021597],[-77.583709182,38.956021597],[-77.583709182,38.921085199],[-77.628624946,38.921085199]]]}, "properties" : {"grid_id" : 590, "lisa_cluster" : "Low-High"}}, {"type" : "Feature", "geometry" : {"type":"Polygon","coordinates":[[[-77.583709182,38.921085199],[-77.583709182,38.956021597],[-77.538793418,38.956021597],[-77.538793418,38.921085199],[-77.583709182,38.921085199]]]}, "properties" : {"grid_id" : 591, "lisa_cluster" : "High-Low"}}, {"type" : "Feature", "geometry" : {"type":"Polygon","coordinates":[[[-77.67354071,38.921085199],[-77.67354071,38.956021597],[-77.628624946,38.956021597],[-77.628624946,38.921085199],[-77.67354071,38.921085199]]]}, "properties" : {"grid_id" : 592, "lisa_cluster" : "High-Low"}}, {"type" : "Feature", "geometry" : {"type":"Polygon","coordinates":[[[-77.628624946,38.921085199],[-77.628624946,38.956021597],[-77.583709182,38.956021597],[-77.583709182,38.921085199],[-77.628624946,38.921085199]]]}, "properties" : {"grid_id" : 593, "lisa_cluster" : "Low-High"}}, {"type" : "Feature", "geometry" : {"type":"Polygon","coordinates":[[[-77.67354071,38.921085199],[-77.67354071,38.956021597],[-77.628624946,38.956021597],[-77.628624946,38.921085199],[-77.67354071,38.921085199]]]}, "properties" : {"grid_id" : 594, "lisa_cluster" : "High-Low"}}, {"type" : "Feature", "geometry" : {"type":"Polygon","coordinates":[[[-77.628624946,38.956021597],[-77.628624946,38.990940779],[-77.583709182,38.990940779],[-77.583709182,38.956021597],[-77.628624946,38.956021597]]]}, "properties" : {"grid_id" : 595, "lisa_cluster" : "Low-Low"}}, {"type" : "Feature", "geometry" : {"type":"Polygon","coordinates":[[[-77.583709182,38.956021597],[-77.583709182,38.990940779],[-77.538793418,38.990940779],[-77.538793418,38.956021597],[-77.583709182,38.956021597]]]}, "properties" : {"grid_id" : 596, "lisa_cluster" : "High-High"}}, {"type" : "Feature", "geometry" : {"type":"Polygon","coordinates":[[[-77.628624946,38.956021597],[-77.628624946,38.990940779],[-77.583709182,38.990940779],[-77.583709182,38.956021597],[-77.628624946,38.956021597]]]}, "properties" : {"grid_id" : 597, "lisa_cluster" : "Low-Low"}}, {"type" : "Feature", "geometry" : {"type":"Polygon","coordinates":[[[-77.583709182,38.956021597],[-77.583709182,38.990940779],[-77.538793418,38.990940779],[-77.538793418,38.956021597],[-77.583709182,38.956021597]]]}, "properties" : {"grid_id" : 598, "lisa_cluster" : "High-High"}}, {"type" : "Feature", "geometry" : {"type":"Polygon","coordinates":[[[-77.67354071,38.956021597],[-77.67354071,38.990940779],[-77.628624946,38.990940779],[-77.628624946,38.956021597],[-77.67354071,38.956021597]]]}, "properties" : {"grid_id" : 599, "lisa_cluster" : "Low-Low"}}, {"type" : "Feature", "geometry" : {"type":"Polygon","coordinates":[[[-77.67354071,38.956021597],[-77.67354071,38.990940779],[-77.628624946,38.990940779],[-77.628624946,38.956021597],[-77.67354071,38.956021597]]]}, "properties" : {"grid_id" : 600, "lisa_cluster" : "Low-Low"}}, {"type" : "Feature", "geometry" : {"type":"Polygon","coordinates":[[[-77.628624946,38.956021597],[-77.628624946,38.990940779],[-77.583709182,38.990940779],[-77.583709182,38.956021597],[-77.628624946,38.956021597]]]}, "properties" : {"grid_id" : 601, "lisa_cluster" : "Low-Low"}}, {"type" : "Feature", "geometry" : {"type":"Polygon","coordinates":[[[-77.583709182,38.956021597],[-77.583709182,38.990940779],[-77.538793418,38.990940779],[-77.538793418,38.956021597],[-77.583709182,38.956021597]]]}, "properties" : {"grid_id" : 602, "lisa_cluster" : "High-High"}}, {"type" : "Feature", "geometry" : {"type":"Polygon","coordinates":[[[-77.628624946,38.990940779],[-77.628624946,39.025842742],[-77.583709182,39.025842742],[-77.583709182,38.990940779],[-77.628624946,38.990940779]]]}, "properties" : {"grid_id" : 603, "lisa_cluster" : "Low-Low"}}, {"type" : "Feature", "geometry" : {"type":"Polygon","coordinates":[[[-77.583709182,38.990940779],[-77.583709182,39.025842742],[-77.538793418,39.025842742],[-77.538793418,38.990940779],[-77.583709182,38.990940779]]]}, "properties" : {"grid_id" : 604, "lisa_cluster" : "High-High"}}, {"type" : "Feature", "geometry" : {"type":"Polygon","coordinates":[[[-77.583709182,38.990940779],[-77.583709182,39.025842742],[-77.538793418,39.025842742],[-77.538793418,38.990940779],[-77.583709182,38.990940779]]]}, "properties" : {"grid_id" : 605, "lisa_cluster" : "High-High"}}, {"type" : "Feature", "geometry" : {"type":"Polygon","coordinates":[[[-77.67354071,38.990940779],[-77.67354071,39.025842742],[-77.628624946,39.025842742],[-77.628624946,38.990940779],[-77.67354071,38.990940779]]]}, "properties" : {"grid_id" : 606, "lisa_cluster" : "Low-Low"}}, {"type" : "Feature", "geometry" : {"type":"Polygon","coordinates":[[[-77.67354071,38.990940779],[-77.67354071,39.025842742],[-77.628624946,39.025842742],[-77.628624946,38.990940779],[-77.67354071,38.990940779]]]}, "properties" : {"grid_id" : 607, "lisa_cluster" : "Low-Low"}}, {"type" : "Feature", "geometry" : {"type":"Polygon","coordinates":[[[-77.628624946,38.990940779],[-77.628624946,39.025842742],[-77.583709182,39.025842742],[-77.583709182,38.990940779],[-77.628624946,38.990940779]]]}, "properties" : {"grid_id" : 608, "lisa_cluster" : "Low-Low"}}, {"type" : "Feature", "geometry" : {"type":"Polygon","coordinates":[[[-77.67354071,39.025842742],[-77.67354071,39.060727482],[-77.628624946,39.060727482],[-77.628624946,39.025842742],[-77.67354071,39.025842742]]]}, "properties" : {"grid_id" : 609, "lisa_cluster" : "High-Low"}}, {"type" : "Feature", "geometry" : {"type":"Polygon","coordinates":[[[-77.628624946,39.025842742],[-77.628624946,39.060727482],[-77.583709182,39.060727482],[-77.583709182,39.025842742],[-77.628624946,39.025842742]]]}, "properties" : {"grid_id" : 610, "lisa_cluster" : "Low-Low"}}, {"type" : "Feature", "geometry" : {"type":"Polygon","coordinates":[[[-77.583709182,39.025842742],[-77.583709182,39.060727482],[-77.538793418,39.060727482],[-77.538793418,39.025842742],[-77.583709182,39.025842742]]]}, "properties" : {"grid_id" : 611, "lisa_cluster" : "Low-Low"}}, {"type" : "Feature", "geometry" : {"type":"Polygon","coordinates":[[[-77.583709182,39.025842742],[-77.583709182,39.060727482],[-77.538793418,39.060727482],[-77.538793418,39.025842742],[-77.583709182,39.025842742]]]}, "properties" : {"grid_id" : 612, "lisa_cluster" : "Low-Low"}}, {"type" : "Feature", "geometry" : {"type":"Polygon","coordinates":[[[-77.67354071,39.025842742],[-77.67354071,39.060727482],[-77.628624946,39.060727482],[-77.628624946,39.025842742],[-77.67354071,39.025842742]]]}, "properties" : {"grid_id" : 613, "lisa_cluster" : "High-Low"}}, {"type" : "Feature", "geometry" : {"type":"Polygon","coordinates":[[[-77.67354071,39.025842742],[-77.67354071,39.060727482],[-77.628624946,39.060727482],[-77.628624946,39.025842742],[-77.67354071,39.025842742]]]}, "properties" : {"grid_id" : 614, "lisa_cluster" : "High-Low"}}, {"type" : "Feature", "geometry" : {"type":"Polygon","coordinates":[[[-77.67354071,39.025842742],[-77.67354071,39.060727482],[-77.628624946,39.060727482],[-77.628624946,39.025842742],[-77.67354071,39.025842742]]]}, "properties" : {"grid_id" : 615, "lisa_cluster" : "High-Low"}}, {"type" : "Feature", "geometry" : {"type":"Polygon","coordinates":[[[-77.506427118,38.776839711],[-77.506427118,38.811847048],[-77.461511354,38.811847048],[-77.461511354,38.776839711],[-77.506427118,38.776839711]]]}, "properties" : {"grid_id" : 616, "lisa_cluster" : "Low-Low"}}, {"type" : "Feature", "geometry" : {"type":"Polygon","coordinates":[[[-77.461511354,38.776839711],[-77.461511354,38.811847048],[-77.41659559,38.811847048],[-77.41659559,38.776839711],[-77.461511354,38.776839711]]]}, "properties" : {"grid_id" : 617, "lisa_cluster" : "Low-Low"}}, {"type" : "Feature", "geometry" : {"type":"Polygon","coordinates":[[[-77.461511354,38.776839711],[-77.461511354,38.811847048],[-77.41659559,38.811847048],[-77.41659559,38.776839711],[-77.461511354,38.776839711]]]}, "properties" : {"grid_id" : 618, "lisa_cluster" : "Low-Low"}}, {"type" : "Feature", "geometry" : {"type":"Polygon","coordinates":[[[-77.506427118,38.776839711],[-77.506427118,38.811847048],[-77.461511354,38.811847048],[-77.461511354,38.776839711],[-77.506427118,38.776839711]]]}, "properties" : {"grid_id" : 619, "lisa_cluster" : "Low-Low"}}, {"type" : "Feature", "geometry" : {"type":"Polygon","coordinates":[[[-77.461511354,38.776839711],[-77.461511354,38.811847048],[-77.41659559,38.811847048],[-77.41659559,38.776839711],[-77.461511354,38.776839711]]]}, "properties" : {"grid_id" : 620, "lisa_cluster" : "Low-Low"}}, {"type" : "Feature", "geometry" : {"type":"Polygon","coordinates":[[[-77.506427118,38.776839711],[-77.506427118,38.811847048],[-77.461511354,38.811847048],[-77.461511354,38.776839711],[-77.506427118,38.776839711]]]}, "properties" : {"grid_id" : 621, "lisa_cluster" : "Low-Low"}}, {"type" : "Feature", "geometry" : {"type":"Polygon","coordinates":[[[-77.506427118,38.776839711],[-77.506427118,38.811847048],[-77.461511354,38.811847048],[-77.461511354,38.776839711],[-77.506427118,38.776839711]]]}, "properties" : {"grid_id" : 622, "lisa_cluster" : "Low-Low"}}, {"type" : "Feature", "geometry" : {"type":"Polygon","coordinates":[[[-77.461511354,38.811847048],[-77.461511354,38.84683719],[-77.41659559,38.84683719],[-77.41659559,38.811847048],[-77.461511354,38.811847048]]]}, "properties" : {"grid_id" : 623, "lisa_cluster" : "High-Low"}}, {"type" : "Feature", "geometry" : {"type":"Polygon","coordinates":[[[-77.506427118,38.811847048],[-77.506427118,38.84683719],[-77.461511354,38.84683719],[-77.461511354,38.811847048],[-77.506427118,38.811847048]]]}, "properties" : {"grid_id" : 624, "lisa_cluster" : "High-High"}}, {"type" : "Feature", "geometry" : {"type":"Polygon","coordinates":[[[-77.461511354,38.811847048],[-77.461511354,38.84683719],[-77.41659559,38.84683719],[-77.41659559,38.811847048],[-77.461511354,38.811847048]]]}, "properties" : {"grid_id" : 625, "lisa_cluster" : "High-Low"}}, {"type" : "Feature", "geometry" : {"type":"Polygon","coordinates":[[[-77.506427118,38.811847048],[-77.506427118,38.84683719],[-77.461511354,38.84683719],[-77.461511354,38.811847048],[-77.506427118,38.811847048]]]}, "properties" : {"grid_id" : 626, "lisa_cluster" : "High-High"}}, {"type" : "Feature", "geometry" : {"type":"Polygon","coordinates":[[[-77.506427118,38.811847048],[-77.506427118,38.84683719],[-77.461511354,38.84683719],[-77.461511354,38.811847048],[-77.506427118,38.811847048]]]}, "properties" : {"grid_id" : 627, "lisa_cluster" : "High-High"}}, {"type" : "Feature", "geometry" : {"type":"Polygon","coordinates":[[[-77.461511354,38.811847048],[-77.461511354,38.84683719],[-77.41659559,38.84683719],[-77.41659559,38.811847048],[-77.461511354,38.811847048]]]}, "properties" : {"grid_id" : 628, "lisa_cluster" : "High-Low"}}, {"type" : "Feature", "geometry" : {"type":"Polygon","coordinates":[[[-77.421967515,38.961365347],[-77.421967515,38.996281895],[-77.377051751,38.996281895],[-77.377051751,38.961365347],[-77.421967515,38.961365347]]]}, "properties" : {"grid_id" : 629, "lisa_cluster" : "Not Significant"}}, {"type" : "Feature", "geometry" : {"type":"Polygon","coordinates":[[[-77.421967515,38.961365347],[-77.421967515,38.996281895],[-77.377051751,38.996281895],[-77.377051751,38.961365347],[-77.421967515,38.961365347]]]}, "properties" : {"grid_id" : 630, "lisa_cluster" : "Not Significant"}}, {"type" : "Feature", "geometry" : {"type":"Polygon","coordinates":[[[-77.421967515,38.961365347],[-77.421967515,38.996281895],[-77.377051751,38.996281895],[-77.377051751,38.961365347],[-77.421967515,38.961365347]]]}, "properties" : {"grid_id" : 631, "lisa_cluster" : "Not Significant"}}, {"type" : "Feature", "geometry" : {"type":"Polygon","coordinates":[[[-77.421967515,38.961365347],[-77.421967515,38.996281895],[-77.377051751,38.996281895],[-77.377051751,38.961365347],[-77.421967515,38.961365347]]]}, "properties" : {"grid_id" : 632, "lisa_cluster" : "Not Significant"}}, {"type" : "Feature", "geometry" : {"type":"Polygon","coordinates":[[[-77.698343195,39.207695587],[-77.698343195,39.242490374],[-77.653427431,39.242490374],[-77.653427431,39.207695587],[-77.698343195,39.207695587]]]}, "properties" : {"grid_id" : 633, "lisa_cluster" : "Low-High"}}, {"type" : "Feature", "geometry" : {"type":"Polygon","coordinates":[[[-77.653427431,39.207695587],[-77.653427431,39.242490374],[-77.608511667,39.242490374],[-77.608511667,39.207695587],[-77.653427431,39.207695587]]]}, "properties" : {"grid_id" : 634, "lisa_cluster" : "High-High"}}, {"type" : "Feature", "geometry" : {"type":"Polygon","coordinates":[[[-77.608511667,39.207695587],[-77.608511667,39.242490374],[-77.563595903,39.242490374],[-77.563595903,39.207695587],[-77.608511667,39.207695587]]]}, "properties" : {"grid_id" : 635, "lisa_cluster" : "Low-Low"}}, {"type" : "Feature", "geometry" : {"type":"Polygon","coordinates":[[[-77.698343195,39.207695587],[-77.698343195,39.242490374],[-77.653427431,39.242490374],[-77.653427431,39.207695587],[-77.698343195,39.207695587]]]}, "properties" : {"grid_id" : 636, "lisa_cluster" : "Low-High"}}, {"type" : "Feature", "geometry" : {"type":"Polygon","coordinates":[[[-77.698343195,39.207695587],[-77.698343195,39.242490374],[-77.653427431,39.242490374],[-77.653427431,39.207695587],[-77.698343195,39.207695587]]]}, "properties" : {"grid_id" : 637, "lisa_cluster" : "Low-High"}}, {"type" : "Feature", "geometry" : {"type":"Polygon","coordinates":[[[-77.653427431,39.207695587],[-77.653427431,39.242490374],[-77.608511667,39.242490374],[-77.608511667,39.207695587],[-77.653427431,39.207695587]]]}, "properties" : {"grid_id" : 638, "lisa_cluster" : "High-High"}}, {"type" : "Feature", "geometry" : {"type":"Polygon","coordinates":[[[-77.608511667,39.207695587],[-77.608511667,39.242490374],[-77.563595903,39.242490374],[-77.563595903,39.207695587],[-77.608511667,39.207695587]]]}, "properties" : {"grid_id" : 639, "lisa_cluster" : "Low-Low"}}, {"type" : "Feature", "geometry" : {"type":"Polygon","coordinates":[[[-77.608511667,39.207695587],[-77.608511667,39.242490374],[-77.563595903,39.242490374],[-77.563595903,39.207695587],[-77.608511667,39.207695587]]]}, "properties" : {"grid_id" : 640, "lisa_cluster" : "Low-Low"}}, {"type" : "Feature", "geometry" : {"type":"Polygon","coordinates":[[[-77.563595903,39.207695587],[-77.563595903,39.242490374],[-77.518680139,39.242490374],[-77.518680139,39.207695587],[-77.563595903,39.207695587]]]}, "properties" : {"grid_id" : 641, "lisa_cluster" : "High-High"}}, {"type" : "Feature", "geometry" : {"type":"Polygon","coordinates":[[[-77.698343195,39.242490374],[-77.698343195,39.277267909],[-77.653427431,39.277267909],[-77.653427431,39.242490374],[-77.698343195,39.242490374]]]}, "properties" : {"grid_id" : 642, "lisa_cluster" : "Low-Low"}}, {"type" : "Feature", "geometry" : {"type":"Polygon","coordinates":[[[-77.653427431,39.242490374],[-77.653427431,39.277267909],[-77.608511667,39.277267909],[-77.608511667,39.242490374],[-77.653427431,39.242490374]]]}, "properties" : {"grid_id" : 643, "lisa_cluster" : "Low-Low"}}, {"type" : "Feature", "geometry" : {"type":"Polygon","coordinates":[[[-77.608511667,39.242490374],[-77.608511667,39.277267909],[-77.563595903,39.277267909],[-77.563595903,39.242490374],[-77.608511667,39.242490374]]]}, "properties" : {"grid_id" : 644, "lisa_cluster" : "High-Low"}}, {"type" : "Feature", "geometry" : {"type":"Polygon","coordinates":[[[-77.563595903,39.242490374],[-77.563595903,39.277267909],[-77.518680139,39.277267909],[-77.518680139,39.242490374],[-77.563595903,39.242490374]]]}, "properties" : {"grid_id" : 645, "lisa_cluster" : "High-High"}}, {"type" : "Feature", "geometry" : {"type":"Polygon","coordinates":[[[-77.563595903,39.242490374],[-77.563595903,39.277267909],[-77.518680139,39.277267909],[-77.518680139,39.242490374],[-77.563595903,39.242490374]]]}, "properties" : {"grid_id" : 646, "lisa_cluster" : "High-High"}}, {"type" : "Feature", "geometry" : {"type":"Polygon","coordinates":[[[-77.563595903,39.242490374],[-77.563595903,39.277267909],[-77.518680139,39.277267909],[-77.518680139,39.242490374],[-77.563595903,39.242490374]]]}, "properties" : {"grid_id" : 647, "lisa_cluster" : "High-High"}}, {"type" : "Feature", "geometry" : {"type":"Polygon","coordinates":[[[-77.608511667,39.242490374],[-77.608511667,39.277267909],[-77.563595903,39.277267909],[-77.563595903,39.242490374],[-77.608511667,39.242490374]]]}, "properties" : {"grid_id" : 648, "lisa_cluster" : "High-Low"}}, {"type" : "Feature", "geometry" : {"type":"Polygon","coordinates":[[[-77.563595903,39.242490374],[-77.563595903,39.277267909],[-77.518680139,39.277267909],[-77.518680139,39.242490374],[-77.563595903,39.242490374]]]}, "properties" : {"grid_id" : 649, "lisa_cluster" : "High-High"}}, {"type" : "Feature", "geometry" : {"type":"Polygon","coordinates":[[[-77.608511667,39.277267909],[-77.608511667,39.31202819],[-77.563595903,39.31202819],[-77.563595903,39.277267909],[-77.608511667,39.277267909]]]}, "properties" : {"grid_id" : 650, "lisa_cluster" : "Low-Low"}}, {"type" : "Feature", "geometry" : {"type":"Polygon","coordinates":[[[-77.653427431,39.277267909],[-77.653427431,39.31202819],[-77.608511667,39.31202819],[-77.608511667,39.277267909],[-77.653427431,39.277267909]]]}, "properties" : {"grid_id" : 651, "lisa_cluster" : "Low-Low"}}, {"type" : "Feature", "geometry" : {"type":"Polygon","coordinates":[[[-77.608511667,39.277267909],[-77.608511667,39.31202819],[-77.563595903,39.31202819],[-77.563595903,39.277267909],[-77.608511667,39.277267909]]]}, "properties" : {"grid_id" : 652, "lisa_cluster" : "Low-Low"}}, {"type" : "Feature", "geometry" : {"type":"Polygon","coordinates":[[[-77.563595903,39.277267909],[-77.563595903,39.31202819],[-77.518680139,39.31202819],[-77.518680139,39.277267909],[-77.563595903,39.277267909]]]}, "properties" : {"grid_id" : 653, "lisa_cluster" : "Low-Low"}}, {"type" : "Feature", "geometry" : {"type":"Polygon","coordinates":[[[-77.563595903,39.277267909],[-77.563595903,39.31202819],[-77.518680139,39.31202819],[-77.518680139,39.277267909],[-77.563595903,39.277267909]]]}, "properties" : {"grid_id" : 654, "lisa_cluster" : "Low-Low"}}, {"type" : "Feature", "geometry" : {"type":"Polygon","coordinates":[[[-77.533906583,39.241168487],[-77.533906583,39.275946678],[-77.488990818,39.275946678],[-77.488990818,39.241168487],[-77.533906583,39.241168487]]]}, "properties" : {"grid_id" : 655, "lisa_cluster" : "High-High"}}, {"type" : "Feature", "geometry" : {"type":"Polygon","coordinates":[[[-77.488990818,39.241168487],[-77.488990818,39.275946678],[-77.444075054,39.275946678],[-77.444075054,39.241168487],[-77.488990818,39.241168487]]]}, "properties" : {"grid_id" : 656, "lisa_cluster" : "Low-Low"}}, {"type" : "Feature", "geometry" : {"type":"Polygon","coordinates":[[[-77.488990818,39.241168487],[-77.488990818,39.275946678],[-77.444075054,39.275946678],[-77.444075054,39.241168487],[-77.488990818,39.241168487]]]}, "properties" : {"grid_id" : 657, "lisa_cluster" : "Low-Low"}}, {"type" : "Feature", "geometry" : {"type":"Polygon","coordinates":[[[-77.533906583,39.241168487],[-77.533906583,39.275946678],[-77.488990818,39.275946678],[-77.488990818,39.241168487],[-77.533906583,39.241168487]]]}, "properties" : {"grid_id" : 658, "lisa_cluster" : "High-High"}}, {"type" : "Feature", "geometry" : {"type":"Polygon","coordinates":[[[-77.488990818,39.241168487],[-77.488990818,39.275946678],[-77.444075054,39.275946678],[-77.444075054,39.241168487],[-77.488990818,39.241168487]]]}, "properties" : {"grid_id" : 659, "lisa_cluster" : "Low-Low"}}, {"type" : "Feature", "geometry" : {"type":"Polygon","coordinates":[[[-77.562014868,39.275585074],[-77.562014868,39.31034619],[-77.517099104,39.31034619],[-77.517099104,39.275585074],[-77.562014868,39.275585074]]]}, "properties" : {"grid_id" : 660, "lisa_cluster" : "Not Significant"}}, {"type" : "Feature", "geometry" : {"type":"Polygon","coordinates":[[[-77.562014868,39.275585074],[-77.562014868,39.31034619],[-77.517099104,39.31034619],[-77.517099104,39.275585074],[-77.562014868,39.275585074]]]}, "properties" : {"grid_id" : 661, "lisa_cluster" : "Not Significant"}}, {"type" : "Feature", "geometry" : {"type":"Polygon","coordinates":[[[-77.483286516,38.737155625],[-77.483286516,38.77218244],[-77.438370752,38.77218244],[-77.438370752,38.737155625],[-77.483286516,38.737155625]]]}, "properties" : {"grid_id" : 662, "lisa_cluster" : "Low-Low"}}, {"type" : "Feature", "geometry" : {"type":"Polygon","coordinates":[[[-77.528202281,38.737155625],[-77.528202281,38.77218244],[-77.483286516,38.77218244],[-77.483286516,38.737155625],[-77.528202281,38.737155625]]]}, "properties" : {"grid_id" : 663, "lisa_cluster" : "Low-Low"}}, {"type" : "Feature", "geometry" : {"type":"Polygon","coordinates":[[[-77.483286516,38.737155625],[-77.483286516,38.77218244],[-77.438370752,38.77218244],[-77.438370752,38.737155625],[-77.483286516,38.737155625]]]}, "properties" : {"grid_id" : 664, "lisa_cluster" : "Low-Low"}}, {"type" : "Feature", "geometry" : {"type":"Polygon","coordinates":[[[-77.528202281,38.737155625],[-77.528202281,38.77218244],[-77.483286516,38.77218244],[-77.483286516,38.737155625],[-77.528202281,38.737155625]]]}, "properties" : {"grid_id" : 665, "lisa_cluster" : "Low-Low"}}, {"type" : "Feature", "geometry" : {"type":"Polygon","coordinates":[[[-77.528202281,38.77218244],[-77.528202281,38.807192064],[-77.483286516,38.807192064],[-77.483286516,38.77218244],[-77.528202281,38.77218244]]]}, "properties" : {"grid_id" : 666, "lisa_cluster" : "High-Low"}}, {"type" : "Feature", "geometry" : {"type":"Polygon","coordinates":[[[-77.483286516,38.77218244],[-77.483286516,38.807192064],[-77.438370752,38.807192064],[-77.438370752,38.77218244],[-77.483286516,38.77218244]]]}, "properties" : {"grid_id" : 667, "lisa_cluster" : "High-High"}}, {"type" : "Feature", "geometry" : {"type":"Polygon","coordinates":[[[-77.528202281,38.77218244],[-77.528202281,38.807192064],[-77.483286516,38.807192064],[-77.483286516,38.77218244],[-77.528202281,38.77218244]]]}, "properties" : {"grid_id" : 668, "lisa_cluster" : "High-Low"}}, {"type" : "Feature", "geometry" : {"type":"Polygon","coordinates":[[[-77.483286516,38.77218244],[-77.483286516,38.807192064],[-77.438370752,38.807192064],[-77.438370752,38.77218244],[-77.483286516,38.77218244]]]}, "properties" : {"grid_id" : 669, "lisa_cluster" : "High-High"}}, {"type" : "Feature", "geometry" : {"type":"Polygon","coordinates":[[[-77.528202281,38.77218244],[-77.528202281,38.807192064],[-77.483286516,38.807192064],[-77.483286516,38.77218244],[-77.528202281,38.77218244]]]}, "properties" : {"grid_id" : 670, "lisa_cluster" : "High-Low"}}, {"type" : "Feature", "geometry" : {"type":"Polygon","coordinates":[[[-77.483286516,38.77218244],[-77.483286516,38.807192064],[-77.438370752,38.807192064],[-77.438370752,38.77218244],[-77.483286516,38.77218244]]]}, "properties" : {"grid_id" : 671, "lisa_cluster" : "High-High"}}, {"type" : "Feature", "geometry" : {"type":"Polygon","coordinates":[[[-77.528202281,38.77218244],[-77.528202281,38.807192064],[-77.483286516,38.807192064],[-77.483286516,38.77218244],[-77.528202281,38.77218244]]]}, "properties" : {"grid_id" : 672, "lisa_cluster" : "High-Low"}}, {"type" : "Feature", "geometry" : {"type":"Polygon","coordinates":[[[-77.483286516,38.77218244],[-77.483286516,38.807192064],[-77.438370752,38.807192064],[-77.438370752,38.77218244],[-77.483286516,38.77218244]]]}, "properties" : {"grid_id" : 673, "lisa_cluster" : "High-High"}}, {"type" : "Feature", "geometry" : {"type":"Polygon","coordinates":[[[-77.621303677,39.156724914],[-77.621303677,39.191544948],[-77.576387912,39.191544948],[-77.576387912,39.156724914],[-77.621303677,39.156724914]]]}, "properties" : {"grid_id" : 674, "lisa_cluster" : "Not Significant"}}, {"type" : "Feature", "geometry" : {"type":"Polygon","coordinates":[[[-77.621303677,39.156724914],[-77.621303677,39.191544948],[-77.576387912,39.191544948],[-77.576387912,39.156724914],[-77.621303677,39.156724914]]]}, "properties" : {"grid_id" : 675, "lisa_cluster" : "Not Significant"}}, {"type" : "Feature", "geometry" : {"type":"Polygon","coordinates":[[[-77.621303677,39.156724914],[-77.621303677,39.191544948],[-77.576387912,39.191544948],[-77.576387912,39.156724914],[-77.621303677,39.156724914]]]}, "properties" : {"grid_id" : 676, "lisa_cluster" : "Not Significant"}}, {"type" : "Feature", "geometry" : {"type":"Polygon","coordinates":[[[-77.822876643,39.146839847],[-77.822876643,39.181664775],[-77.777960879,39.181664775],[-77.777960879,39.146839847],[-77.822876643,39.146839847]]]}, "properties" : {"grid_id" : 677, "lisa_cluster" : "High-High"}}, {"type" : "Feature", "geometry" : {"type":"Polygon","coordinates":[[[-77.822876643,39.146839847],[-77.822876643,39.181664775],[-77.777960879,39.181664775],[-77.777960879,39.146839847],[-77.822876643,39.146839847]]]}, "properties" : {"grid_id" : 678, "lisa_cluster" : "High-High"}}, {"type" : "Feature", "geometry" : {"type":"Polygon","coordinates":[[[-77.822876643,39.146839847],[-77.822876643,39.181664775],[-77.777960879,39.181664775],[-77.777960879,39.146839847],[-77.822876643,39.146839847]]]}, "properties" : {"grid_id" : 679, "lisa_cluster" : "High-High"}}, {"type" : "Feature", "geometry" : {"type":"Polygon","coordinates":[[[-77.822876643,39.181664775],[-77.822876643,39.216472459],[-77.777960879,39.216472459],[-77.777960879,39.181664775],[-77.822876643,39.181664775]]]}, "properties" : {"grid_id" : 680, "lisa_cluster" : "Low-Low"}}, {"type" : "Feature", "geometry" : {"type":"Polygon","coordinates":[[[-77.822876643,39.181664775],[-77.822876643,39.216472459],[-77.777960879,39.216472459],[-77.777960879,39.181664775],[-77.822876643,39.181664775]]]}, "properties" : {"grid_id" : 681, "lisa_cluster" : "Low-Low"}}, {"type" : "Feature", "geometry" : {"type":"Polygon","coordinates":[[[-77.822876643,39.181664775],[-77.822876643,39.216472459],[-77.777960879,39.216472459],[-77.777960879,39.181664775],[-77.822876643,39.181664775]]]}, "properties" : {"grid_id" : 682, "lisa_cluster" : "Low-Low"}}, {"type" : "Feature", "geometry" : {"type":"Polygon","coordinates":[[[-77.822876643,39.216472459],[-77.822876643,39.251262895],[-77.777960879,39.251262895],[-77.777960879,39.216472459],[-77.822876643,39.216472459]]]}, "properties" : {"grid_id" : 683, "lisa_cluster" : "Low-Low"}}, {"type" : "Feature", "geometry" : {"type":"Polygon","coordinates":[[[-77.822876643,39.216472459],[-77.822876643,39.251262895],[-77.777960879,39.251262895],[-77.777960879,39.216472459],[-77.822876643,39.216472459]]]}, "properties" : {"grid_id" : 684, "lisa_cluster" : "Low-Low"}}, {"type" : "Feature", "geometry" : {"type":"Polygon","coordinates":[[[-77.51660503,39.170731604],[-77.51660503,39.205544703],[-77.471689266,39.205544703],[-77.471689266,39.170731604],[-77.51660503,39.170731604]]]}, "properties" : {"grid_id" : 685, "lisa_cluster" : "High-Low"}}, {"type" : "Feature", "geometry" : {"type":"Polygon","coordinates":[[[-77.51660503,39.170731604],[-77.51660503,39.205544703],[-77.471689266,39.205544703],[-77.471689266,39.170731604],[-77.51660503,39.170731604]]]}, "properties" : {"grid_id" : 686, "lisa_cluster" : "High-Low"}}, {"type" : "Feature", "geometry" : {"type":"Polygon","coordinates":[[[-77.51660503,39.205544703],[-77.51660503,39.240340556],[-77.471689266,39.240340556],[-77.471689266,39.205544703],[-77.51660503,39.205544703]]]}, "properties" : {"grid_id" : 687, "lisa_cluster" : "High-High"}}, {"type" : "Feature", "geometry" : {"type":"Polygon","coordinates":[[[-77.471689266,39.205544703],[-77.471689266,39.240340556],[-77.426773502,39.240340556],[-77.426773502,39.205544703],[-77.471689266,39.205544703]]]}, "properties" : {"grid_id" : 688, "lisa_cluster" : "Low-Low"}}, {"type" : "Feature", "geometry" : {"type":"Polygon","coordinates":[[[-77.51660503,39.205544703],[-77.51660503,39.240340556],[-77.471689266,39.240340556],[-77.471689266,39.205544703],[-77.51660503,39.205544703]]]}, "properties" : {"grid_id" : 689, "lisa_cluster" : "High-High"}}, {"type" : "Feature", "geometry" : {"type":"Polygon","coordinates":[[[-77.471689266,39.205544703],[-77.471689266,39.240340556],[-77.426773502,39.240340556],[-77.426773502,39.205544703],[-77.471689266,39.205544703]]]}, "properties" : {"grid_id" : 690, "lisa_cluster" : "Low-Low"}}, {"type" : "Feature", "geometry" : {"type":"Polygon","coordinates":[[[-77.51660503,39.240340556],[-77.51660503,39.275119158],[-77.471689266,39.275119158],[-77.471689266,39.240340556],[-77.51660503,39.240340556]]]}, "properties" : {"grid_id" : 691, "lisa_cluster" : "Low-Low"}}, {"type" : "Feature", "geometry" : {"type":"Polygon","coordinates":[[[-77.51660503,39.240340556],[-77.51660503,39.275119158],[-77.471689266,39.275119158],[-77.471689266,39.240340556],[-77.51660503,39.240340556]]]}, "properties" : {"grid_id" : 692, "lisa_cluster" : "Low-Low"}}, {"type" : "Feature", "geometry" : {"type":"Polygon","coordinates":[[[-77.51660503,39.240340556],[-77.51660503,39.275119158],[-77.471689266,39.275119158],[-77.471689266,39.240340556],[-77.51660503,39.240340556]]]}, "properties" : {"grid_id" : 693, "lisa_cluster" : "Low-Low"}}, {"type" : "Feature", "geometry" : {"type":"Polygon","coordinates":[[[-77.422048364,38.961365347],[-77.422048364,38.996281895],[-77.377132599,38.996281895],[-77.377132599,38.961365347],[-77.422048364,38.961365347]]]}, "properties" : {"grid_id" : 694, "lisa_cluster" : "Not Significant"}}, {"type" : "Feature", "geometry" : {"type":"Polygon","coordinates":[[[-77.422048364,38.961365347],[-77.422048364,38.996281895],[-77.377132599,38.996281895],[-77.377132599,38.961365347],[-77.422048364,38.961365347]]]}, "properties" : {"grid_id" : 695, "lisa_cluster" : "Not Significant"}}, {"type" : "Feature", "geometry" : {"type":"Polygon","coordinates":[[[-77.422048364,38.961365347],[-77.422048364,38.996281895],[-77.377132599,38.996281895],[-77.377132599,38.961365347],[-77.422048364,38.961365347]]]}, "properties" : {"grid_id" : 696, "lisa_cluster" : "Not Significant"}}, {"type" : "Feature", "geometry" : {"type":"Polygon","coordinates":[[[-77.422048364,38.961365347],[-77.422048364,38.996281895],[-77.377132599,38.996281895],[-77.377132599,38.961365347],[-77.422048364,38.961365347]]]}, "properties" : {"grid_id" : 697, "lisa_cluster" : "Not Significant"}}, {"type" : "Feature", "geometry" : {"type":"Polygon","coordinates":[[[-77.514386192,38.67559994],[-77.514386192,38.710656935],[-77.469470427,38.710656935],[-77.469470427,38.67559994],[-77.514386192,38.67559994]]]}, "properties" : {"grid_id" : 698, "lisa_cluster" : "High-Low"}}, {"type" : "Feature", "geometry" : {"type":"Polygon","coordinates":[[[-77.559301956,38.67559994],[-77.559301956,38.710656935],[-77.514386192,38.710656935],[-77.514386192,38.67559994],[-77.559301956,38.67559994]]]}, "properties" : {"grid_id" : 699, "lisa_cluster" : "Low-Low"}}, {"type" : "Feature", "geometry" : {"type":"Polygon","coordinates":[[[-77.514386192,38.67559994],[-77.514386192,38.710656935],[-77.469470427,38.710656935],[-77.469470427,38.67559994],[-77.514386192,38.67559994]]]}, "properties" : {"grid_id" : 700, "lisa_cluster" : "High-Low"}}, {"type" : "Feature", "geometry" : {"type":"Polygon","coordinates":[[[-77.60421772,38.67559994],[-77.60421772,38.710656935],[-77.559301956,38.710656935],[-77.559301956,38.67559994],[-77.60421772,38.67559994]]]}, "properties" : {"grid_id" : 701, "lisa_cluster" : "Low-Low"}}, {"type" : "Feature", "geometry" : {"type":"Polygon","coordinates":[[[-77.559301956,38.67559994],[-77.559301956,38.710656935],[-77.514386192,38.710656935],[-77.514386192,38.67559994],[-77.559301956,38.67559994]]]}, "properties" : {"grid_id" : 702, "lisa_cluster" : "Low-Low"}}, {"type" : "Feature", "geometry" : {"type":"Polygon","coordinates":[[[-77.514386192,38.67559994],[-77.514386192,38.710656935],[-77.469470427,38.710656935],[-77.469470427,38.67559994],[-77.514386192,38.67559994]]]}, "properties" : {"grid_id" : 703, "lisa_cluster" : "High-Low"}}, {"type" : "Feature", "geometry" : {"type":"Polygon","coordinates":[[[-77.514386192,38.710656935],[-77.514386192,38.745696747],[-77.469470427,38.745696747],[-77.469470427,38.710656935],[-77.514386192,38.710656935]]]}, "properties" : {"grid_id" : 704, "lisa_cluster" : "Low-Low"}}, {"type" : "Feature", "geometry" : {"type":"Polygon","coordinates":[[[-77.559301956,38.710656935],[-77.559301956,38.745696747],[-77.514386192,38.745696747],[-77.514386192,38.710656935],[-77.559301956,38.710656935]]]}, "properties" : {"grid_id" : 705, "lisa_cluster" : "Low-High"}}, {"type" : "Feature", "geometry" : {"type":"Polygon","coordinates":[[[-77.514386192,38.710656935],[-77.514386192,38.745696747],[-77.469470427,38.745696747],[-77.469470427,38.710656935],[-77.514386192,38.710656935]]]}, "properties" : {"grid_id" : 706, "lisa_cluster" : "Low-Low"}}, {"type" : "Feature", "geometry" : {"type":"Polygon","coordinates":[[[-77.60421772,38.710656935],[-77.60421772,38.745696747],[-77.559301956,38.745696747],[-77.559301956,38.710656935],[-77.60421772,38.710656935]]]}, "properties" : {"grid_id" : 707, "lisa_cluster" : "Low-Low"}}, {"type" : "Feature", "geometry" : {"type":"Polygon","coordinates":[[[-77.559301956,38.710656935],[-77.559301956,38.745696747],[-77.514386192,38.745696747],[-77.514386192,38.710656935],[-77.559301956,38.710656935]]]}, "properties" : {"grid_id" : 708, "lisa_cluster" : "Low-High"}}, {"type" : "Feature", "geometry" : {"type":"Polygon","coordinates":[[[-77.559301956,38.710656935],[-77.559301956,38.745696747],[-77.514386192,38.745696747],[-77.514386192,38.710656935],[-77.559301956,38.710656935]]]}, "properties" : {"grid_id" : 709, "lisa_cluster" : "Low-High"}}, {"type" : "Feature", "geometry" : {"type":"Polygon","coordinates":[[[-77.60421772,38.710656935],[-77.60421772,38.745696747],[-77.559301956,38.745696747],[-77.559301956,38.710656935],[-77.60421772,38.710656935]]]}, "properties" : {"grid_id" : 710, "lisa_cluster" : "Low-Low"}}, {"type" : "Feature", "geometry" : {"type":"Polygon","coordinates":[[[-77.559301956,38.710656935],[-77.559301956,38.745696747],[-77.514386192,38.745696747],[-77.514386192,38.710656935],[-77.559301956,38.710656935]]]}, "properties" : {"grid_id" : 711, "lisa_cluster" : "Low-High"}}, {"type" : "Feature", "geometry" : {"type":"Polygon","coordinates":[[[-77.514386192,38.745696747],[-77.514386192,38.780719371],[-77.469470427,38.780719371],[-77.469470427,38.745696747],[-77.514386192,38.745696747]]]}, "properties" : {"grid_id" : 712, "lisa_cluster" : "Low-Low"}}, {"type" : "Feature", "geometry" : {"type":"Polygon","coordinates":[[[-77.60421772,38.745696747],[-77.60421772,38.780719371],[-77.559301956,38.780719371],[-77.559301956,38.745696747],[-77.60421772,38.745696747]]]}, "properties" : {"grid_id" : 713, "lisa_cluster" : "High-High"}}, {"type" : "Feature", "geometry" : {"type":"Polygon","coordinates":[[[-77.559301956,38.745696747],[-77.559301956,38.780719371],[-77.514386192,38.780719371],[-77.514386192,38.745696747],[-77.559301956,38.745696747]]]}, "properties" : {"grid_id" : 714, "lisa_cluster" : "Low-High"}}, {"type" : "Feature", "geometry" : {"type":"Polygon","coordinates":[[[-77.514386192,38.745696747],[-77.514386192,38.780719371],[-77.469470427,38.780719371],[-77.469470427,38.745696747],[-77.514386192,38.745696747]]]}, "properties" : {"grid_id" : 715, "lisa_cluster" : "Low-Low"}}, {"type" : "Feature", "geometry" : {"type":"Polygon","coordinates":[[[-77.60421772,38.745696747],[-77.60421772,38.780719371],[-77.559301956,38.780719371],[-77.559301956,38.745696747],[-77.60421772,38.745696747]]]}, "properties" : {"grid_id" : 716, "lisa_cluster" : "High-High"}}, {"type" : "Feature", "geometry" : {"type":"Polygon","coordinates":[[[-77.559301956,38.745696747],[-77.559301956,38.780719371],[-77.514386192,38.780719371],[-77.514386192,38.745696747],[-77.559301956,38.745696747]]]}, "properties" : {"grid_id" : 717, "lisa_cluster" : "Low-High"}}, {"type" : "Feature", "geometry" : {"type":"Polygon","coordinates":[[[-77.60421772,38.745696747],[-77.60421772,38.780719371],[-77.559301956,38.780719371],[-77.559301956,38.745696747],[-77.60421772,38.745696747]]]}, "properties" : {"grid_id" : 718, "lisa_cluster" : "High-High"}}, {"type" : "Feature", "geometry" : {"type":"Polygon","coordinates":[[[-77.559301956,38.745696747],[-77.559301956,38.780719371],[-77.514386192,38.780719371],[-77.514386192,38.745696747],[-77.559301956,38.745696747]]]}, "properties" : {"grid_id" : 719, "lisa_cluster" : "Low-High"}}, {"type" : "Feature", "geometry" : {"type":"Polygon","coordinates":[[[-77.514386192,38.745696747],[-77.514386192,38.780719371],[-77.469470427,38.780719371],[-77.469470427,38.745696747],[-77.514386192,38.745696747]]]}, "properties" : {"grid_id" : 720, "lisa_cluster" : "Low-Low"}}, {"type" : "Feature", "geometry" : {"type":"Polygon","coordinates":[[[-77.60421772,38.745696747],[-77.60421772,38.780719371],[-77.559301956,38.780719371],[-77.559301956,38.745696747],[-77.60421772,38.745696747]]]}, "properties" : {"grid_id" : 721, "lisa_cluster" : "High-High"}}, {"type" : "Feature", "geometry" : {"type":"Polygon","coordinates":[[[-77.514386192,38.780719371],[-77.514386192,38.815724803],[-77.469470427,38.815724803],[-77.469470427,38.780719371],[-77.514386192,38.780719371]]]}, "properties" : {"grid_id" : 722, "lisa_cluster" : "High-High"}}, {"type" : "Feature", "geometry" : {"type":"Polygon","coordinates":[[[-77.60421772,38.780719371],[-77.60421772,38.815724803],[-77.559301956,38.815724803],[-77.559301956,38.780719371],[-77.60421772,38.780719371]]]}, "properties" : {"grid_id" : 723, "lisa_cluster" : "Low-Low"}}, {"type" : "Feature", "geometry" : {"type":"Polygon","coordinates":[[[-77.514386192,38.780719371],[-77.514386192,38.815724803],[-77.469470427,38.815724803],[-77.469470427,38.780719371],[-77.514386192,38.780719371]]]}, "properties" : {"grid_id" : 724, "lisa_cluster" : "High-High"}}, {"type" : "Feature", "geometry" : {"type":"Polygon","coordinates":[[[-77.514386192,38.780719371],[-77.514386192,38.815724803],[-77.469470427,38.815724803],[-77.469470427,38.780719371],[-77.514386192,38.780719371]]]}, "properties" : {"grid_id" : 725, "lisa_cluster" : "High-High"}}, {"type" : "Feature", "geometry" : {"type":"Polygon","coordinates":[[[-77.60421772,38.780719371],[-77.60421772,38.815724803],[-77.559301956,38.815724803],[-77.559301956,38.780719371],[-77.60421772,38.780719371]]]}, "properties" : {"grid_id" : 726, "lisa_cluster" : "Low-Low"}}, {"type" : "Feature", "geometry" : {"type":"Polygon","coordinates":[[[-77.60421772,38.780719371],[-77.60421772,38.815724803],[-77.559301956,38.815724803],[-77.559301956,38.780719371],[-77.60421772,38.780719371]]]}, "properties" : {"grid_id" : 727, "lisa_cluster" : "Low-Low"}}, {"type" : "Feature", "geometry" : {"type":"Polygon","coordinates":[[[-77.559301956,38.780719371],[-77.559301956,38.815724803],[-77.514386192,38.815724803],[-77.514386192,38.780719371],[-77.559301956,38.780719371]]]}, "properties" : {"grid_id" : 728, "lisa_cluster" : "Low-Low"}}, {"type" : "Feature", "geometry" : {"type":"Polygon","coordinates":[[[-77.514386192,38.780719371],[-77.514386192,38.815724803],[-77.469470427,38.815724803],[-77.469470427,38.780719371],[-77.514386192,38.780719371]]]}, "properties" : {"grid_id" : 729, "lisa_cluster" : "High-High"}}, {"type" : "Feature", "geometry" : {"type":"Polygon","coordinates":[[[-77.495880897,38.740511938],[-77.495880897,38.775537106],[-77.450965133,38.775537106],[-77.450965133,38.740511938],[-77.495880897,38.740511938]]]}, "properties" : {"grid_id" : 730, "lisa_cluster" : "Low-Low"}}, {"type" : "Feature", "geometry" : {"type":"Polygon","coordinates":[[[-77.540796661,38.740511938],[-77.540796661,38.775537106],[-77.495880897,38.775537106],[-77.495880897,38.740511938],[-77.540796661,38.740511938]]]}, "properties" : {"grid_id" : 731, "lisa_cluster" : "Low-Low"}}, {"type" : "Feature", "geometry" : {"type":"Polygon","coordinates":[[[-77.495880897,38.740511938],[-77.495880897,38.775537106],[-77.450965133,38.775537106],[-77.450965133,38.740511938],[-77.495880897,38.740511938]]]}, "properties" : {"grid_id" : 732, "lisa_cluster" : "Low-Low"}}, {"type" : "Feature", "geometry" : {"type":"Polygon","coordinates":[[[-77.585712425,38.740511938],[-77.585712425,38.775537106],[-77.540796661,38.775537106],[-77.540796661,38.740511938],[-77.585712425,38.740511938]]]}, "properties" : {"grid_id" : 733, "lisa_cluster" : "High-High"}}, {"type" : "Feature", "geometry" : {"type":"Polygon","coordinates":[[[-77.540796661,38.740511938],[-77.540796661,38.775537106],[-77.495880897,38.775537106],[-77.495880897,38.740511938],[-77.540796661,38.740511938]]]}, "properties" : {"grid_id" : 734, "lisa_cluster" : "Low-Low"}}, {"type" : "Feature", "geometry" : {"type":"Polygon","coordinates":[[[-77.585712425,38.740511938],[-77.585712425,38.775537106],[-77.540796661,38.775537106],[-77.540796661,38.740511938],[-77.585712425,38.740511938]]]}, "properties" : {"grid_id" : 735, "lisa_cluster" : "High-High"}}, {"type" : "Feature", "geometry" : {"type":"Polygon","coordinates":[[[-77.540796661,38.740511938],[-77.540796661,38.775537106],[-77.495880897,38.775537106],[-77.495880897,38.740511938],[-77.540796661,38.740511938]]]}, "properties" : {"grid_id" : 736, "lisa_cluster" : "Low-Low"}}, {"type" : "Feature", "geometry" : {"type":"Polygon","coordinates":[[[-77.495880897,38.740511938],[-77.495880897,38.775537106],[-77.450965133,38.775537106],[-77.450965133,38.740511938],[-77.495880897,38.740511938]]]}, "properties" : {"grid_id" : 737, "lisa_cluster" : "Low-Low"}}, {"type" : "Feature", "geometry" : {"type":"Polygon","coordinates":[[[-77.585712425,38.740511938],[-77.585712425,38.775537106],[-77.540796661,38.775537106],[-77.540796661,38.740511938],[-77.585712425,38.740511938]]]}, "properties" : {"grid_id" : 738, "lisa_cluster" : "High-High"}}, {"type" : "Feature", "geometry" : {"type":"Polygon","coordinates":[[[-77.495880897,38.775537106],[-77.495880897,38.810545083],[-77.450965133,38.810545083],[-77.450965133,38.775537106],[-77.495880897,38.775537106]]]}, "properties" : {"grid_id" : 739, "lisa_cluster" : "High-Low"}}, {"type" : "Feature", "geometry" : {"type":"Polygon","coordinates":[[[-77.585712425,38.775537106],[-77.585712425,38.810545083],[-77.540796661,38.810545083],[-77.540796661,38.775537106],[-77.585712425,38.775537106]]]}, "properties" : {"grid_id" : 740, "lisa_cluster" : "Low-High"}}, {"type" : "Feature", "geometry" : {"type":"Polygon","coordinates":[[[-77.495880897,38.775537106],[-77.495880897,38.810545083],[-77.450965133,38.810545083],[-77.450965133,38.775537106],[-77.495880897,38.775537106]]]}, "properties" : {"grid_id" : 741, "lisa_cluster" : "High-Low"}}, {"type" : "Feature", "geometry" : {"type":"Polygon","coordinates":[[[-77.495880897,38.775537106],[-77.495880897,38.810545083],[-77.450965133,38.810545083],[-77.450965133,38.775537106],[-77.495880897,38.775537106]]]}, "properties" : {"grid_id" : 742, "lisa_cluster" : "High-Low"}}, {"type" : "Feature", "geometry" : {"type":"Polygon","coordinates":[[[-77.585712425,38.775537106],[-77.585712425,38.810545083],[-77.540796661,38.810545083],[-77.540796661,38.775537106],[-77.585712425,38.775537106]]]}, "properties" : {"grid_id" : 743, "lisa_cluster" : "Low-High"}}, {"type" : "Feature", "geometry" : {"type":"Polygon","coordinates":[[[-77.585712425,38.775537106],[-77.585712425,38.810545083],[-77.540796661,38.810545083],[-77.540796661,38.775537106],[-77.585712425,38.775537106]]]}, "properties" : {"grid_id" : 744, "lisa_cluster" : "Low-High"}}, {"type" : "Feature", "geometry" : {"type":"Polygon","coordinates":[[[-77.540796661,38.775537106],[-77.540796661,38.810545083],[-77.495880897,38.810545083],[-77.495880897,38.775537106],[-77.540796661,38.775537106]]]}, "properties" : {"grid_id" : 745, "lisa_cluster" : "Low-Low"}}, {"type" : "Feature", "geometry" : {"type":"Polygon","coordinates":[[[-77.495880897,38.775537106],[-77.495880897,38.810545083],[-77.450965133,38.810545083],[-77.450965133,38.775537106],[-77.495880897,38.775537106]]]}, "properties" : {"grid_id" : 746, "lisa_cluster" : "High-Low"}}, {"type" : "Feature", "geometry" : {"type":"Polygon","coordinates":[[[-77.585712425,38.810545083],[-77.585712425,38.845535864],[-77.540796661,38.845535864],[-77.540796661,38.810545083],[-77.585712425,38.810545083]]]}, "properties" : {"grid_id" : 747, "lisa_cluster" : "Low-Low"}}, {"type" : "Feature", "geometry" : {"type":"Polygon","coordinates":[[[-77.585712425,38.810545083],[-77.585712425,38.845535864],[-77.540796661,38.845535864],[-77.540796661,38.810545083],[-77.585712425,38.810545083]]]}, "properties" : {"grid_id" : 748, "lisa_cluster" : "Low-Low"}}, {"type" : "Feature", "geometry" : {"type":"Polygon","coordinates":[[[-77.540796661,38.810545083],[-77.540796661,38.845535864],[-77.495880897,38.845535864],[-77.495880897,38.810545083],[-77.540796661,38.810545083]]]}, "properties" : {"grid_id" : 749, "lisa_cluster" : "Low-Low"}}, {"type" : "Feature", "geometry" : {"type":"Polygon","coordinates":[[[-77.495880897,38.810545083],[-77.495880897,38.845535864],[-77.450965133,38.845535864],[-77.450965133,38.810545083],[-77.495880897,38.810545083]]]}, "properties" : {"grid_id" : 750, "lisa_cluster" : "High-High"}}, {"type" : "Feature", "geometry" : {"type":"Polygon","coordinates":[[[-77.585712425,38.810545083],[-77.585712425,38.845535864],[-77.540796661,38.845535864],[-77.540796661,38.810545083],[-77.585712425,38.810545083]]]}, "properties" : {"grid_id" : 751, "lisa_cluster" : "Low-Low"}}, {"type" : "Feature", "geometry" : {"type":"Polygon","coordinates":[[[-77.540796661,38.810545083],[-77.540796661,38.845535864],[-77.495880897,38.845535864],[-77.495880897,38.810545083],[-77.540796661,38.810545083]]]}, "properties" : {"grid_id" : 752, "lisa_cluster" : "Low-Low"}}, {"type" : "Feature", "geometry" : {"type":"Polygon","coordinates":[[[-77.495880897,38.810545083],[-77.495880897,38.845535864],[-77.450965133,38.845535864],[-77.450965133,38.810545083],[-77.495880897,38.810545083]]]}, "properties" : {"grid_id" : 753, "lisa_cluster" : "High-High"}}, {"type" : "Feature", "geometry" : {"type":"Polygon","coordinates":[[[-77.540796661,38.810545083],[-77.540796661,38.845535864],[-77.495880897,38.845535864],[-77.495880897,38.810545083],[-77.540796661,38.810545083]]]}, "properties" : {"grid_id" : 754, "lisa_cluster" : "Low-Low"}}, {"type" : "Feature", "geometry" : {"type":"Polygon","coordinates":[[[-77.495880897,38.810545083],[-77.495880897,38.845535864],[-77.450965133,38.845535864],[-77.450965133,38.810545083],[-77.495880897,38.810545083]]]}, "properties" : {"grid_id" : 755, "lisa_cluster" : "High-High"}}, {"type" : "Feature", "geometry" : {"type":"Polygon","coordinates":[[[-77.585712425,38.845535864],[-77.585712425,38.880509445],[-77.540796661,38.880509445],[-77.540796661,38.845535864],[-77.585712425,38.845535864]]]}, "properties" : {"grid_id" : 756, "lisa_cluster" : "Low-Low"}}, {"type" : "Feature", "geometry" : {"type":"Polygon","coordinates":[[[-77.585712425,38.845535864],[-77.585712425,38.880509445],[-77.540796661,38.880509445],[-77.540796661,38.845535864],[-77.585712425,38.845535864]]]}, "properties" : {"grid_id" : 757, "lisa_cluster" : "Low-Low"}}, {"type" : "Feature", "geometry" : {"type":"Polygon","coordinates":[[[-77.585712425,38.845535864],[-77.585712425,38.880509445],[-77.540796661,38.880509445],[-77.540796661,38.845535864],[-77.585712425,38.845535864]]]}, "properties" : {"grid_id" : 758, "lisa_cluster" : "Low-Low"}}, {"type" : "Feature", "geometry" : {"type":"Polygon","coordinates":[[[-77.540796661,38.845535864],[-77.540796661,38.880509445],[-77.495880897,38.880509445],[-77.495880897,38.845535864],[-77.540796661,38.845535864]]]}, "properties" : {"grid_id" : 759, "lisa_cluster" : "High-High"}}, {"type" : "Feature", "geometry" : {"type":"Polygon","coordinates":[[[-77.585712425,38.845535864],[-77.585712425,38.880509445],[-77.540796661,38.880509445],[-77.540796661,38.845535864],[-77.585712425,38.845535864]]]}, "properties" : {"grid_id" : 760, "lisa_cluster" : "Low-Low"}}, {"type" : "Feature", "geometry" : {"type":"Polygon","coordinates":[[[-77.540796661,38.845535864],[-77.540796661,38.880509445],[-77.495880897,38.880509445],[-77.495880897,38.845535864],[-77.540796661,38.845535864]]]}, "properties" : {"grid_id" : 761, "lisa_cluster" : "High-High"}}, {"type" : "Feature", "geometry" : {"type":"Polygon","coordinates":[[[-77.495880897,38.845535864],[-77.495880897,38.880509445],[-77.450965133,38.880509445],[-77.450965133,38.845535864],[-77.495880897,38.845535864]]]}, "properties" : {"grid_id" : 762, "lisa_cluster" : "Low-High"}}, {"type" : "Feature", "geometry" : {"type":"Polygon","coordinates":[[[-77.540796661,38.845535864],[-77.540796661,38.880509445],[-77.495880897,38.880509445],[-77.495880897,38.845535864],[-77.540796661,38.845535864]]]}, "properties" : {"grid_id" : 763, "lisa_cluster" : "High-High"}}, {"type" : "Feature", "geometry" : {"type":"Polygon","coordinates":[[[-77.495880897,38.845535864],[-77.495880897,38.880509445],[-77.450965133,38.880509445],[-77.450965133,38.845535864],[-77.495880897,38.845535864]]]}, "properties" : {"grid_id" : 764, "lisa_cluster" : "Low-High"}}, {"type" : "Feature", "geometry" : {"type":"Polygon","coordinates":[[[-77.918322642,39.046036129],[-77.918322642,39.080910897],[-77.873406878,39.080910897],[-77.873406878,39.046036129],[-77.918322642,39.046036129]]]}, "properties" : {"grid_id" : 765, "lisa_cluster" : "Not Significant"}}, {"type" : "Feature", "geometry" : {"type":"Polygon","coordinates":[[[-77.918322642,39.046036129],[-77.918322642,39.080910897],[-77.873406878,39.080910897],[-77.873406878,39.046036129],[-77.918322642,39.046036129]]]}, "properties" : {"grid_id" : 766, "lisa_cluster" : "Not Significant"}}, {"type" : "Feature", "geometry" : {"type":"Polygon","coordinates":[[[-77.918322642,39.046036129],[-77.918322642,39.080910897],[-77.873406878,39.080910897],[-77.873406878,39.046036129],[-77.918322642,39.046036129]]]}, "properties" : {"grid_id" : 767, "lisa_cluster" : "Not Significant"}}, {"type" : "Feature", "geometry" : {"type":"Polygon","coordinates":[[[-77.386762539,38.627754505],[-77.386762539,38.662834929],[-77.341846775,38.662834929],[-77.341846775,38.627754505],[-77.386762539,38.627754505]]]}, "properties" : {"grid_id" : 768, "lisa_cluster" : "High-High"}}, {"type" : "Feature", "geometry" : {"type":"Polygon","coordinates":[[[-77.386762539,38.627754505],[-77.386762539,38.662834929],[-77.341846775,38.662834929],[-77.341846775,38.627754505],[-77.386762539,38.627754505]]]}, "properties" : {"grid_id" : 769, "lisa_cluster" : "High-High"}}, {"type" : "Feature", "geometry" : {"type":"Polygon","coordinates":[[[-77.341846775,38.627754505],[-77.341846775,38.662834929],[-77.296931011,38.662834929],[-77.296931011,38.627754505],[-77.341846775,38.627754505]]]}, "properties" : {"grid_id" : 770, "lisa_cluster" : "Low-High"}}, {"type" : "Feature", "geometry" : {"type":"Polygon","coordinates":[[[-77.296931011,38.627754505],[-77.296931011,38.662834929],[-77.252015247,38.662834929],[-77.252015247,38.627754505],[-77.296931011,38.627754505]]]}, "properties" : {"grid_id" : 771, "lisa_cluster" : "Low-Low"}}, {"type" : "Feature", "geometry" : {"type":"Polygon","coordinates":[[[-77.341846775,38.627754505],[-77.341846775,38.662834929],[-77.296931011,38.662834929],[-77.296931011,38.627754505],[-77.341846775,38.627754505]]]}, "properties" : {"grid_id" : 772, "lisa_cluster" : "Low-High"}}, {"type" : "Feature", "geometry" : {"type":"Polygon","coordinates":[[[-77.296931011,38.627754505],[-77.296931011,38.662834929],[-77.252015247,38.662834929],[-77.252015247,38.627754505],[-77.296931011,38.627754505]]]}, "properties" : {"grid_id" : 773, "lisa_cluster" : "Low-Low"}}, {"type" : "Feature", "geometry" : {"type":"Polygon","coordinates":[[[-77.386762539,38.627754505],[-77.386762539,38.662834929],[-77.341846775,38.662834929],[-77.341846775,38.627754505],[-77.386762539,38.627754505]]]}, "properties" : {"grid_id" : 774, "lisa_cluster" : "High-High"}}, {"type" : "Feature", "geometry" : {"type":"Polygon","coordinates":[[[-77.386762539,38.662834929],[-77.386762539,38.697898177],[-77.341846775,38.697898177],[-77.341846775,38.662834929],[-77.386762539,38.662834929]]]}, "properties" : {"grid_id" : 775, "lisa_cluster" : "Low-Low"}}, {"type" : "Feature", "geometry" : {"type":"Polygon","coordinates":[[[-77.386762539,38.662834929],[-77.386762539,38.697898177],[-77.341846775,38.697898177],[-77.341846775,38.662834929],[-77.386762539,38.662834929]]]}, "properties" : {"grid_id" : 776, "lisa_cluster" : "Low-Low"}}, {"type" : "Feature", "geometry" : {"type":"Polygon","coordinates":[[[-77.386762539,38.662834929],[-77.386762539,38.697898177],[-77.341846775,38.697898177],[-77.341846775,38.662834929],[-77.386762539,38.662834929]]]}, "properties" : {"grid_id" : 777, "lisa_cluster" : "Low-Low"}}, {"type" : "Feature", "geometry" : {"type":"Polygon","coordinates":[[[-77.386762539,38.697898177],[-77.386762539,38.732944244],[-77.341846775,38.732944244],[-77.341846775,38.697898177],[-77.386762539,38.697898177]]]}, "properties" : {"grid_id" : 778, "lisa_cluster" : "Low-Low"}}, {"type" : "Feature", "geometry" : {"type":"Polygon","coordinates":[[[-77.386762539,38.697898177],[-77.386762539,38.732944244],[-77.341846775,38.732944244],[-77.341846775,38.697898177],[-77.386762539,38.697898177]]]}, "properties" : {"grid_id" : 779, "lisa_cluster" : "Low-Low"}}, {"type" : "Feature", "geometry" : {"type":"Polygon","coordinates":[[[-77.71023689,38.79793019],[-77.71023689,38.832927169],[-77.665321126,38.832927169],[-77.665321126,38.79793019],[-77.71023689,38.79793019]]]}, "properties" : {"grid_id" : 780, "lisa_cluster" : "Low-High"}}, {"type" : "Feature", "geometry" : {"type":"Polygon","coordinates":[[[-77.71023689,38.79793019],[-77.71023689,38.832927169],[-77.665321126,38.832927169],[-77.665321126,38.79793019],[-77.71023689,38.79793019]]]}, "properties" : {"grid_id" : 781, "lisa_cluster" : "Low-High"}}, {"type" : "Feature", "geometry" : {"type":"Polygon","coordinates":[[[-77.665321126,38.79793019],[-77.665321126,38.832927169],[-77.620405361,38.832927169],[-77.620405361,38.79793019],[-77.665321126,38.79793019]]]}, "properties" : {"grid_id" : 782, "lisa_cluster" : "Low-Low"}}, {"type" : "Feature", "geometry" : {"type":"Polygon","coordinates":[[[-77.620405361,38.79793019],[-77.620405361,38.832927169],[-77.575489597,38.832927169],[-77.575489597,38.79793019],[-77.620405361,38.79793019]]]}, "properties" : {"grid_id" : 783, "lisa_cluster" : "Low-High"}}, {"type" : "Feature", "geometry" : {"type":"Polygon","coordinates":[[[-77.620405361,38.79793019],[-77.620405361,38.832927169],[-77.575489597,38.832927169],[-77.575489597,38.79793019],[-77.620405361,38.79793019]]]}, "properties" : {"grid_id" : 784, "lisa_cluster" : "Low-High"}}, {"type" : "Feature", "geometry" : {"type":"Polygon","coordinates":[[[-77.71023689,38.79793019],[-77.71023689,38.832927169],[-77.665321126,38.832927169],[-77.665321126,38.79793019],[-77.71023689,38.79793019]]]}, "properties" : {"grid_id" : 785, "lisa_cluster" : "Low-High"}}, {"type" : "Feature", "geometry" : {"type":"Polygon","coordinates":[[[-77.665321126,38.79793019],[-77.665321126,38.832927169],[-77.620405361,38.832927169],[-77.620405361,38.79793019],[-77.665321126,38.79793019]]]}, "properties" : {"grid_id" : 786, "lisa_cluster" : "Low-Low"}}, {"type" : "Feature", "geometry" : {"type":"Polygon","coordinates":[[[-77.620405361,38.79793019],[-77.620405361,38.832927169],[-77.575489597,38.832927169],[-77.575489597,38.79793019],[-77.620405361,38.79793019]]]}, "properties" : {"grid_id" : 787, "lisa_cluster" : "Low-High"}}, {"type" : "Feature", "geometry" : {"type":"Polygon","coordinates":[[[-77.71023689,38.79793019],[-77.71023689,38.832927169],[-77.665321126,38.832927169],[-77.665321126,38.79793019],[-77.71023689,38.79793019]]]}, "properties" : {"grid_id" : 788, "lisa_cluster" : "Low-High"}}, {"type" : "Feature", "geometry" : {"type":"Polygon","coordinates":[[[-77.71023689,38.832927169],[-77.71023689,38.867906949],[-77.665321126,38.867906949],[-77.665321126,38.832927169],[-77.71023689,38.832927169]]]}, "properties" : {"grid_id" : 789, "lisa_cluster" : "Low-High"}}, {"type" : "Feature", "geometry" : {"type":"Polygon","coordinates":[[[-77.620405361,38.832927169],[-77.620405361,38.867906949],[-77.575489597,38.867906949],[-77.575489597,38.832927169],[-77.620405361,38.832927169]]]}, "properties" : {"grid_id" : 790, "lisa_cluster" : "High-High"}}, {"type" : "Feature", "geometry" : {"type":"Polygon","coordinates":[[[-77.665321126,38.832927169],[-77.665321126,38.867906949],[-77.620405361,38.867906949],[-77.620405361,38.832927169],[-77.665321126,38.832927169]]]}, "properties" : {"grid_id" : 791, "lisa_cluster" : "High-High"}}, {"type" : "Feature", "geometry" : {"type":"Polygon","coordinates":[[[-77.620405361,38.832927169],[-77.620405361,38.867906949],[-77.575489597,38.867906949],[-77.575489597,38.832927169],[-77.620405361,38.832927169]]]}, "properties" : {"grid_id" : 792, "lisa_cluster" : "High-High"}}, {"type" : "Feature", "geometry" : {"type":"Polygon","coordinates":[[[-77.71023689,38.832927169],[-77.71023689,38.867906949],[-77.665321126,38.867906949],[-77.665321126,38.832927169],[-77.71023689,38.832927169]]]}, "properties" : {"grid_id" : 793, "lisa_cluster" : "Low-High"}}, {"type" : "Feature", "geometry" : {"type":"Polygon","coordinates":[[[-77.665321126,38.832927169],[-77.665321126,38.867906949],[-77.620405361,38.867906949],[-77.620405361,38.832927169],[-77.665321126,38.832927169]]]}, "properties" : {"grid_id" : 794, "lisa_cluster" : "High-High"}}, {"type" : "Feature", "geometry" : {"type":"Polygon","coordinates":[[[-77.620405361,38.832927169],[-77.620405361,38.867906949],[-77.575489597,38.867906949],[-77.575489597,38.832927169],[-77.620405361,38.832927169]]]}, "properties" : {"grid_id" : 795, "lisa_cluster" : "High-High"}}, {"type" : "Feature", "geometry" : {"type":"Polygon","coordinates":[[[-77.71023689,38.832927169],[-77.71023689,38.867906949],[-77.665321126,38.867906949],[-77.665321126,38.832927169],[-77.71023689,38.832927169]]]}, "properties" : {"grid_id" : 796, "lisa_cluster" : "Low-High"}}, {"type" : "Feature", "geometry" : {"type":"Polygon","coordinates":[[[-77.620405361,38.867906949],[-77.620405361,38.902869526],[-77.575489597,38.902869526],[-77.575489597,38.867906949],[-77.620405361,38.867906949]]]}, "properties" : {"grid_id" : 797, "lisa_cluster" : "Low-High"}}, {"type" : "Feature", "geometry" : {"type":"Polygon","coordinates":[[[-77.620405361,38.867906949],[-77.620405361,38.902869526],[-77.575489597,38.902869526],[-77.575489597,38.867906949],[-77.620405361,38.867906949]]]}, "properties" : {"grid_id" : 798, "lisa_cluster" : "Low-High"}}, {"type" : "Feature", "geometry" : {"type":"Polygon","coordinates":[[[-77.620405361,38.867906949],[-77.620405361,38.902869526],[-77.575489597,38.902869526],[-77.575489597,38.867906949],[-77.620405361,38.867906949]]]}, "properties" : {"grid_id" : 799, "lisa_cluster" : "Low-High"}}, {"type" : "Feature", "geometry" : {"type":"Polygon","coordinates":[[[-77.71023689,38.867906949],[-77.71023689,38.902869526],[-77.665321126,38.902869526],[-77.665321126,38.867906949],[-77.71023689,38.867906949]]]}, "properties" : {"grid_id" : 800, "lisa_cluster" : "Low-Low"}}, {"type" : "Feature", "geometry" : {"type":"Polygon","coordinates":[[[-77.665321126,38.867906949],[-77.665321126,38.902869526],[-77.620405361,38.902869526],[-77.620405361,38.867906949],[-77.665321126,38.867906949]]]}, "properties" : {"grid_id" : 801, "lisa_cluster" : "High-Low"}}, {"type" : "Feature", "geometry" : {"type":"Polygon","coordinates":[[[-77.620405361,38.867906949],[-77.620405361,38.902869526],[-77.575489597,38.902869526],[-77.575489597,38.867906949],[-77.620405361,38.867906949]]]}, "properties" : {"grid_id" : 802, "lisa_cluster" : "Low-High"}}, {"type" : "Feature", "geometry" : {"type":"Polygon","coordinates":[[[-77.71023689,38.867906949],[-77.71023689,38.902869526],[-77.665321126,38.902869526],[-77.665321126,38.867906949],[-77.71023689,38.867906949]]]}, "properties" : {"grid_id" : 803, "lisa_cluster" : "Low-Low"}}, {"type" : "Feature", "geometry" : {"type":"Polygon","coordinates":[[[-77.665321126,38.902869526],[-77.665321126,38.937814894],[-77.620405361,38.937814894],[-77.620405361,38.902869526],[-77.665321126,38.902869526]]]}, "properties" : {"grid_id" : 804, "lisa_cluster" : "High-Low"}}, {"type" : "Feature", "geometry" : {"type":"Polygon","coordinates":[[[-77.620405361,38.902869526],[-77.620405361,38.937814894],[-77.575489597,38.937814894],[-77.575489597,38.902869526],[-77.620405361,38.902869526]]]}, "properties" : {"grid_id" : 805, "lisa_cluster" : "High-High"}}, {"type" : "Feature", "geometry" : {"type":"Polygon","coordinates":[[[-77.71023689,38.902869526],[-77.71023689,38.937814894],[-77.665321126,38.937814894],[-77.665321126,38.902869526],[-77.71023689,38.902869526]]]}, "properties" : {"grid_id" : 806, "lisa_cluster" : "Low-Low"}}, {"type" : "Feature", "geometry" : {"type":"Polygon","coordinates":[[[-77.665321126,38.902869526],[-77.665321126,38.937814894],[-77.620405361,38.937814894],[-77.620405361,38.902869526],[-77.665321126,38.902869526]]]}, "properties" : {"grid_id" : 807, "lisa_cluster" : "High-Low"}}, {"type" : "Feature", "geometry" : {"type":"Polygon","coordinates":[[[-77.620405361,38.902869526],[-77.620405361,38.937814894],[-77.575489597,38.937814894],[-77.575489597,38.902869526],[-77.620405361,38.902869526]]]}, "properties" : {"grid_id" : 808, "lisa_cluster" : "High-High"}}, {"type" : "Feature", "geometry" : {"type":"Polygon","coordinates":[[[-77.71023689,38.902869526],[-77.71023689,38.937814894],[-77.665321126,38.937814894],[-77.665321126,38.902869526],[-77.71023689,38.902869526]]]}, "properties" : {"grid_id" : 809, "lisa_cluster" : "Low-Low"}}, {"type" : "Feature", "geometry" : {"type":"Polygon","coordinates":[[[-77.665321126,38.902869526],[-77.665321126,38.937814894],[-77.620405361,38.937814894],[-77.620405361,38.902869526],[-77.665321126,38.902869526]]]}, "properties" : {"grid_id" : 810, "lisa_cluster" : "High-Low"}}, {"type" : "Feature", "geometry" : {"type":"Polygon","coordinates":[[[-77.620405361,38.937814894],[-77.620405361,38.97274305],[-77.575489597,38.97274305],[-77.575489597,38.937814894],[-77.620405361,38.937814894]]]}, "properties" : {"grid_id" : 811, "lisa_cluster" : "Low-High"}}, {"type" : "Feature", "geometry" : {"type":"Polygon","coordinates":[[[-77.620405361,38.937814894],[-77.620405361,38.97274305],[-77.575489597,38.97274305],[-77.575489597,38.937814894],[-77.620405361,38.937814894]]]}, "properties" : {"grid_id" : 812, "lisa_cluster" : "Low-High"}}, {"type" : "Feature", "geometry" : {"type":"Polygon","coordinates":[[[-77.71023689,38.937814894],[-77.71023689,38.97274305],[-77.665321126,38.97274305],[-77.665321126,38.937814894],[-77.71023689,38.937814894]]]}, "properties" : {"grid_id" : 813, "lisa_cluster" : "Low-Low"}}, {"type" : "Feature", "geometry" : {"type":"Polygon","coordinates":[[[-77.665321126,38.937814894],[-77.665321126,38.97274305],[-77.620405361,38.97274305],[-77.620405361,38.937814894],[-77.665321126,38.937814894]]]}, "properties" : {"grid_id" : 814, "lisa_cluster" : "High-High"}}, {"type" : "Feature", "geometry" : {"type":"Polygon","coordinates":[[[-77.71023689,38.937814894],[-77.71023689,38.97274305],[-77.665321126,38.97274305],[-77.665321126,38.937814894],[-77.71023689,38.937814894]]]}, "properties" : {"grid_id" : 815, "lisa_cluster" : "Low-Low"}}, {"type" : "Feature", "geometry" : {"type":"Polygon","coordinates":[[[-77.665321126,38.937814894],[-77.665321126,38.97274305],[-77.620405361,38.97274305],[-77.620405361,38.937814894],[-77.665321126,38.937814894]]]}, "properties" : {"grid_id" : 816, "lisa_cluster" : "High-High"}}, {"type" : "Feature", "geometry" : {"type":"Polygon","coordinates":[[[-77.620405361,38.937814894],[-77.620405361,38.97274305],[-77.575489597,38.97274305],[-77.575489597,38.937814894],[-77.620405361,38.937814894]]]}, "properties" : {"grid_id" : 817, "lisa_cluster" : "Low-High"}}, {"type" : "Feature", "geometry" : {"type":"Polygon","coordinates":[[[-77.665321126,38.937814894],[-77.665321126,38.97274305],[-77.620405361,38.97274305],[-77.620405361,38.937814894],[-77.665321126,38.937814894]]]}, "properties" : {"grid_id" : 818, "lisa_cluster" : "High-High"}}, {"type" : "Feature", "geometry" : {"type":"Polygon","coordinates":[[[-77.71023689,38.937814894],[-77.71023689,38.97274305],[-77.665321126,38.97274305],[-77.665321126,38.937814894],[-77.71023689,38.937814894]]]}, "properties" : {"grid_id" : 819, "lisa_cluster" : "Low-Low"}}, {"type" : "Feature", "geometry" : {"type":"Polygon","coordinates":[[[-77.665321126,38.937814894],[-77.665321126,38.97274305],[-77.620405361,38.97274305],[-77.620405361,38.937814894],[-77.665321126,38.937814894]]]}, "properties" : {"grid_id" : 820, "lisa_cluster" : "High-High"}}, {"type" : "Feature", "geometry" : {"type":"Polygon","coordinates":[[[-77.397093165,38.794604583],[-77.397093165,38.829603195],[-77.352177401,38.829603195],[-77.352177401,38.794604583],[-77.397093165,38.794604583]]]}, "properties" : {"grid_id" : 821, "lisa_cluster" : "High-High"}}, {"type" : "Feature", "geometry" : {"type":"Polygon","coordinates":[[[-77.397093165,38.794604583],[-77.397093165,38.829603195],[-77.352177401,38.829603195],[-77.352177401,38.794604583],[-77.397093165,38.794604583]]]}, "properties" : {"grid_id" : 822, "lisa_cluster" : "High-High"}}, {"type" : "Feature", "geometry" : {"type":"Polygon","coordinates":[[[-77.352177401,38.794604583],[-77.352177401,38.829603195],[-77.307261637,38.829603195],[-77.307261637,38.794604583],[-77.352177401,38.794604583]]]}, "properties" : {"grid_id" : 823, "lisa_cluster" : "Low-Low"}}, {"type" : "Feature", "geometry" : {"type":"Polygon","coordinates":[[[-77.397093165,38.794604583],[-77.397093165,38.829603195],[-77.352177401,38.829603195],[-77.352177401,38.794604583],[-77.397093165,38.794604583]]]}, "properties" : {"grid_id" : 824, "lisa_cluster" : "High-High"}}, {"type" : "Feature", "geometry" : {"type":"Polygon","coordinates":[[[-77.352177401,38.794604583],[-77.352177401,38.829603195],[-77.307261637,38.829603195],[-77.307261637,38.794604583],[-77.352177401,38.794604583]]]}, "properties" : {"grid_id" : 825, "lisa_cluster" : "Low-Low"}}, {"type" : "Feature", "geometry" : {"type":"Polygon","coordinates":[[[-77.397093165,38.829603195],[-77.397093165,38.86458461],[-77.352177401,38.86458461],[-77.352177401,38.829603195],[-77.397093165,38.829603195]]]}, "properties" : {"grid_id" : 826, "lisa_cluster" : "Low-Low"}}, {"type" : "Feature", "geometry" : {"type":"Polygon","coordinates":[[[-77.397093165,38.829603195],[-77.397093165,38.86458461],[-77.352177401,38.86458461],[-77.352177401,38.829603195],[-77.397093165,38.829603195]]]}, "properties" : {"grid_id" : 827, "lisa_cluster" : "Low-Low"}}, {"type" : "Feature", "geometry" : {"type":"Polygon","coordinates":[[[-77.352177401,38.829603195],[-77.352177401,38.86458461],[-77.307261637,38.86458461],[-77.307261637,38.829603195],[-77.352177401,38.829603195]]]}, "properties" : {"grid_id" : 828, "lisa_cluster" : "Low-Low"}}, {"type" : "Feature", "geometry" : {"type":"Polygon","coordinates":[[[-77.559876878,39.170912677],[-77.559876878,39.205725686],[-77.514961113,39.205725686],[-77.514961113,39.170912677],[-77.559876878,39.170912677]]]}, "properties" : {"grid_id" : 829, "lisa_cluster" : "Low-Low"}}, {"type" : "Feature", "geometry" : {"type":"Polygon","coordinates":[[[-77.514961113,39.170912677],[-77.514961113,39.205725686],[-77.470045349,39.205725686],[-77.470045349,39.170912677],[-77.514961113,39.170912677]]]}, "properties" : {"grid_id" : 830, "lisa_cluster" : "High-High"}}, {"type" : "Feature", "geometry" : {"type":"Polygon","coordinates":[[[-77.559876878,39.170912677],[-77.559876878,39.205725686],[-77.514961113,39.205725686],[-77.514961113,39.170912677],[-77.559876878,39.170912677]]]}, "properties" : {"grid_id" : 831, "lisa_cluster" : "Low-Low"}}, {"type" : "Feature", "geometry" : {"type":"Polygon","coordinates":[[[-77.514961113,39.170912677],[-77.514961113,39.205725686],[-77.470045349,39.205725686],[-77.470045349,39.170912677],[-77.514961113,39.170912677]]]}, "properties" : {"grid_id" : 832, "lisa_cluster" : "High-High"}}, {"type" : "Feature", "geometry" : {"type":"Polygon","coordinates":[[[-77.604792642,39.205725686],[-77.604792642,39.240521449],[-77.559876878,39.240521449],[-77.559876878,39.205725686],[-77.604792642,39.205725686]]]}, "properties" : {"grid_id" : 833, "lisa_cluster" : "Low-Low"}}, {"type" : "Feature", "geometry" : {"type":"Polygon","coordinates":[[[-77.604792642,39.205725686],[-77.604792642,39.240521449],[-77.559876878,39.240521449],[-77.559876878,39.205725686],[-77.604792642,39.205725686]]]}, "properties" : {"grid_id" : 834, "lisa_cluster" : "Low-Low"}}, {"type" : "Feature", "geometry" : {"type":"Polygon","coordinates":[[[-77.514961113,39.205725686],[-77.514961113,39.240521449],[-77.470045349,39.240521449],[-77.470045349,39.205725686],[-77.514961113,39.205725686]]]}, "properties" : {"grid_id" : 835, "lisa_cluster" : "High-High"}}, {"type" : "Feature", "geometry" : {"type":"Polygon","coordinates":[[[-77.470045349,39.205725686],[-77.470045349,39.240521449],[-77.425129585,39.240521449],[-77.425129585,39.205725686],[-77.470045349,39.205725686]]]}, "properties" : {"grid_id" : 836, "lisa_cluster" : "Low-Low"}}, {"type" : "Feature", "geometry" : {"type":"Polygon","coordinates":[[[-77.604792642,39.205725686],[-77.604792642,39.240521449],[-77.559876878,39.240521449],[-77.559876878,39.205725686],[-77.604792642,39.205725686]]]}, "properties" : {"grid_id" : 837, "lisa_cluster" : "Low-Low"}}, {"type" : "Feature", "geometry" : {"type":"Polygon","coordinates":[[[-77.559876878,39.205725686],[-77.559876878,39.240521449],[-77.514961113,39.240521449],[-77.514961113,39.205725686],[-77.559876878,39.205725686]]]}, "properties" : {"grid_id" : 838, "lisa_cluster" : "High-High"}}, {"type" : "Feature", "geometry" : {"type":"Polygon","coordinates":[[[-77.514961113,39.205725686],[-77.514961113,39.240521449],[-77.470045349,39.240521449],[-77.470045349,39.205725686],[-77.514961113,39.205725686]]]}, "properties" : {"grid_id" : 839, "lisa_cluster" : "High-High"}}, {"type" : "Feature", "geometry" : {"type":"Polygon","coordinates":[[[-77.470045349,39.205725686],[-77.470045349,39.240521449],[-77.425129585,39.240521449],[-77.425129585,39.205725686],[-77.470045349,39.205725686]]]}, "properties" : {"grid_id" : 840, "lisa_cluster" : "Low-Low"}}, {"type" : "Feature", "geometry" : {"type":"Polygon","coordinates":[[[-77.604792642,39.240521449],[-77.604792642,39.275299962],[-77.559876878,39.275299962],[-77.559876878,39.240521449],[-77.604792642,39.240521449]]]}, "properties" : {"grid_id" : 841, "lisa_cluster" : "Low-Low"}}, {"type" : "Feature", "geometry" : {"type":"Polygon","coordinates":[[[-77.559876878,39.240521449],[-77.559876878,39.275299962],[-77.514961113,39.275299962],[-77.514961113,39.240521449],[-77.559876878,39.240521449]]]}, "properties" : {"grid_id" : 842, "lisa_cluster" : "High-Low"}}, {"type" : "Feature", "geometry" : {"type":"Polygon","coordinates":[[[-77.559876878,39.240521449],[-77.559876878,39.275299962],[-77.514961113,39.275299962],[-77.514961113,39.240521449],[-77.559876878,39.240521449]]]}, "properties" : {"grid_id" : 843, "lisa_cluster" : "High-Low"}}, {"type" : "Feature", "geometry" : {"type":"Polygon","coordinates":[[[-77.514961113,39.240521449],[-77.514961113,39.275299962],[-77.470045349,39.275299962],[-77.470045349,39.240521449],[-77.514961113,39.240521449]]]}, "properties" : {"grid_id" : 844, "lisa_cluster" : "Low-Low"}}, {"type" : "Feature", "geometry" : {"type":"Polygon","coordinates":[[[-77.514961113,39.240521449],[-77.514961113,39.275299962],[-77.470045349,39.275299962],[-77.470045349,39.240521449],[-77.514961113,39.240521449]]]}, "properties" : {"grid_id" : 845, "lisa_cluster" : "Low-Low"}}, {"type" : "Feature", "geometry" : {"type":"Polygon","coordinates":[[[-77.604792642,39.240521449],[-77.604792642,39.275299962],[-77.559876878,39.275299962],[-77.559876878,39.240521449],[-77.604792642,39.240521449]]]}, "properties" : {"grid_id" : 846, "lisa_cluster" : "Low-Low"}}, {"type" : "Feature", "geometry" : {"type":"Polygon","coordinates":[[[-77.559876878,39.240521449],[-77.559876878,39.275299962],[-77.514961113,39.275299962],[-77.514961113,39.240521449],[-77.559876878,39.240521449]]]}, "properties" : {"grid_id" : 847, "lisa_cluster" : "High-Low"}}, {"type" : "Feature", "geometry" : {"type":"Polygon","coordinates":[[[-77.514961113,39.240521449],[-77.514961113,39.275299962],[-77.470045349,39.275299962],[-77.470045349,39.240521449],[-77.514961113,39.240521449]]]}, "properties" : {"grid_id" : 848, "lisa_cluster" : "Low-Low"}}, {"type" : "Feature", "geometry" : {"type":"Polygon","coordinates":[[[-77.371392365,38.740525951],[-77.371392365,38.775551113],[-77.3264766,38.775551113],[-77.3264766,38.740525951],[-77.371392365,38.740525951]]]}, "properties" : {"grid_id" : 849, "lisa_cluster" : "High-Low"}}, {"type" : "Feature", "geometry" : {"type":"Polygon","coordinates":[[[-77.371392365,38.740525951],[-77.371392365,38.775551113],[-77.3264766,38.775551113],[-77.3264766,38.740525951],[-77.371392365,38.740525951]]]}, "properties" : {"grid_id" : 850, "lisa_cluster" : "High-Low"}}, {"type" : "Feature", "geometry" : {"type":"Polygon","coordinates":[[[-77.3264766,38.740525951],[-77.3264766,38.775551113],[-77.281560836,38.775551113],[-77.281560836,38.740525951],[-77.3264766,38.740525951]]]}, "properties" : {"grid_id" : 851, "lisa_cluster" : "Low-Low"}}, {"type" : "Feature", "geometry" : {"type":"Polygon","coordinates":[[[-77.371392365,38.775551113],[-77.371392365,38.810559083],[-77.3264766,38.810559083],[-77.3264766,38.775551113],[-77.371392365,38.775551113]]]}, "properties" : {"grid_id" : 852, "lisa_cluster" : "High-High"}}, {"type" : "Feature", "geometry" : {"type":"Polygon","coordinates":[[[-77.371392365,38.775551113],[-77.371392365,38.810559083],[-77.3264766,38.810559083],[-77.3264766,38.775551113],[-77.371392365,38.775551113]]]}, "properties" : {"grid_id" : 853, "lisa_cluster" : "High-High"}}, {"type" : "Feature", "geometry" : {"type":"Polygon","coordinates":[[[-77.371392365,38.775551113],[-77.371392365,38.810559083],[-77.3264766,38.810559083],[-77.3264766,38.775551113],[-77.371392365,38.775551113]]]}, "properties" : {"grid_id" : 854, "lisa_cluster" : "High-High"}}, {"type" : "Feature", "geometry" : {"type":"Polygon","coordinates":[[[-77.496824128,38.867648162],[-77.496824128,38.902610866],[-77.451908364,38.902610866],[-77.451908364,38.867648162],[-77.496824128,38.867648162]]]}, "properties" : {"grid_id" : 855, "lisa_cluster" : "High-High"}}, {"type" : "Feature", "geometry" : {"type":"Polygon","coordinates":[[[-77.496824128,38.867648162],[-77.496824128,38.902610866],[-77.451908364,38.902610866],[-77.451908364,38.867648162],[-77.496824128,38.867648162]]]}, "properties" : {"grid_id" : 856, "lisa_cluster" : "High-High"}}, {"type" : "Feature", "geometry" : {"type":"Polygon","coordinates":[[[-77.496824128,38.867648162],[-77.496824128,38.902610866],[-77.451908364,38.902610866],[-77.451908364,38.867648162],[-77.496824128,38.867648162]]]}, "properties" : {"grid_id" : 857, "lisa_cluster" : "High-High"}}, {"type" : "Feature", "geometry" : {"type":"Polygon","coordinates":[[[-77.451908364,38.867648162],[-77.451908364,38.902610866],[-77.406992599,38.902610866],[-77.406992599,38.867648162],[-77.451908364,38.867648162]]]}, "properties" : {"grid_id" : 858, "lisa_cluster" : "Low-Low"}}, {"type" : "Feature", "geometry" : {"type":"Polygon","coordinates":[[[-77.496824128,38.902610866],[-77.496824128,38.937556361],[-77.451908364,38.937556361],[-77.451908364,38.902610866],[-77.496824128,38.902610866]]]}, "properties" : {"grid_id" : 859, "lisa_cluster" : "Low-High"}}, {"type" : "Feature", "geometry" : {"type":"Polygon","coordinates":[[[-77.496824128,38.902610866],[-77.496824128,38.937556361],[-77.451908364,38.937556361],[-77.451908364,38.902610866],[-77.496824128,38.902610866]]]}, "properties" : {"grid_id" : 860, "lisa_cluster" : "Low-High"}}, {"type" : "Feature", "geometry" : {"type":"Polygon","coordinates":[[[-77.496824128,38.902610866],[-77.496824128,38.937556361],[-77.451908364,38.937556361],[-77.451908364,38.902610866],[-77.496824128,38.902610866]]]}, "properties" : {"grid_id" : 861, "lisa_cluster" : "Low-High"}}, {"type" : "Feature", "geometry" : {"type":"Polygon","coordinates":[[[-77.451908364,38.902610866],[-77.451908364,38.937556361],[-77.406992599,38.937556361],[-77.406992599,38.902610866],[-77.451908364,38.902610866]]]}, "properties" : {"grid_id" : 862, "lisa_cluster" : "Low-Low"}}, {"type" : "Feature", "geometry" : {"type":"Polygon","coordinates":[[[-77.472255205,38.556544636],[-77.472255205,38.591659886],[-77.427339441,38.591659886],[-77.427339441,38.556544636],[-77.472255205,38.556544636]]]}, "properties" : {"grid_id" : 863, "lisa_cluster" : "Low-High"}}, {"type" : "Feature", "geometry" : {"type":"Polygon","coordinates":[[[-77.651918262,38.556544636],[-77.651918262,38.591659886],[-77.607002497,38.591659886],[-77.607002497,38.556544636],[-77.651918262,38.556544636]]]}, "properties" : {"grid_id" : 864, "lisa_cluster" : "Low-Low"}}, {"type" : "Feature", "geometry" : {"type":"Polygon","coordinates":[[[-77.607002497,38.556544636],[-77.607002497,38.591659886],[-77.562086733,38.591659886],[-77.562086733,38.556544636],[-77.607002497,38.556544636]]]}, "properties" : {"grid_id" : 865, "lisa_cluster" : "Low-High"}}, {"type" : "Feature", "geometry" : {"type":"Polygon","coordinates":[[[-77.651918262,38.556544636],[-77.651918262,38.591659886],[-77.607002497,38.591659886],[-77.607002497,38.556544636],[-77.651918262,38.556544636]]]}, "properties" : {"grid_id" : 866, "lisa_cluster" : "Low-Low"}}, {"type" : "Feature", "geometry" : {"type":"Polygon","coordinates":[[[-77.607002497,38.556544636],[-77.607002497,38.591659886],[-77.562086733,38.591659886],[-77.562086733,38.556544636],[-77.607002497,38.556544636]]]}, "properties" : {"grid_id" : 867, "lisa_cluster" : "Low-High"}}, {"type" : "Feature", "geometry" : {"type":"Polygon","coordinates":[[[-77.562086733,38.556544636],[-77.562086733,38.591659886],[-77.517170969,38.591659886],[-77.517170969,38.556544636],[-77.562086733,38.556544636]]]}, "properties" : {"grid_id" : 868, "lisa_cluster" : "High-Low"}}, {"type" : "Feature", "geometry" : {"type":"Polygon","coordinates":[[[-77.562086733,38.556544636],[-77.562086733,38.591659886],[-77.517170969,38.591659886],[-77.517170969,38.556544636],[-77.562086733,38.556544636]]]}, "properties" : {"grid_id" : 869, "lisa_cluster" : "High-Low"}}, {"type" : "Feature", "geometry" : {"type":"Polygon","coordinates":[[[-77.517170969,38.556544636],[-77.517170969,38.591659886],[-77.472255205,38.591659886],[-77.472255205,38.556544636],[-77.517170969,38.556544636]]]}, "properties" : {"grid_id" : 870, "lisa_cluster" : "Low-Low"}}, {"type" : "Feature", "geometry" : {"type":"Polygon","coordinates":[[[-77.472255205,38.556544636],[-77.472255205,38.591659886],[-77.427339441,38.591659886],[-77.427339441,38.556544636],[-77.472255205,38.556544636]]]}, "properties" : {"grid_id" : 871, "lisa_cluster" : "Low-High"}}, {"type" : "Feature", "geometry" : {"type":"Polygon","coordinates":[[[-77.562086733,38.556544636],[-77.562086733,38.591659886],[-77.517170969,38.591659886],[-77.517170969,38.556544636],[-77.562086733,38.556544636]]]}, "properties" : {"grid_id" : 872, "lisa_cluster" : "High-Low"}}, {"type" : "Feature", "geometry" : {"type":"Polygon","coordinates":[[[-77.517170969,38.556544636],[-77.517170969,38.591659886],[-77.472255205,38.591659886],[-77.472255205,38.556544636],[-77.517170969,38.556544636]]]}, "properties" : {"grid_id" : 873, "lisa_cluster" : "Low-Low"}}, {"type" : "Feature", "geometry" : {"type":"Polygon","coordinates":[[[-77.472255205,38.556544636],[-77.472255205,38.591659886],[-77.427339441,38.591659886],[-77.427339441,38.556544636],[-77.472255205,38.556544636]]]}, "properties" : {"grid_id" : 874, "lisa_cluster" : "Low-High"}}, {"type" : "Feature", "geometry" : {"type":"Polygon","coordinates":[[[-77.562086733,38.556544636],[-77.562086733,38.591659886],[-77.517170969,38.591659886],[-77.517170969,38.556544636],[-77.562086733,38.556544636]]]}, "properties" : {"grid_id" : 875, "lisa_cluster" : "High-Low"}}, {"type" : "Feature", "geometry" : {"type":"Polygon","coordinates":[[[-77.472255205,38.591659886],[-77.472255205,38.62675797],[-77.427339441,38.62675797],[-77.427339441,38.591659886],[-77.472255205,38.591659886]]]}, "properties" : {"grid_id" : 876, "lisa_cluster" : "High-High"}}, {"type" : "Feature", "geometry" : {"type":"Polygon","coordinates":[[[-77.472255205,38.591659886],[-77.472255205,38.62675797],[-77.427339441,38.62675797],[-77.427339441,38.591659886],[-77.472255205,38.591659886]]]}, "properties" : {"grid_id" : 877, "lisa_cluster" : "High-High"}}, {"type" : "Feature", "geometry" : {"type":"Polygon","coordinates":[[[-77.607002497,38.591659886],[-77.607002497,38.62675797],[-77.562086733,38.62675797],[-77.562086733,38.591659886],[-77.607002497,38.591659886]]]}, "properties" : {"grid_id" : 878, "lisa_cluster" : "Low-Low"}}, {"type" : "Feature", "geometry" : {"type":"Polygon","coordinates":[[[-77.562086733,38.591659886],[-77.562086733,38.62675797],[-77.517170969,38.62675797],[-77.517170969,38.591659886],[-77.562086733,38.591659886]]]}, "properties" : {"grid_id" : 879, "lisa_cluster" : "High-High"}}, {"type" : "Feature", "geometry" : {"type":"Polygon","coordinates":[[[-77.517170969,38.591659886],[-77.517170969,38.62675797],[-77.472255205,38.62675797],[-77.472255205,38.591659886],[-77.517170969,38.591659886]]]}, "properties" : {"grid_id" : 880, "lisa_cluster" : "Low-Low"}}, {"type" : "Feature", "geometry" : {"type":"Polygon","coordinates":[[[-77.607002497,38.591659886],[-77.607002497,38.62675797],[-77.562086733,38.62675797],[-77.562086733,38.591659886],[-77.607002497,38.591659886]]]}, "properties" : {"grid_id" : 881, "lisa_cluster" : "Low-Low"}}, {"type" : "Feature", "geometry" : {"type":"Polygon","coordinates":[[[-77.562086733,38.591659886],[-77.562086733,38.62675797],[-77.517170969,38.62675797],[-77.517170969,38.591659886],[-77.562086733,38.591659886]]]}, "properties" : {"grid_id" : 882, "lisa_cluster" : "High-High"}}, {"type" : "Feature", "geometry" : {"type":"Polygon","coordinates":[[[-77.517170969,38.591659886],[-77.517170969,38.62675797],[-77.472255205,38.62675797],[-77.472255205,38.591659886],[-77.517170969,38.591659886]]]}, "properties" : {"grid_id" : 883, "lisa_cluster" : "Low-Low"}}, {"type" : "Feature", "geometry" : {"type":"Polygon","coordinates":[[[-77.472255205,38.591659886],[-77.472255205,38.62675797],[-77.427339441,38.62675797],[-77.427339441,38.591659886],[-77.472255205,38.591659886]]]}, "properties" : {"grid_id" : 884, "lisa_cluster" : "High-High"}}, {"type" : "Feature", "geometry" : {"type":"Polygon","coordinates":[[[-77.472255205,38.62675797],[-77.472255205,38.661838882],[-77.427339441,38.661838882],[-77.427339441,38.62675797],[-77.472255205,38.62675797]]]}, "properties" : {"grid_id" : 885, "lisa_cluster" : "High-High"}}, {"type" : "Feature", "geometry" : {"type":"Polygon","coordinates":[[[-77.607002497,38.62675797],[-77.607002497,38.661838882],[-77.562086733,38.661838882],[-77.562086733,38.62675797],[-77.607002497,38.62675797]]]}, "properties" : {"grid_id" : 886, "lisa_cluster" : "Low-Low"}}, {"type" : "Feature", "geometry" : {"type":"Polygon","coordinates":[[[-77.607002497,38.62675797],[-77.607002497,38.661838882],[-77.562086733,38.661838882],[-77.562086733,38.62675797],[-77.607002497,38.62675797]]]}, "properties" : {"grid_id" : 887, "lisa_cluster" : "Low-Low"}}, {"type" : "Feature", "geometry" : {"type":"Polygon","coordinates":[[[-77.562086733,38.62675797],[-77.562086733,38.661838882],[-77.517170969,38.661838882],[-77.517170969,38.62675797],[-77.562086733,38.62675797]]]}, "properties" : {"grid_id" : 888, "lisa_cluster" : "Low-Low"}}, {"type" : "Feature", "geometry" : {"type":"Polygon","coordinates":[[[-77.517170969,38.62675797],[-77.517170969,38.661838882],[-77.472255205,38.661838882],[-77.472255205,38.62675797],[-77.517170969,38.62675797]]]}, "properties" : {"grid_id" : 889, "lisa_cluster" : "Low-Low"}}, {"type" : "Feature", "geometry" : {"type":"Polygon","coordinates":[[[-77.472255205,38.62675797],[-77.472255205,38.661838882],[-77.427339441,38.661838882],[-77.427339441,38.62675797],[-77.472255205,38.62675797]]]}, "properties" : {"grid_id" : 890, "lisa_cluster" : "High-High"}}, {"type" : "Feature", "geometry" : {"type":"Polygon","coordinates":[[[-77.517170969,38.661838882],[-77.517170969,38.696902618],[-77.472255205,38.696902618],[-77.472255205,38.661838882],[-77.517170969,38.661838882]]]}, "properties" : {"grid_id" : 891, "lisa_cluster" : "Low-Low"}}, {"type" : "Feature", "geometry" : {"type":"Polygon","coordinates":[[[-77.472255205,38.661838882],[-77.472255205,38.696902618],[-77.427339441,38.696902618],[-77.427339441,38.661838882],[-77.472255205,38.661838882]]]}, "properties" : {"grid_id" : 892, "lisa_cluster" : "High-High"}}, {"type" : "Feature", "geometry" : {"type":"Polygon","coordinates":[[[-77.696834026,38.661838882],[-77.696834026,38.696902618],[-77.651918262,38.696902618],[-77.651918262,38.661838882],[-77.696834026,38.661838882]]]}, "properties" : {"grid_id" : 893, "lisa_cluster" : "Low-Low"}}, {"type" : "Feature", "geometry" : {"type":"Polygon","coordinates":[[[-77.651918262,38.661838882],[-77.651918262,38.696902618],[-77.607002497,38.696902618],[-77.607002497,38.661838882],[-77.651918262,38.661838882]]]}, "properties" : {"grid_id" : 894, "lisa_cluster" : "Low-Low"}}, {"type" : "Feature", "geometry" : {"type":"Polygon","coordinates":[[[-77.696834026,38.661838882],[-77.696834026,38.696902618],[-77.651918262,38.696902618],[-77.651918262,38.661838882],[-77.696834026,38.661838882]]]}, "properties" : {"grid_id" : 895, "lisa_cluster" : "Low-Low"}}, {"type" : "Feature", "geometry" : {"type":"Polygon","coordinates":[[[-77.562086733,38.661838882],[-77.562086733,38.696902618],[-77.517170969,38.696902618],[-77.517170969,38.661838882],[-77.562086733,38.661838882]]]}, "properties" : {"grid_id" : 896, "lisa_cluster" : "Low-Low"}}, {"type" : "Feature", "geometry" : {"type":"Polygon","coordinates":[[[-77.517170969,38.661838882],[-77.517170969,38.696902618],[-77.472255205,38.696902618],[-77.472255205,38.661838882],[-77.517170969,38.661838882]]]}, "properties" : {"grid_id" : 897, "lisa_cluster" : "Low-Low"}}, {"type" : "Feature", "geometry" : {"type":"Polygon","coordinates":[[[-77.651918262,38.661838882],[-77.651918262,38.696902618],[-77.607002497,38.696902618],[-77.607002497,38.661838882],[-77.651918262,38.661838882]]]}, "properties" : {"grid_id" : 898, "lisa_cluster" : "Low-Low"}}, {"type" : "Feature", "geometry" : {"type":"Polygon","coordinates":[[[-77.562086733,38.661838882],[-77.562086733,38.696902618],[-77.517170969,38.696902618],[-77.517170969,38.661838882],[-77.562086733,38.661838882]]]}, "properties" : {"grid_id" : 899, "lisa_cluster" : "Low-Low"}}, {"type" : "Feature", "geometry" : {"type":"Polygon","coordinates":[[[-77.517170969,38.661838882],[-77.517170969,38.696902618],[-77.472255205,38.696902618],[-77.472255205,38.661838882],[-77.517170969,38.661838882]]]}, "properties" : {"grid_id" : 900, "lisa_cluster" : "Low-Low"}}, {"type" : "Feature", "geometry" : {"type":"Polygon","coordinates":[[[-77.472255205,38.661838882],[-77.472255205,38.696902618],[-77.427339441,38.696902618],[-77.427339441,38.661838882],[-77.472255205,38.661838882]]]}, "properties" : {"grid_id" : 901, "lisa_cluster" : "High-High"}}, {"type" : "Feature", "geometry" : {"type":"Polygon","coordinates":[[[-77.517170969,38.696902618],[-77.517170969,38.731949173],[-77.472255205,38.731949173],[-77.472255205,38.696902618],[-77.517170969,38.696902618]]]}, "properties" : {"grid_id" : 902, "lisa_cluster" : "Low-Low"}}, {"type" : "Feature", "geometry" : {"type":"Polygon","coordinates":[[[-77.472255205,38.696902618],[-77.472255205,38.731949173],[-77.427339441,38.731949173],[-77.427339441,38.696902618],[-77.472255205,38.696902618]]]}, "properties" : {"grid_id" : 903, "lisa_cluster" : "High-High"}}, {"type" : "Feature", "geometry" : {"type":"Polygon","coordinates":[[[-77.472255205,38.696902618],[-77.472255205,38.731949173],[-77.427339441,38.731949173],[-77.427339441,38.696902618],[-77.472255205,38.696902618]]]}, "properties" : {"grid_id" : 904, "lisa_cluster" : "High-High"}}, {"type" : "Feature", "geometry" : {"type":"Polygon","coordinates":[[[-77.696834026,38.696902618],[-77.696834026,38.731949173],[-77.651918262,38.731949173],[-77.651918262,38.696902618],[-77.696834026,38.696902618]]]}, "properties" : {"grid_id" : 905, "lisa_cluster" : "Low-Low"}}, {"type" : "Feature", "geometry" : {"type":"Polygon","coordinates":[[[-77.651918262,38.696902618],[-77.651918262,38.731949173],[-77.607002497,38.731949173],[-77.607002497,38.696902618],[-77.651918262,38.696902618]]]}, "properties" : {"grid_id" : 906, "lisa_cluster" : "Low-Low"}}, {"type" : "Feature", "geometry" : {"type":"Polygon","coordinates":[[[-77.696834026,38.696902618],[-77.696834026,38.731949173],[-77.651918262,38.731949173],[-77.651918262,38.696902618],[-77.696834026,38.696902618]]]}, "properties" : {"grid_id" : 907, "lisa_cluster" : "Low-Low"}}, {"type" : "Feature", "geometry" : {"type":"Polygon","coordinates":[[[-77.607002497,38.696902618],[-77.607002497,38.731949173],[-77.562086733,38.731949173],[-77.562086733,38.696902618],[-77.607002497,38.696902618]]]}, "properties" : {"grid_id" : 908, "lisa_cluster" : "Low-Low"}}, {"type" : "Feature", "geometry" : {"type":"Polygon","coordinates":[[[-77.562086733,38.696902618],[-77.562086733,38.731949173],[-77.517170969,38.731949173],[-77.517170969,38.696902618],[-77.562086733,38.696902618]]]}, "properties" : {"grid_id" : 909, "lisa_cluster" : "High-Low"}}, {"type" : "Feature", "geometry" : {"type":"Polygon","coordinates":[[[-77.696834026,38.696902618],[-77.696834026,38.731949173],[-77.651918262,38.731949173],[-77.651918262,38.696902618],[-77.696834026,38.696902618]]]}, "properties" : {"grid_id" : 910, "lisa_cluster" : "Low-Low"}}, {"type" : "Feature", "geometry" : {"type":"Polygon","coordinates":[[[-77.651918262,38.696902618],[-77.651918262,38.731949173],[-77.607002497,38.731949173],[-77.607002497,38.696902618],[-77.651918262,38.696902618]]]}, "properties" : {"grid_id" : 911, "lisa_cluster" : "Low-Low"}}, {"type" : "Feature", "geometry" : {"type":"Polygon","coordinates":[[[-77.607002497,38.696902618],[-77.607002497,38.731949173],[-77.562086733,38.731949173],[-77.562086733,38.696902618],[-77.607002497,38.696902618]]]}, "properties" : {"grid_id" : 912, "lisa_cluster" : "Low-Low"}}, {"type" : "Feature", "geometry" : {"type":"Polygon","coordinates":[[[-77.562086733,38.696902618],[-77.562086733,38.731949173],[-77.517170969,38.731949173],[-77.517170969,38.696902618],[-77.562086733,38.696902618]]]}, "properties" : {"grid_id" : 913, "lisa_cluster" : "High-Low"}}, {"type" : "Feature", "geometry" : {"type":"Polygon","coordinates":[[[-77.472255205,38.731949173],[-77.472255205,38.766978542],[-77.427339441,38.766978542],[-77.427339441,38.731949173],[-77.472255205,38.731949173]]]}, "properties" : {"grid_id" : 914, "lisa_cluster" : "Low-Low"}}, {"type" : "Feature", "geometry" : {"type":"Polygon","coordinates":[[[-77.472255205,38.731949173],[-77.472255205,38.766978542],[-77.427339441,38.766978542],[-77.427339441,38.731949173],[-77.472255205,38.731949173]]]}, "properties" : {"grid_id" : 915, "lisa_cluster" : "Low-Low"}}, {"type" : "Feature", "geometry" : {"type":"Polygon","coordinates":[[[-77.696834026,38.731949173],[-77.696834026,38.766978542],[-77.651918262,38.766978542],[-77.651918262,38.731949173],[-77.696834026,38.731949173]]]}, "properties" : {"grid_id" : 916, "lisa_cluster" : "High-Low"}}, {"type" : "Feature", "geometry" : {"type":"Polygon","coordinates":[[[-77.651918262,38.731949173],[-77.651918262,38.766978542],[-77.607002497,38.766978542],[-77.607002497,38.731949173],[-77.651918262,38.731949173]]]}, "properties" : {"grid_id" : 917, "lisa_cluster" : "Low-Low"}}, {"type" : "Feature", "geometry" : {"type":"Polygon","coordinates":[[[-77.607002497,38.731949173],[-77.607002497,38.766978542],[-77.562086733,38.766978542],[-77.562086733,38.731949173],[-77.607002497,38.731949173]]]}, "properties" : {"grid_id" : 918, "lisa_cluster" : "High-High"}}, {"type" : "Feature", "geometry" : {"type":"Polygon","coordinates":[[[-77.696834026,38.731949173],[-77.696834026,38.766978542],[-77.651918262,38.766978542],[-77.651918262,38.731949173],[-77.696834026,38.731949173]]]}, "properties" : {"grid_id" : 919, "lisa_cluster" : "High-Low"}}, {"type" : "Feature", "geometry" : {"type":"Polygon","coordinates":[[[-77.562086733,38.731949173],[-77.562086733,38.766978542],[-77.517170969,38.766978542],[-77.517170969,38.731949173],[-77.562086733,38.731949173]]]}, "properties" : {"grid_id" : 920, "lisa_cluster" : "Low-High"}}, {"type" : "Feature", "geometry" : {"type":"Polygon","coordinates":[[[-77.517170969,38.731949173],[-77.517170969,38.766978542],[-77.472255205,38.766978542],[-77.472255205,38.731949173],[-77.517170969,38.731949173]]]}, "properties" : {"grid_id" : 921, "lisa_cluster" : "Low-Low"}}, {"type" : "Feature", "geometry" : {"type":"Polygon","coordinates":[[[-77.472255205,38.731949173],[-77.472255205,38.766978542],[-77.427339441,38.766978542],[-77.427339441,38.731949173],[-77.472255205,38.731949173]]]}, "properties" : {"grid_id" : 922, "lisa_cluster" : "Low-Low"}}, {"type" : "Feature", "geometry" : {"type":"Polygon","coordinates":[[[-77.607002497,38.731949173],[-77.607002497,38.766978542],[-77.562086733,38.766978542],[-77.562086733,38.731949173],[-77.607002497,38.731949173]]]}, "properties" : {"grid_id" : 923, "lisa_cluster" : "High-High"}}, {"type" : "Feature", "geometry" : {"type":"Polygon","coordinates":[[[-77.562086733,38.731949173],[-77.562086733,38.766978542],[-77.517170969,38.766978542],[-77.517170969,38.731949173],[-77.562086733,38.731949173]]]}, "properties" : {"grid_id" : 924, "lisa_cluster" : "Low-High"}}, {"type" : "Feature", "geometry" : {"type":"Polygon","coordinates":[[[-77.562086733,38.731949173],[-77.562086733,38.766978542],[-77.517170969,38.766978542],[-77.517170969,38.731949173],[-77.562086733,38.731949173]]]}, "properties" : {"grid_id" : 925, "lisa_cluster" : "Low-High"}}, {"type" : "Feature", "geometry" : {"type":"Polygon","coordinates":[[[-77.517170969,38.731949173],[-77.517170969,38.766978542],[-77.472255205,38.766978542],[-77.472255205,38.731949173],[-77.517170969,38.731949173]]]}, "properties" : {"grid_id" : 926, "lisa_cluster" : "Low-Low"}}, {"type" : "Feature", "geometry" : {"type":"Polygon","coordinates":[[[-77.696834026,38.731949173],[-77.696834026,38.766978542],[-77.651918262,38.766978542],[-77.651918262,38.731949173],[-77.696834026,38.731949173]]]}, "properties" : {"grid_id" : 927, "lisa_cluster" : "High-Low"}}, {"type" : "Feature", "geometry" : {"type":"Polygon","coordinates":[[[-77.651918262,38.731949173],[-77.651918262,38.766978542],[-77.607002497,38.766978542],[-77.607002497,38.731949173],[-77.651918262,38.731949173]]]}, "properties" : {"grid_id" : 928, "lisa_cluster" : "Low-Low"}}, {"type" : "Feature", "geometry" : {"type":"Polygon","coordinates":[[[-77.607002497,38.731949173],[-77.607002497,38.766978542],[-77.562086733,38.766978542],[-77.562086733,38.731949173],[-77.607002497,38.731949173]]]}, "properties" : {"grid_id" : 929, "lisa_cluster" : "High-High"}}, {"type" : "Feature", "geometry" : {"type":"Polygon","coordinates":[[[-77.562086733,38.731949173],[-77.562086733,38.766978542],[-77.517170969,38.766978542],[-77.517170969,38.731949173],[-77.562086733,38.731949173]]]}, "properties" : {"grid_id" : 930, "lisa_cluster" : "Low-High"}}, {"type" : "Feature", "geometry" : {"type":"Polygon","coordinates":[[[-77.696834026,38.766978542],[-77.696834026,38.801990721],[-77.651918262,38.801990721],[-77.651918262,38.766978542],[-77.696834026,38.766978542]]]}, "properties" : {"grid_id" : 931, "lisa_cluster" : "High-Low"}}, {"type" : "Feature", "geometry" : {"type":"Polygon","coordinates":[[[-77.517170969,38.766978542],[-77.517170969,38.801990721],[-77.472255205,38.801990721],[-77.472255205,38.766978542],[-77.517170969,38.766978542]]]}, "properties" : {"grid_id" : 932, "lisa_cluster" : "High-Low"}}, {"type" : "Feature", "geometry" : {"type":"Polygon","coordinates":[[[-77.472255205,38.766978542],[-77.472255205,38.801990721],[-77.427339441,38.801990721],[-77.427339441,38.766978542],[-77.472255205,38.766978542]]]}, "properties" : {"grid_id" : 933, "lisa_cluster" : "High-High"}}, {"type" : "Feature", "geometry" : {"type":"Polygon","coordinates":[[[-77.472255205,38.766978542],[-77.472255205,38.801990721],[-77.427339441,38.801990721],[-77.427339441,38.766978542],[-77.472255205,38.766978542]]]}, "properties" : {"grid_id" : 934, "lisa_cluster" : "High-High"}}, {"type" : "Feature", "geometry" : {"type":"Polygon","coordinates":[[[-77.696834026,38.766978542],[-77.696834026,38.801990721],[-77.651918262,38.801990721],[-77.651918262,38.766978542],[-77.696834026,38.766978542]]]}, "properties" : {"grid_id" : 935, "lisa_cluster" : "High-Low"}}, {"type" : "Feature", "geometry" : {"type":"Polygon","coordinates":[[[-77.651918262,38.766978542],[-77.651918262,38.801990721],[-77.607002497,38.801990721],[-77.607002497,38.766978542],[-77.651918262,38.766978542]]]}, "properties" : {"grid_id" : 936, "lisa_cluster" : "Low-High"}}, {"type" : "Feature", "geometry" : {"type":"Polygon","coordinates":[[[-77.607002497,38.766978542],[-77.607002497,38.801990721],[-77.562086733,38.801990721],[-77.562086733,38.766978542],[-77.607002497,38.766978542]]]}, "properties" : {"grid_id" : 937, "lisa_cluster" : "High-High"}}, {"type" : "Feature", "geometry" : {"type":"Polygon","coordinates":[[[-77.696834026,38.766978542],[-77.696834026,38.801990721],[-77.651918262,38.801990721],[-77.651918262,38.766978542],[-77.696834026,38.766978542]]]}, "properties" : {"grid_id" : 938, "lisa_cluster" : "High-Low"}}, {"type" : "Feature", "geometry" : {"type":"Polygon","coordinates":[[[-77.517170969,38.766978542],[-77.517170969,38.801990721],[-77.472255205,38.801990721],[-77.472255205,38.766978542],[-77.517170969,38.766978542]]]}, "properties" : {"grid_id" : 939, "lisa_cluster" : "High-Low"}}, {"type" : "Feature", "geometry" : {"type":"Polygon","coordinates":[[[-77.472255205,38.766978542],[-77.472255205,38.801990721],[-77.427339441,38.801990721],[-77.427339441,38.766978542],[-77.472255205,38.766978542]]]}, "properties" : {"grid_id" : 940, "lisa_cluster" : "High-High"}}, {"type" : "Feature", "geometry" : {"type":"Polygon","coordinates":[[[-77.517170969,38.766978542],[-77.517170969,38.801990721],[-77.472255205,38.801990721],[-77.472255205,38.766978542],[-77.517170969,38.766978542]]]}, "properties" : {"grid_id" : 941, "lisa_cluster" : "High-Low"}}, {"type" : "Feature", "geometry" : {"type":"Polygon","coordinates":[[[-77.472255205,38.766978542],[-77.472255205,38.801990721],[-77.427339441,38.801990721],[-77.427339441,38.766978542],[-77.472255205,38.766978542]]]}, "properties" : {"grid_id" : 942, "lisa_cluster" : "High-High"}}, {"type" : "Feature", "geometry" : {"type":"Polygon","coordinates":[[[-77.607002497,38.766978542],[-77.607002497,38.801990721],[-77.562086733,38.801990721],[-77.562086733,38.766978542],[-77.607002497,38.766978542]]]}, "properties" : {"grid_id" : 943, "lisa_cluster" : "High-High"}}, {"type" : "Feature", "geometry" : {"type":"Polygon","coordinates":[[[-77.562086733,38.766978542],[-77.562086733,38.801990721],[-77.517170969,38.801990721],[-77.517170969,38.766978542],[-77.562086733,38.766978542]]]}, "properties" : {"grid_id" : 944, "lisa_cluster" : "Low-Low"}}, {"type" : "Feature", "geometry" : {"type":"Polygon","coordinates":[[[-77.607002497,38.766978542],[-77.607002497,38.801990721],[-77.562086733,38.801990721],[-77.562086733,38.766978542],[-77.607002497,38.766978542]]]}, "properties" : {"grid_id" : 945, "lisa_cluster" : "High-High"}}, {"type" : "Feature", "geometry" : {"type":"Polygon","coordinates":[[[-77.562086733,38.766978542],[-77.562086733,38.801990721],[-77.517170969,38.801990721],[-77.517170969,38.766978542],[-77.562086733,38.766978542]]]}, "properties" : {"grid_id" : 946, "lisa_cluster" : "Low-Low"}}, {"type" : "Feature", "geometry" : {"type":"Polygon","coordinates":[[[-77.517170969,38.766978542],[-77.517170969,38.801990721],[-77.472255205,38.801990721],[-77.472255205,38.766978542],[-77.517170969,38.766978542]]]}, "properties" : {"grid_id" : 947, "lisa_cluster" : "High-Low"}}, {"type" : "Feature", "geometry" : {"type":"Polygon","coordinates":[[[-77.472255205,38.766978542],[-77.472255205,38.801990721],[-77.427339441,38.801990721],[-77.427339441,38.766978542],[-77.472255205,38.766978542]]]}, "properties" : {"grid_id" : 948, "lisa_cluster" : "High-High"}}, {"type" : "Feature", "geometry" : {"type":"Polygon","coordinates":[[[-77.696834026,38.766978542],[-77.696834026,38.801990721],[-77.651918262,38.801990721],[-77.651918262,38.766978542],[-77.696834026,38.766978542]]]}, "properties" : {"grid_id" : 949, "lisa_cluster" : "High-Low"}}, {"type" : "Feature", "geometry" : {"type":"Polygon","coordinates":[[[-77.651918262,38.766978542],[-77.651918262,38.801990721],[-77.607002497,38.801990721],[-77.607002497,38.766978542],[-77.651918262,38.766978542]]]}, "properties" : {"grid_id" : 950, "lisa_cluster" : "Low-High"}}, {"type" : "Feature", "geometry" : {"type":"Polygon","coordinates":[[[-77.696834026,38.766978542],[-77.696834026,38.801990721],[-77.651918262,38.801990721],[-77.651918262,38.766978542],[-77.696834026,38.766978542]]]}, "properties" : {"grid_id" : 951, "lisa_cluster" : "High-Low"}}, {"type" : "Feature", "geometry" : {"type":"Polygon","coordinates":[[[-77.651918262,38.766978542],[-77.651918262,38.801990721],[-77.607002497,38.801990721],[-77.607002497,38.766978542],[-77.651918262,38.766978542]]]}, "properties" : {"grid_id" : 952, "lisa_cluster" : "Low-High"}}, {"type" : "Feature", "geometry" : {"type":"Polygon","coordinates":[[[-77.89834411,39.023246629],[-77.89834411,39.05813265],[-77.853428346,39.05813265],[-77.853428346,39.023246629],[-77.89834411,39.023246629]]]}, "properties" : {"grid_id" : 953, "lisa_cluster" : "Low-Low"}}, {"type" : "Feature", "geometry" : {"type":"Polygon","coordinates":[[[-77.853428346,39.023246629],[-77.853428346,39.05813265],[-77.808512582,39.05813265],[-77.808512582,39.023246629],[-77.853428346,39.023246629]]]}, "properties" : {"grid_id" : 954, "lisa_cluster" : "High-High"}}, {"type" : "Feature", "geometry" : {"type":"Polygon","coordinates":[[[-77.853428346,39.023246629],[-77.853428346,39.05813265],[-77.808512582,39.05813265],[-77.808512582,39.023246629],[-77.853428346,39.023246629]]]}, "properties" : {"grid_id" : 955, "lisa_cluster" : "High-High"}}, {"type" : "Feature", "geometry" : {"type":"Polygon","coordinates":[[[-77.89834411,39.023246629],[-77.89834411,39.05813265],[-77.853428346,39.05813265],[-77.853428346,39.023246629],[-77.89834411,39.023246629]]]}, "properties" : {"grid_id" : 956, "lisa_cluster" : "Low-Low"}}, {"type" : "Feature", "geometry" : {"type":"Polygon","coordinates":[[[-77.89834411,39.023246629],[-77.89834411,39.05813265],[-77.853428346,39.05813265],[-77.853428346,39.023246629],[-77.89834411,39.023246629]]]}, "properties" : {"grid_id" : 957, "lisa_cluster" : "Low-Low"}}, {"type" : "Feature", "geometry" : {"type":"Polygon","coordinates":[[[-77.853428346,39.023246629],[-77.853428346,39.05813265],[-77.808512582,39.05813265],[-77.808512582,39.023246629],[-77.853428346,39.023246629]]]}, "properties" : {"grid_id" : 958, "lisa_cluster" : "High-High"}}, {"type" : "Feature", "geometry" : {"type":"Polygon","coordinates":[[[-77.89834411,39.05813265],[-77.89834411,39.093001443],[-77.853428346,39.093001443],[-77.853428346,39.05813265],[-77.89834411,39.05813265]]]}, "properties" : {"grid_id" : 959, "lisa_cluster" : "Low-Low"}}, {"type" : "Feature", "geometry" : {"type":"Polygon","coordinates":[[[-77.853428346,39.05813265],[-77.853428346,39.093001443],[-77.808512582,39.093001443],[-77.808512582,39.05813265],[-77.853428346,39.05813265]]]}, "properties" : {"grid_id" : 960, "lisa_cluster" : "High-High"}}, {"type" : "Feature", "geometry" : {"type":"Polygon","coordinates":[[[-77.853428346,39.05813265],[-77.853428346,39.093001443],[-77.808512582,39.093001443],[-77.808512582,39.05813265],[-77.853428346,39.05813265]]]}, "properties" : {"grid_id" : 961, "lisa_cluster" : "High-High"}}, {"type" : "Feature", "geometry" : {"type":"Polygon","coordinates":[[[-77.89834411,39.05813265],[-77.89834411,39.093001443],[-77.853428346,39.093001443],[-77.853428346,39.05813265],[-77.89834411,39.05813265]]]}, "properties" : {"grid_id" : 962, "lisa_cluster" : "Low-Low"}}, {"type" : "Feature", "geometry" : {"type":"Polygon","coordinates":[[[-77.89834411,39.05813265],[-77.89834411,39.093001443],[-77.853428346,39.093001443],[-77.853428346,39.05813265],[-77.89834411,39.05813265]]]}, "properties" : {"grid_id" : 963, "lisa_cluster" : "Low-Low"}}, {"type" : "Feature", "geometry" : {"type":"Polygon","coordinates":[[[-77.408142443,38.564826358],[-77.408142443,38.599937561],[-77.363226679,38.599937561],[-77.363226679,38.564826358],[-77.408142443,38.564826358]]]}, "properties" : {"grid_id" : 964, "lisa_cluster" : "Low-Low"}}, {"type" : "Feature", "geometry" : {"type":"Polygon","coordinates":[[[-77.408142443,38.564826358],[-77.408142443,38.599937561],[-77.363226679,38.599937561],[-77.363226679,38.564826358],[-77.408142443,38.564826358]]]}, "properties" : {"grid_id" : 965, "lisa_cluster" : "Low-Low"}}, {"type" : "Feature", "geometry" : {"type":"Polygon","coordinates":[[[-77.363226679,38.564826358],[-77.363226679,38.599937561],[-77.318310915,38.599937561],[-77.318310915,38.564826358],[-77.363226679,38.564826358]]]}, "properties" : {"grid_id" : 966, "lisa_cluster" : "High-Low"}}, {"type" : "Feature", "geometry" : {"type":"Polygon","coordinates":[[[-77.408142443,38.564826358],[-77.408142443,38.599937561],[-77.363226679,38.599937561],[-77.363226679,38.564826358],[-77.408142443,38.564826358]]]}, "properties" : {"grid_id" : 967, "lisa_cluster" : "Low-Low"}}, {"type" : "Feature", "geometry" : {"type":"Polygon","coordinates":[[[-77.363226679,38.564826358],[-77.363226679,38.599937561],[-77.318310915,38.599937561],[-77.318310915,38.564826358],[-77.363226679,38.564826358]]]}, "properties" : {"grid_id" : 968, "lisa_cluster" : "High-Low"}}, {"type" : "Feature", "geometry" : {"type":"Polygon","coordinates":[[[-77.318310915,38.564826358],[-77.318310915,38.599937561],[-77.27339515,38.599937561],[-77.27339515,38.564826358],[-77.318310915,38.564826358]]]}, "properties" : {"grid_id" : 969, "lisa_cluster" : "Low-Low"}}, {"type" : "Feature", "geometry" : {"type":"Polygon","coordinates":[[[-77.408142443,38.599937561],[-77.408142443,38.635031596],[-77.363226679,38.635031596],[-77.363226679,38.599937561],[-77.408142443,38.599937561]]]}, "properties" : {"grid_id" : 970, "lisa_cluster" : "High-High"}}, {"type" : "Feature", "geometry" : {"type":"Polygon","coordinates":[[[-77.408142443,38.599937561],[-77.408142443,38.635031596],[-77.363226679,38.635031596],[-77.363226679,38.599937561],[-77.408142443,38.599937561]]]}, "properties" : {"grid_id" : 971, "lisa_cluster" : "High-High"}}, {"type" : "Feature", "geometry" : {"type":"Polygon","coordinates":[[[-77.363226679,38.599937561],[-77.363226679,38.635031596],[-77.318310915,38.635031596],[-77.318310915,38.599937561],[-77.363226679,38.599937561]]]}, "properties" : {"grid_id" : 972, "lisa_cluster" : "High-High"}}, {"type" : "Feature", "geometry" : {"type":"Polygon","coordinates":[[[-77.318310915,38.599937561],[-77.318310915,38.635031596],[-77.27339515,38.635031596],[-77.27339515,38.599937561],[-77.318310915,38.599937561]]]}, "properties" : {"grid_id" : 973, "lisa_cluster" : "Low-Low"}}, {"type" : "Feature", "geometry" : {"type":"Polygon","coordinates":[[[-77.318310915,38.599937561],[-77.318310915,38.635031596],[-77.27339515,38.635031596],[-77.27339515,38.599937561],[-77.318310915,38.599937561]]]}, "properties" : {"grid_id" : 974, "lisa_cluster" : "Low-Low"}}, {"type" : "Feature", "geometry" : {"type":"Polygon","coordinates":[[[-77.408142443,38.599937561],[-77.408142443,38.635031596],[-77.363226679,38.635031596],[-77.363226679,38.599937561],[-77.408142443,38.599937561]]]}, "properties" : {"grid_id" : 975, "lisa_cluster" : "High-High"}}, {"type" : "Feature", "geometry" : {"type":"Polygon","coordinates":[[[-77.363226679,38.599937561],[-77.363226679,38.635031596],[-77.318310915,38.635031596],[-77.318310915,38.599937561],[-77.363226679,38.599937561]]]}, "properties" : {"grid_id" : 976, "lisa_cluster" : "High-High"}}, {"type" : "Feature", "geometry" : {"type":"Polygon","coordinates":[[[-77.318310915,38.599937561],[-77.318310915,38.635031596],[-77.27339515,38.635031596],[-77.27339515,38.599937561],[-77.318310915,38.599937561]]]}, "properties" : {"grid_id" : 977, "lisa_cluster" : "Low-Low"}}, {"type" : "Feature", "geometry" : {"type":"Polygon","coordinates":[[[-77.785776222,38.792539127],[-77.785776222,38.827538755],[-77.740860458,38.827538755],[-77.740860458,38.792539127],[-77.785776222,38.792539127]]]}, "properties" : {"grid_id" : 978, "lisa_cluster" : "Low-High"}}, {"type" : "Feature", "geometry" : {"type":"Polygon","coordinates":[[[-77.740860458,38.792539127],[-77.740860458,38.827538755],[-77.695944694,38.827538755],[-77.695944694,38.792539127],[-77.740860458,38.792539127]]]}, "properties" : {"grid_id" : 979, "lisa_cluster" : "Low-Low"}}, {"type" : "Feature", "geometry" : {"type":"Polygon","coordinates":[[[-77.695944694,38.792539127],[-77.695944694,38.827538755],[-77.651028929,38.827538755],[-77.651028929,38.792539127],[-77.695944694,38.792539127]]]}, "properties" : {"grid_id" : 980, "lisa_cluster" : "High-High"}}, {"type" : "Feature", "geometry" : {"type":"Polygon","coordinates":[[[-77.740860458,38.792539127],[-77.740860458,38.827538755],[-77.695944694,38.827538755],[-77.695944694,38.792539127],[-77.740860458,38.792539127]]]}, "properties" : {"grid_id" : 981, "lisa_cluster" : "Low-Low"}}, {"type" : "Feature", "geometry" : {"type":"Polygon","coordinates":[[[-77.695944694,38.792539127],[-77.695944694,38.827538755],[-77.651028929,38.827538755],[-77.651028929,38.792539127],[-77.695944694,38.792539127]]]}, "properties" : {"grid_id" : 982, "lisa_cluster" : "High-High"}}, {"type" : "Feature", "geometry" : {"type":"Polygon","coordinates":[[[-77.785776222,38.792539127],[-77.785776222,38.827538755],[-77.740860458,38.827538755],[-77.740860458,38.792539127],[-77.785776222,38.792539127]]]}, "properties" : {"grid_id" : 983, "lisa_cluster" : "Low-High"}}, {"type" : "Feature", "geometry" : {"type":"Polygon","coordinates":[[[-77.740860458,38.792539127],[-77.740860458,38.827538755],[-77.695944694,38.827538755],[-77.695944694,38.792539127],[-77.740860458,38.792539127]]]}, "properties" : {"grid_id" : 984, "lisa_cluster" : "Low-Low"}}, {"type" : "Feature", "geometry" : {"type":"Polygon","coordinates":[[[-77.695944694,38.792539127],[-77.695944694,38.827538755],[-77.651028929,38.827538755],[-77.651028929,38.792539127],[-77.695944694,38.792539127]]]}, "properties" : {"grid_id" : 985, "lisa_cluster" : "High-High"}}, {"type" : "Feature", "geometry" : {"type":"Polygon","coordinates":[[[-77.695944694,38.792539127],[-77.695944694,38.827538755],[-77.651028929,38.827538755],[-77.651028929,38.792539127],[-77.695944694,38.792539127]]]}, "properties" : {"grid_id" : 986, "lisa_cluster" : "High-High"}}, {"type" : "Feature", "geometry" : {"type":"Polygon","coordinates":[[[-77.830691986,38.792539127],[-77.830691986,38.827538755],[-77.785776222,38.827538755],[-77.785776222,38.792539127],[-77.830691986,38.792539127]]]}, "properties" : {"grid_id" : 987, "lisa_cluster" : "Low-Low"}}, {"type" : "Feature", "geometry" : {"type":"Polygon","coordinates":[[[-77.785776222,38.792539127],[-77.785776222,38.827538755],[-77.740860458,38.827538755],[-77.740860458,38.792539127],[-77.785776222,38.792539127]]]}, "properties" : {"grid_id" : 988, "lisa_cluster" : "Low-High"}}, {"type" : "Feature", "geometry" : {"type":"Polygon","coordinates":[[[-77.740860458,38.792539127],[-77.740860458,38.827538755],[-77.695944694,38.827538755],[-77.695944694,38.792539127],[-77.740860458,38.792539127]]]}, "properties" : {"grid_id" : 989, "lisa_cluster" : "Low-Low"}}, {"type" : "Feature", "geometry" : {"type":"Polygon","coordinates":[[[-77.785776222,38.827538755],[-77.785776222,38.862521184],[-77.740860458,38.862521184],[-77.740860458,38.827538755],[-77.785776222,38.827538755]]]}, "properties" : {"grid_id" : 990, "lisa_cluster" : "Low-Low"}}, {"type" : "Feature", "geometry" : {"type":"Polygon","coordinates":[[[-77.740860458,38.827538755],[-77.740860458,38.862521184],[-77.695944694,38.862521184],[-77.695944694,38.827538755],[-77.740860458,38.827538755]]]}, "properties" : {"grid_id" : 991, "lisa_cluster" : "Low-Low"}}, {"type" : "Feature", "geometry" : {"type":"Polygon","coordinates":[[[-77.695944694,38.827538755],[-77.695944694,38.862521184],[-77.651028929,38.862521184],[-77.651028929,38.827538755],[-77.695944694,38.827538755]]]}, "properties" : {"grid_id" : 992, "lisa_cluster" : "High-High"}}, {"type" : "Feature", "geometry" : {"type":"Polygon","coordinates":[[[-77.740860458,38.827538755],[-77.740860458,38.862521184],[-77.695944694,38.862521184],[-77.695944694,38.827538755],[-77.740860458,38.827538755]]]}, "properties" : {"grid_id" : 993, "lisa_cluster" : "Low-Low"}}, {"type" : "Feature", "geometry" : {"type":"Polygon","coordinates":[[[-77.695944694,38.827538755],[-77.695944694,38.862521184],[-77.651028929,38.862521184],[-77.651028929,38.827538755],[-77.695944694,38.827538755]]]}, "properties" : {"grid_id" : 994, "lisa_cluster" : "High-High"}}, {"type" : "Feature", "geometry" : {"type":"Polygon","coordinates":[[[-77.830691986,38.827538755],[-77.830691986,38.862521184],[-77.785776222,38.862521184],[-77.785776222,38.827538755],[-77.830691986,38.827538755]]]}, "properties" : {"grid_id" : 995, "lisa_cluster" : "Low-Low"}}, {"type" : "Feature", "geometry" : {"type":"Polygon","coordinates":[[[-77.785776222,38.827538755],[-77.785776222,38.862521184],[-77.740860458,38.862521184],[-77.740860458,38.827538755],[-77.785776222,38.827538755]]]}, "properties" : {"grid_id" : 996, "lisa_cluster" : "Low-Low"}}, {"type" : "Feature", "geometry" : {"type":"Polygon","coordinates":[[[-77.740860458,38.827538755],[-77.740860458,38.862521184],[-77.695944694,38.862521184],[-77.695944694,38.827538755],[-77.740860458,38.827538755]]]}, "properties" : {"grid_id" : 997, "lisa_cluster" : "Low-Low"}}, {"type" : "Feature", "geometry" : {"type":"Polygon","coordinates":[[[-77.830691986,38.827538755],[-77.830691986,38.862521184],[-77.785776222,38.862521184],[-77.785776222,38.827538755],[-77.830691986,38.827538755]]]}, "properties" : {"grid_id" : 998, "lisa_cluster" : "Low-Low"}}, {"type" : "Feature", "geometry" : {"type":"Polygon","coordinates":[[[-77.740860458,38.862521184],[-77.740860458,38.89748641],[-77.695944694,38.89748641],[-77.695944694,38.862521184],[-77.740860458,38.862521184]]]}, "properties" : {"grid_id" : 999, "lisa_cluster" : "Low-Low"}}, {"type" : "Feature", "geometry" : {"type":"Polygon","coordinates":[[[-77.695944694,38.862521184],[-77.695944694,38.89748641],[-77.651028929,38.89748641],[-77.651028929,38.862521184],[-77.695944694,38.862521184]]]}, "properties" : {"grid_id" : 1000, "lisa_cluster" : "High-High"}}, {"type" : "Feature", "geometry" : {"type":"Polygon","coordinates":[[[-77.830691986,38.862521184],[-77.830691986,38.89748641],[-77.785776222,38.89748641],[-77.785776222,38.862521184],[-77.830691986,38.862521184]]]}, "properties" : {"grid_id" : 1001, "lisa_cluster" : "High-High"}}, {"type" : "Feature", "geometry" : {"type":"Polygon","coordinates":[[[-77.785776222,38.862521184],[-77.785776222,38.89748641],[-77.740860458,38.89748641],[-77.740860458,38.862521184],[-77.785776222,38.862521184]]]}, "properties" : {"grid_id" : 1002, "lisa_cluster" : "Low-Low"}}, {"type" : "Feature", "geometry" : {"type":"Polygon","coordinates":[[[-77.740860458,38.862521184],[-77.740860458,38.89748641],[-77.695944694,38.89748641],[-77.695944694,38.862521184],[-77.740860458,38.862521184]]]}, "properties" : {"grid_id" : 1003, "lisa_cluster" : "Low-Low"}}, {"type" : "Feature", "geometry" : {"type":"Polygon","coordinates":[[[-77.695944694,38.862521184],[-77.695944694,38.89748641],[-77.651028929,38.89748641],[-77.651028929,38.862521184],[-77.695944694,38.862521184]]]}, "properties" : {"grid_id" : 1004, "lisa_cluster" : "High-High"}}, {"type" : "Feature", "geometry" : {"type":"Polygon","coordinates":[[[-77.830691986,38.862521184],[-77.830691986,38.89748641],[-77.785776222,38.89748641],[-77.785776222,38.862521184],[-77.830691986,38.862521184]]]}, "properties" : {"grid_id" : 1005, "lisa_cluster" : "High-High"}}, {"type" : "Feature", "geometry" : {"type":"Polygon","coordinates":[[[-77.695944694,38.89748641],[-77.695944694,38.932434428],[-77.651028929,38.932434428],[-77.651028929,38.89748641],[-77.695944694,38.89748641]]]}, "properties" : {"grid_id" : 1006, "lisa_cluster" : "High-High"}}, {"type" : "Feature", "geometry" : {"type":"Polygon","coordinates":[[[-77.740860458,38.89748641],[-77.740860458,38.932434428],[-77.695944694,38.932434428],[-77.695944694,38.89748641],[-77.740860458,38.89748641]]]}, "properties" : {"grid_id" : 1007, "lisa_cluster" : "Low-Low"}}, {"type" : "Feature", "geometry" : {"type":"Polygon","coordinates":[[[-77.695944694,38.89748641],[-77.695944694,38.932434428],[-77.651028929,38.932434428],[-77.651028929,38.89748641],[-77.695944694,38.89748641]]]}, "properties" : {"grid_id" : 1008, "lisa_cluster" : "High-High"}}, {"type" : "Feature", "geometry" : {"type":"Polygon","coordinates":[[[-77.695944694,38.932434428],[-77.695944694,38.967365235],[-77.651028929,38.967365235],[-77.651028929,38.932434428],[-77.695944694,38.932434428]]]}, "properties" : {"grid_id" : 1009, "lisa_cluster" : "High-High"}}, {"type" : "Feature", "geometry" : {"type":"Polygon","coordinates":[[[-77.695944694,38.932434428],[-77.695944694,38.967365235],[-77.651028929,38.967365235],[-77.651028929,38.932434428],[-77.695944694,38.932434428]]]}, "properties" : {"grid_id" : 1010, "lisa_cluster" : "High-High"}}, {"type" : "Feature", "geometry" : {"type":"Polygon","coordinates":[[[-77.695944694,38.932434428],[-77.695944694,38.967365235],[-77.651028929,38.967365235],[-77.651028929,38.932434428],[-77.695944694,38.932434428]]]}, "properties" : {"grid_id" : 1011, "lisa_cluster" : "High-High"}}, {"type" : "Feature", "geometry" : {"type":"Polygon","coordinates":[[[-77.695944694,38.932434428],[-77.695944694,38.967365235],[-77.651028929,38.967365235],[-77.651028929,38.932434428],[-77.695944694,38.932434428]]]}, "properties" : {"grid_id" : 1012, "lisa_cluster" : "High-High"}}, {"type" : "Feature", "geometry" : {"type":"Polygon","coordinates":[[[-77.505421005,38.408373449],[-77.505421005,38.443560991],[-77.460505241,38.443560991],[-77.460505241,38.408373449],[-77.505421005,38.408373449]]]}, "properties" : {"grid_id" : 1013, "lisa_cluster" : "Low-Low"}}, {"type" : "Feature", "geometry" : {"type":"Polygon","coordinates":[[[-77.595252533,38.408373449],[-77.595252533,38.443560991],[-77.550336769,38.443560991],[-77.550336769,38.408373449],[-77.595252533,38.408373449]]]}, "properties" : {"grid_id" : 1014, "lisa_cluster" : "Low-Low"}}, {"type" : "Feature", "geometry" : {"type":"Polygon","coordinates":[[[-77.550336769,38.408373449],[-77.550336769,38.443560991],[-77.505421005,38.443560991],[-77.505421005,38.408373449],[-77.550336769,38.408373449]]]}, "properties" : {"grid_id" : 1015, "lisa_cluster" : "High-High"}}, {"type" : "Feature", "geometry" : {"type":"Polygon","coordinates":[[[-77.505421005,38.408373449],[-77.505421005,38.443560991],[-77.460505241,38.443560991],[-77.460505241,38.408373449],[-77.505421005,38.408373449]]]}, "properties" : {"grid_id" : 1016, "lisa_cluster" : "Low-Low"}}, {"type" : "Feature", "geometry" : {"type":"Polygon","coordinates":[[[-77.595252533,38.408373449],[-77.595252533,38.443560991],[-77.550336769,38.443560991],[-77.550336769,38.408373449],[-77.595252533,38.408373449]]]}, "properties" : {"grid_id" : 1017, "lisa_cluster" : "Low-Low"}}, {"type" : "Feature", "geometry" : {"type":"Polygon","coordinates":[[[-77.550336769,38.408373449],[-77.550336769,38.443560991],[-77.505421005,38.443560991],[-77.505421005,38.408373449],[-77.550336769,38.408373449]]]}, "properties" : {"grid_id" : 1018, "lisa_cluster" : "High-High"}}, {"type" : "Feature", "geometry" : {"type":"Polygon","coordinates":[[[-77.595252533,38.443560991],[-77.595252533,38.478731386],[-77.550336769,38.478731386],[-77.550336769,38.443560991],[-77.595252533,38.443560991]]]}, "properties" : {"grid_id" : 1019, "lisa_cluster" : "Low-High"}}, {"type" : "Feature", "geometry" : {"type":"Polygon","coordinates":[[[-77.550336769,38.443560991],[-77.550336769,38.478731386],[-77.505421005,38.478731386],[-77.505421005,38.443560991],[-77.550336769,38.443560991]]]}, "properties" : {"grid_id" : 1020, "lisa_cluster" : "High-High"}}, {"type" : "Feature", "geometry" : {"type":"Polygon","coordinates":[[[-77.505421005,38.443560991],[-77.505421005,38.478731386],[-77.460505241,38.478731386],[-77.460505241,38.443560991],[-77.505421005,38.443560991]]]}, "properties" : {"grid_id" : 1021, "lisa_cluster" : "Low-Low"}}, {"type" : "Feature", "geometry" : {"type":"Polygon","coordinates":[[[-77.595252533,38.443560991],[-77.595252533,38.478731386],[-77.550336769,38.478731386],[-77.550336769,38.443560991],[-77.595252533,38.443560991]]]}, "properties" : {"grid_id" : 1022, "lisa_cluster" : "Low-High"}}, {"type" : "Feature", "geometry" : {"type":"Polygon","coordinates":[[[-77.550336769,38.443560991],[-77.550336769,38.478731386],[-77.505421005,38.478731386],[-77.505421005,38.443560991],[-77.550336769,38.443560991]]]}, "properties" : {"grid_id" : 1023, "lisa_cluster" : "High-High"}}, {"type" : "Feature", "geometry" : {"type":"Polygon","coordinates":[[[-77.595252533,38.478731386],[-77.595252533,38.513884629],[-77.550336769,38.513884629],[-77.550336769,38.478731386],[-77.595252533,38.478731386]]]}, "properties" : {"grid_id" : 1024, "lisa_cluster" : "High-Low"}}, {"type" : "Feature", "geometry" : {"type":"Polygon","coordinates":[[[-77.505421005,38.478731386],[-77.505421005,38.513884629],[-77.460505241,38.513884629],[-77.460505241,38.478731386],[-77.505421005,38.478731386]]]}, "properties" : {"grid_id" : 1025, "lisa_cluster" : "High-High"}}, {"type" : "Feature", "geometry" : {"type":"Polygon","coordinates":[[[-77.460505241,38.478731386],[-77.460505241,38.513884629],[-77.415589477,38.513884629],[-77.415589477,38.478731386],[-77.460505241,38.478731386]]]}, "properties" : {"grid_id" : 1026, "lisa_cluster" : "Low-Low"}}, {"type" : "Feature", "geometry" : {"type":"Polygon","coordinates":[[[-77.415589477,38.478731386],[-77.415589477,38.513884629],[-77.370673712,38.513884629],[-77.370673712,38.478731386],[-77.415589477,38.478731386]]]}, "properties" : {"grid_id" : 1027, "lisa_cluster" : "Low-Low"}}, {"type" : "Feature", "geometry" : {"type":"Polygon","coordinates":[[[-77.595252533,38.478731386],[-77.595252533,38.513884629],[-77.550336769,38.513884629],[-77.550336769,38.478731386],[-77.595252533,38.478731386]]]}, "properties" : {"grid_id" : 1028, "lisa_cluster" : "High-Low"}}, {"type" : "Feature", "geometry" : {"type":"Polygon","coordinates":[[[-77.550336769,38.478731386],[-77.550336769,38.513884629],[-77.505421005,38.513884629],[-77.505421005,38.478731386],[-77.550336769,38.478731386]]]}, "properties" : {"grid_id" : 1029, "lisa_cluster" : "High-High"}}, {"type" : "Feature", "geometry" : {"type":"Polygon","coordinates":[[[-77.505421005,38.478731386],[-77.505421005,38.513884629],[-77.460505241,38.513884629],[-77.460505241,38.478731386],[-77.505421005,38.478731386]]]}, "properties" : {"grid_id" : 1030, "lisa_cluster" : "High-High"}}, {"type" : "Feature", "geometry" : {"type":"Polygon","coordinates":[[[-77.460505241,38.478731386],[-77.460505241,38.513884629],[-77.415589477,38.513884629],[-77.415589477,38.478731386],[-77.460505241,38.478731386]]]}, "properties" : {"grid_id" : 1031, "lisa_cluster" : "Low-Low"}}, {"type" : "Feature", "geometry" : {"type":"Polygon","coordinates":[[[-77.415589477,38.478731386],[-77.415589477,38.513884629],[-77.370673712,38.513884629],[-77.370673712,38.478731386],[-77.415589477,38.478731386]]]}, "properties" : {"grid_id" : 1032, "lisa_cluster" : "Low-Low"}}, {"type" : "Feature", "geometry" : {"type":"Polygon","coordinates":[[[-77.595252533,38.478731386],[-77.595252533,38.513884629],[-77.550336769,38.513884629],[-77.550336769,38.478731386],[-77.595252533,38.478731386]]]}, "properties" : {"grid_id" : 1033, "lisa_cluster" : "High-Low"}}, {"type" : "Feature", "geometry" : {"type":"Polygon","coordinates":[[[-77.415589477,38.513884629],[-77.415589477,38.549020717],[-77.370673712,38.549020717],[-77.370673712,38.513884629],[-77.415589477,38.513884629]]]}, "properties" : {"grid_id" : 1034, "lisa_cluster" : "Low-Low"}}, {"type" : "Feature", "geometry" : {"type":"Polygon","coordinates":[[[-77.595252533,38.513884629],[-77.595252533,38.549020717],[-77.550336769,38.549020717],[-77.550336769,38.513884629],[-77.595252533,38.513884629]]]}, "properties" : {"grid_id" : 1035, "lisa_cluster" : "Low-Low"}}, {"type" : "Feature", "geometry" : {"type":"Polygon","coordinates":[[[-77.595252533,38.513884629],[-77.595252533,38.549020717],[-77.550336769,38.549020717],[-77.550336769,38.513884629],[-77.595252533,38.513884629]]]}, "properties" : {"grid_id" : 1036, "lisa_cluster" : "Low-Low"}}, {"type" : "Feature", "geometry" : {"type":"Polygon","coordinates":[[[-77.550336769,38.513884629],[-77.550336769,38.549020717],[-77.505421005,38.549020717],[-77.505421005,38.513884629],[-77.550336769,38.513884629]]]}, "properties" : {"grid_id" : 1037, "lisa_cluster" : "High-High"}}, {"type" : "Feature", "geometry" : {"type":"Polygon","coordinates":[[[-77.550336769,38.513884629],[-77.550336769,38.549020717],[-77.505421005,38.549020717],[-77.505421005,38.513884629],[-77.550336769,38.513884629]]]}, "properties" : {"grid_id" : 1038, "lisa_cluster" : "High-High"}}, {"type" : "Feature", "geometry" : {"type":"Polygon","coordinates":[[[-77.505421005,38.513884629],[-77.505421005,38.549020717],[-77.460505241,38.549020717],[-77.460505241,38.513884629],[-77.505421005,38.513884629]]]}, "properties" : {"grid_id" : 1039, "lisa_cluster" : "High-Low"}}, {"type" : "Feature", "geometry" : {"type":"Polygon","coordinates":[[[-77.460505241,38.513884629],[-77.460505241,38.549020717],[-77.415589477,38.549020717],[-77.415589477,38.513884629],[-77.460505241,38.513884629]]]}, "properties" : {"grid_id" : 1040, "lisa_cluster" : "Low-Low"}}, {"type" : "Feature", "geometry" : {"type":"Polygon","coordinates":[[[-77.415589477,38.513884629],[-77.415589477,38.549020717],[-77.370673712,38.549020717],[-77.370673712,38.513884629],[-77.415589477,38.513884629]]]}, "properties" : {"grid_id" : 1041, "lisa_cluster" : "Low-Low"}}, {"type" : "Feature", "geometry" : {"type":"Polygon","coordinates":[[[-77.595252533,38.513884629],[-77.595252533,38.549020717],[-77.550336769,38.549020717],[-77.550336769,38.513884629],[-77.595252533,38.513884629]]]}, "properties" : {"grid_id" : 1042, "lisa_cluster" : "Low-Low"}}, {"type" : "Feature", "geometry" : {"type":"Polygon","coordinates":[[[-77.604918406,39.301761799],[-77.604918406,39.336509919],[-77.560002642,39.336509919],[-77.560002642,39.301761799],[-77.604918406,39.301761799]]]}, "properties" : {"grid_id" : 1, "lisa_cluster" : "Not Significant"}}, {"type" : "Feature", "geometry" : {"type":"Polygon","coordinates":[[[-77.604918406,39.301761799],[-77.604918406,39.336509919],[-77.560002642,39.336509919],[-77.560002642,39.301761799],[-77.604918406,39.301761799]]]}, "properties" : {"grid_id" : 2, "lisa_cluster" : "Not Significant"}}, {"type" : "Feature", "geometry" : {"type":"Polygon","coordinates":[[[-77.917011102,39.032967606],[-77.917011102,39.067848827],[-77.872095338,39.067848827],[-77.872095338,39.032967606],[-77.917011102,39.032967606]]]}, "properties" : {"grid_id" : 3, "lisa_cluster" : "High-High"}}, {"type" : "Feature", "geometry" : {"type":"Polygon","coordinates":[[[-77.872095338,39.032967606],[-77.872095338,39.067848827],[-77.827179574,39.067848827],[-77.827179574,39.032967606],[-77.872095338,39.032967606]]]}, "properties" : {"grid_id" : 4, "lisa_cluster" : "Low-Low"}}, {"type" : "Feature", "geometry" : {"type":"Polygon","coordinates":[[[-77.827179574,39.032967606],[-77.827179574,39.067848827],[-77.782263809,39.067848827],[-77.782263809,39.032967606],[-77.827179574,39.032967606]]]}, "properties" : {"grid_id" : 5, "lisa_cluster" : "High-Low"}}, {"type" : "Feature", "geometry" : {"type":"Polygon","coordinates":[[[-77.827179574,39.032967606],[-77.827179574,39.067848827],[-77.782263809,39.067848827],[-77.782263809,39.032967606],[-77.827179574,39.032967606]]]}, "properties" : {"grid_id" : 6, "lisa_cluster" : "High-Low"}}, {"type" : "Feature", "geometry" : {"type":"Polygon","coordinates":[[[-77.917011102,39.032967606],[-77.917011102,39.067848827],[-77.872095338,39.067848827],[-77.872095338,39.032967606],[-77.917011102,39.032967606]]]}, "properties" : {"grid_id" : 7, "lisa_cluster" : "High-High"}}, {"type" : "Feature", "geometry" : {"type":"Polygon","coordinates":[[[-77.550336769,38.513884629],[-77.550336769,38.549020717],[-77.505421005,38.549020717],[-77.505421005,38.513884629],[-77.550336769,38.513884629]]]}, "properties" : {"grid_id" : 1043, "lisa_cluster" : "High-High"}}, {"type" : "Feature", "geometry" : {"type":"Polygon","coordinates":[[[-77.505421005,38.513884629],[-77.505421005,38.549020717],[-77.460505241,38.549020717],[-77.460505241,38.513884629],[-77.505421005,38.513884629]]]}, "properties" : {"grid_id" : 1044, "lisa_cluster" : "High-Low"}}, {"type" : "Feature", "geometry" : {"type":"Polygon","coordinates":[[[-77.460505241,38.549020717],[-77.460505241,38.584139644],[-77.415589477,38.584139644],[-77.415589477,38.549020717],[-77.460505241,38.549020717]]]}, "properties" : {"grid_id" : 1045, "lisa_cluster" : "High-Low"}}, {"type" : "Feature", "geometry" : {"type":"Polygon","coordinates":[[[-77.415589477,38.549020717],[-77.415589477,38.584139644],[-77.370673712,38.584139644],[-77.370673712,38.549020717],[-77.415589477,38.549020717]]]}, "properties" : {"grid_id" : 1046, "lisa_cluster" : "High-High"}}, {"type" : "Feature", "geometry" : {"type":"Polygon","coordinates":[[[-77.595252533,38.549020717],[-77.595252533,38.584139644],[-77.550336769,38.584139644],[-77.550336769,38.549020717],[-77.595252533,38.549020717]]]}, "properties" : {"grid_id" : 1047, "lisa_cluster" : "Low-Low"}}, {"type" : "Feature", "geometry" : {"type":"Polygon","coordinates":[[[-77.595252533,38.549020717],[-77.595252533,38.584139644],[-77.550336769,38.584139644],[-77.550336769,38.549020717],[-77.595252533,38.549020717]]]}, "properties" : {"grid_id" : 1048, "lisa_cluster" : "Low-Low"}}, {"type" : "Feature", "geometry" : {"type":"Polygon","coordinates":[[[-77.550336769,38.549020717],[-77.550336769,38.584139644],[-77.505421005,38.584139644],[-77.505421005,38.549020717],[-77.550336769,38.549020717]]]}, "properties" : {"grid_id" : 1049, "lisa_cluster" : "Low-Low"}}, {"type" : "Feature", "geometry" : {"type":"Polygon","coordinates":[[[-77.550336769,38.549020717],[-77.550336769,38.584139644],[-77.505421005,38.584139644],[-77.505421005,38.549020717],[-77.550336769,38.549020717]]]}, "properties" : {"grid_id" : 1050, "lisa_cluster" : "Low-Low"}}, {"type" : "Feature", "geometry" : {"type":"Polygon","coordinates":[[[-77.505421005,38.549020717],[-77.505421005,38.584139644],[-77.460505241,38.584139644],[-77.460505241,38.549020717],[-77.505421005,38.549020717]]]}, "properties" : {"grid_id" : 1051, "lisa_cluster" : "Low-Low"}}, {"type" : "Feature", "geometry" : {"type":"Polygon","coordinates":[[[-77.460505241,38.549020717],[-77.460505241,38.584139644],[-77.415589477,38.584139644],[-77.415589477,38.549020717],[-77.460505241,38.549020717]]]}, "properties" : {"grid_id" : 1052, "lisa_cluster" : "High-Low"}}, {"type" : "Feature", "geometry" : {"type":"Polygon","coordinates":[[[-77.415589477,38.549020717],[-77.415589477,38.584139644],[-77.370673712,38.584139644],[-77.370673712,38.549020717],[-77.415589477,38.549020717]]]}, "properties" : {"grid_id" : 1053, "lisa_cluster" : "High-High"}}, {"type" : "Feature", "geometry" : {"type":"Polygon","coordinates":[[[-77.595252533,38.549020717],[-77.595252533,38.584139644],[-77.550336769,38.584139644],[-77.550336769,38.549020717],[-77.595252533,38.549020717]]]}, "properties" : {"grid_id" : 1054, "lisa_cluster" : "Low-Low"}}, {"type" : "Feature", "geometry" : {"type":"Polygon","coordinates":[[[-77.550336769,38.549020717],[-77.550336769,38.584139644],[-77.505421005,38.584139644],[-77.505421005,38.549020717],[-77.550336769,38.549020717]]]}, "properties" : {"grid_id" : 1055, "lisa_cluster" : "Low-Low"}}, {"type" : "Feature", "geometry" : {"type":"Polygon","coordinates":[[[-77.505421005,38.549020717],[-77.505421005,38.584139644],[-77.460505241,38.584139644],[-77.460505241,38.549020717],[-77.505421005,38.549020717]]]}, "properties" : {"grid_id" : 1056, "lisa_cluster" : "Low-Low"}}, {"type" : "Feature", "geometry" : {"type":"Polygon","coordinates":[[[-77.460505241,38.549020717],[-77.460505241,38.584139644],[-77.415589477,38.584139644],[-77.415589477,38.549020717],[-77.460505241,38.549020717]]]}, "properties" : {"grid_id" : 1057, "lisa_cluster" : "High-Low"}}, {"type" : "Feature", "geometry" : {"type":"Polygon","coordinates":[[[-77.550336769,38.549020717],[-77.550336769,38.584139644],[-77.505421005,38.584139644],[-77.505421005,38.549020717],[-77.550336769,38.549020717]]]}, "properties" : {"grid_id" : 1058, "lisa_cluster" : "Low-Low"}}, {"type" : "Feature", "geometry" : {"type":"Polygon","coordinates":[[[-77.635038917,38.385330401],[-77.635038917,38.420529164],[-77.590123153,38.420529164],[-77.590123153,38.385330401],[-77.635038917,38.385330401]]]}, "properties" : {"grid_id" : 1059, "lisa_cluster" : "Low-Low"}}, {"type" : "Feature", "geometry" : {"type":"Polygon","coordinates":[[[-77.545207389,38.385330401],[-77.545207389,38.420529164],[-77.500291625,38.420529164],[-77.500291625,38.385330401],[-77.545207389,38.385330401]]]}, "properties" : {"grid_id" : 1060, "lisa_cluster" : "Low-Low"}}, {"type" : "Feature", "geometry" : {"type":"Polygon","coordinates":[[[-77.635038917,38.385330401],[-77.635038917,38.420529164],[-77.590123153,38.420529164],[-77.590123153,38.385330401],[-77.635038917,38.385330401]]]}, "properties" : {"grid_id" : 1061, "lisa_cluster" : "Low-Low"}}, {"type" : "Feature", "geometry" : {"type":"Polygon","coordinates":[[[-77.590123153,38.385330401],[-77.590123153,38.420529164],[-77.545207389,38.420529164],[-77.545207389,38.385330401],[-77.590123153,38.385330401]]]}, "properties" : {"grid_id" : 1062, "lisa_cluster" : "Low-Low"}}, {"type" : "Feature", "geometry" : {"type":"Polygon","coordinates":[[[-77.545207389,38.385330401],[-77.545207389,38.420529164],[-77.500291625,38.420529164],[-77.500291625,38.385330401],[-77.545207389,38.385330401]]]}, "properties" : {"grid_id" : 1063, "lisa_cluster" : "Low-Low"}}, {"type" : "Feature", "geometry" : {"type":"Polygon","coordinates":[[[-77.545207389,38.420529164],[-77.545207389,38.455710784],[-77.500291625,38.455710784],[-77.500291625,38.420529164],[-77.545207389,38.420529164]]]}, "properties" : {"grid_id" : 1064, "lisa_cluster" : "High-High"}}, {"type" : "Feature", "geometry" : {"type":"Polygon","coordinates":[[[-77.590123153,38.420529164],[-77.590123153,38.455710784],[-77.545207389,38.455710784],[-77.545207389,38.420529164],[-77.590123153,38.420529164]]]}, "properties" : {"grid_id" : 1065, "lisa_cluster" : "High-Low"}}, {"type" : "Feature", "geometry" : {"type":"Polygon","coordinates":[[[-77.545207389,38.420529164],[-77.545207389,38.455710784],[-77.500291625,38.455710784],[-77.500291625,38.420529164],[-77.545207389,38.420529164]]]}, "properties" : {"grid_id" : 1066, "lisa_cluster" : "High-High"}}, {"type" : "Feature", "geometry" : {"type":"Polygon","coordinates":[[[-77.635038917,38.420529164],[-77.635038917,38.455710784],[-77.590123153,38.455710784],[-77.590123153,38.420529164],[-77.635038917,38.420529164]]]}, "properties" : {"grid_id" : 1067, "lisa_cluster" : "Low-High"}}, {"type" : "Feature", "geometry" : {"type":"Polygon","coordinates":[[[-77.590123153,38.420529164],[-77.590123153,38.455710784],[-77.545207389,38.455710784],[-77.545207389,38.420529164],[-77.590123153,38.420529164]]]}, "properties" : {"grid_id" : 1068, "lisa_cluster" : "High-Low"}}, {"type" : "Feature", "geometry" : {"type":"Polygon","coordinates":[[[-77.545207389,38.420529164],[-77.545207389,38.455710784],[-77.500291625,38.455710784],[-77.500291625,38.420529164],[-77.545207389,38.420529164]]]}, "properties" : {"grid_id" : 1069, "lisa_cluster" : "High-High"}}, {"type" : "Feature", "geometry" : {"type":"Polygon","coordinates":[[[-77.590123153,38.455710784],[-77.590123153,38.490875255],[-77.545207389,38.490875255],[-77.545207389,38.455710784],[-77.590123153,38.455710784]]]}, "properties" : {"grid_id" : 1070, "lisa_cluster" : "High-High"}}, {"type" : "Feature", "geometry" : {"type":"Polygon","coordinates":[[[-77.545207389,38.455710784],[-77.545207389,38.490875255],[-77.500291625,38.490875255],[-77.500291625,38.455710784],[-77.545207389,38.455710784]]]}, "properties" : {"grid_id" : 1071, "lisa_cluster" : "High-High"}}, {"type" : "Feature", "geometry" : {"type":"Polygon","coordinates":[[[-77.635038917,38.455710784],[-77.635038917,38.490875255],[-77.590123153,38.490875255],[-77.590123153,38.455710784],[-77.635038917,38.455710784]]]}, "properties" : {"grid_id" : 1072, "lisa_cluster" : "Low-Low"}}, {"type" : "Feature", "geometry" : {"type":"Polygon","coordinates":[[[-77.590123153,38.455710784],[-77.590123153,38.490875255],[-77.545207389,38.490875255],[-77.545207389,38.455710784],[-77.590123153,38.455710784]]]}, "properties" : {"grid_id" : 1073, "lisa_cluster" : "High-High"}}, {"type" : "Feature", "geometry" : {"type":"Polygon","coordinates":[[[-77.635038917,38.455710784],[-77.635038917,38.490875255],[-77.590123153,38.490875255],[-77.590123153,38.455710784],[-77.635038917,38.455710784]]]}, "properties" : {"grid_id" : 1074, "lisa_cluster" : "Low-Low"}}, {"type" : "Feature", "geometry" : {"type":"Polygon","coordinates":[[[-77.635038917,38.490875255],[-77.635038917,38.526022574],[-77.590123153,38.526022574],[-77.590123153,38.490875255],[-77.635038917,38.490875255]]]}, "properties" : {"grid_id" : 1075, "lisa_cluster" : "Low-Low"}}, {"type" : "Feature", "geometry" : {"type":"Polygon","coordinates":[[[-77.590123153,38.490875255],[-77.590123153,38.526022574],[-77.545207389,38.526022574],[-77.545207389,38.490875255],[-77.590123153,38.490875255]]]}, "properties" : {"grid_id" : 1076, "lisa_cluster" : "High-High"}}, {"type" : "Feature", "geometry" : {"type":"Polygon","coordinates":[[[-77.635038917,38.490875255],[-77.635038917,38.526022574],[-77.590123153,38.526022574],[-77.590123153,38.490875255],[-77.635038917,38.490875255]]]}, "properties" : {"grid_id" : 1077, "lisa_cluster" : "Low-Low"}}, {"type" : "Feature", "geometry" : {"type":"Polygon","coordinates":[[[-77.590123153,38.490875255],[-77.590123153,38.526022574],[-77.545207389,38.526022574],[-77.545207389,38.490875255],[-77.590123153,38.490875255]]]}, "properties" : {"grid_id" : 1078, "lisa_cluster" : "High-High"}}, {"type" : "Feature", "geometry" : {"type":"Polygon","coordinates":[[[-77.545207389,38.490875255],[-77.545207389,38.526022574],[-77.500291625,38.526022574],[-77.500291625,38.490875255],[-77.545207389,38.490875255]]]}, "properties" : {"grid_id" : 1079, "lisa_cluster" : "High-High"}}, {"type" : "Feature", "geometry" : {"type":"Polygon","coordinates":[[[-77.635038917,38.490875255],[-77.635038917,38.526022574],[-77.590123153,38.526022574],[-77.590123153,38.490875255],[-77.635038917,38.490875255]]]}, "properties" : {"grid_id" : 1080, "lisa_cluster" : "Low-Low"}}, {"type" : "Feature", "geometry" : {"type":"Polygon","coordinates":[[[-77.590123153,38.490875255],[-77.590123153,38.526022574],[-77.545207389,38.526022574],[-77.545207389,38.490875255],[-77.590123153,38.490875255]]]}, "properties" : {"grid_id" : 1081, "lisa_cluster" : "High-High"}}, {"type" : "Feature", "geometry" : {"type":"Polygon","coordinates":[[[-77.635038917,38.490875255],[-77.635038917,38.526022574],[-77.590123153,38.526022574],[-77.590123153,38.490875255],[-77.635038917,38.490875255]]]}, "properties" : {"grid_id" : 1082, "lisa_cluster" : "Low-Low"}}, {"type" : "Feature", "geometry" : {"type":"Polygon","coordinates":[[[-77.827044826,38.80414691],[-77.827044826,38.839140834],[-77.782129062,38.839140834],[-77.782129062,38.80414691],[-77.827044826,38.80414691]]]}, "properties" : {"grid_id" : 1083, "lisa_cluster" : "Low-Low"}}, {"type" : "Feature", "geometry" : {"type":"Polygon","coordinates":[[[-77.916876355,38.80414691],[-77.916876355,38.839140834],[-77.87196059,38.839140834],[-77.87196059,38.80414691],[-77.916876355,38.80414691]]]}, "properties" : {"grid_id" : 1084, "lisa_cluster" : "High-High"}}, {"type" : "Feature", "geometry" : {"type":"Polygon","coordinates":[[[-77.87196059,38.80414691],[-77.87196059,38.839140834],[-77.827044826,38.839140834],[-77.827044826,38.80414691],[-77.87196059,38.80414691]]]}, "properties" : {"grid_id" : 1085, "lisa_cluster" : "Low-Low"}}, {"type" : "Feature", "geometry" : {"type":"Polygon","coordinates":[[[-77.87196059,38.839140834],[-77.87196059,38.874117559],[-77.827044826,38.874117559],[-77.827044826,38.839140834],[-77.87196059,38.839140834]]]}, "properties" : {"grid_id" : 1086, "lisa_cluster" : "High-High"}}, {"type" : "Feature", "geometry" : {"type":"Polygon","coordinates":[[[-77.827044826,38.839140834],[-77.827044826,38.874117559],[-77.782129062,38.874117559],[-77.782129062,38.839140834],[-77.827044826,38.839140834]]]}, "properties" : {"grid_id" : 1087, "lisa_cluster" : "High-High"}}, {"type" : "Feature", "geometry" : {"type":"Polygon","coordinates":[[[-77.916876355,38.839140834],[-77.916876355,38.874117559],[-77.87196059,38.874117559],[-77.87196059,38.839140834],[-77.916876355,38.839140834]]]}, "properties" : {"grid_id" : 1088, "lisa_cluster" : "Low-Low"}}, {"type" : "Feature", "geometry" : {"type":"Polygon","coordinates":[[[-77.87196059,38.839140834],[-77.87196059,38.874117559],[-77.827044826,38.874117559],[-77.827044826,38.839140834],[-77.87196059,38.839140834]]]}, "properties" : {"grid_id" : 1089, "lisa_cluster" : "High-High"}}, {"type" : "Feature", "geometry" : {"type":"Polygon","coordinates":[[[-77.827044826,38.839140834],[-77.827044826,38.874117559],[-77.782129062,38.874117559],[-77.782129062,38.839140834],[-77.827044826,38.839140834]]]}, "properties" : {"grid_id" : 1090, "lisa_cluster" : "High-High"}}, {"type" : "Feature", "geometry" : {"type":"Polygon","coordinates":[[[-77.827044826,38.874117559],[-77.827044826,38.90907708],[-77.782129062,38.90907708],[-77.782129062,38.874117559],[-77.827044826,38.874117559]]]}, "properties" : {"grid_id" : 1091, "lisa_cluster" : "Low-Low"}}, {"type" : "Feature", "geometry" : {"type":"Polygon","coordinates":[[[-77.87196059,38.874117559],[-77.87196059,38.90907708],[-77.827044826,38.90907708],[-77.827044826,38.874117559],[-77.87196059,38.874117559]]]}, "properties" : {"grid_id" : 1092, "lisa_cluster" : "Low-Low"}}, {"type" : "Feature", "geometry" : {"type":"Polygon","coordinates":[[[-77.827044826,38.874117559],[-77.827044826,38.90907708],[-77.782129062,38.90907708],[-77.782129062,38.874117559],[-77.827044826,38.874117559]]]}, "properties" : {"grid_id" : 1093, "lisa_cluster" : "Low-Low"}}, {"type" : "Feature", "geometry" : {"type":"Polygon","coordinates":[[[-77.448126456,38.824039566],[-77.448126456,38.859023715],[-77.403210692,38.859023715],[-77.403210692,38.824039566],[-77.448126456,38.824039566]]]}, "properties" : {"grid_id" : 1094, "lisa_cluster" : "Low-Low"}}, {"type" : "Feature", "geometry" : {"type":"Polygon","coordinates":[[[-77.537957985,38.824039566],[-77.537957985,38.859023715],[-77.49304222,38.859023715],[-77.49304222,38.824039566],[-77.537957985,38.824039566]]]}, "properties" : {"grid_id" : 1095, "lisa_cluster" : "Low-High"}}, {"type" : "Feature", "geometry" : {"type":"Polygon","coordinates":[[[-77.537957985,38.824039566],[-77.537957985,38.859023715],[-77.49304222,38.859023715],[-77.49304222,38.824039566],[-77.537957985,38.824039566]]]}, "properties" : {"grid_id" : 1096, "lisa_cluster" : "Low-High"}}, {"type" : "Feature", "geometry" : {"type":"Polygon","coordinates":[[[-77.49304222,38.824039566],[-77.49304222,38.859023715],[-77.448126456,38.859023715],[-77.448126456,38.824039566],[-77.49304222,38.824039566]]]}, "properties" : {"grid_id" : 1097, "lisa_cluster" : "High-High"}}, {"type" : "Feature", "geometry" : {"type":"Polygon","coordinates":[[[-77.448126456,38.824039566],[-77.448126456,38.859023715],[-77.403210692,38.859023715],[-77.403210692,38.824039566],[-77.448126456,38.824039566]]]}, "properties" : {"grid_id" : 1098, "lisa_cluster" : "Low-Low"}}, {"type" : "Feature", "geometry" : {"type":"Polygon","coordinates":[[[-77.537957985,38.824039566],[-77.537957985,38.859023715],[-77.49304222,38.859023715],[-77.49304222,38.824039566],[-77.537957985,38.824039566]]]}, "properties" : {"grid_id" : 1099, "lisa_cluster" : "Low-High"}}, {"type" : "Feature", "geometry" : {"type":"Polygon","coordinates":[[[-77.537957985,38.824039566],[-77.537957985,38.859023715],[-77.49304222,38.859023715],[-77.49304222,38.824039566],[-77.537957985,38.824039566]]]}, "properties" : {"grid_id" : 1100, "lisa_cluster" : "Low-High"}}, {"type" : "Feature", "geometry" : {"type":"Polygon","coordinates":[[[-77.49304222,38.824039566],[-77.49304222,38.859023715],[-77.448126456,38.859023715],[-77.448126456,38.824039566],[-77.49304222,38.824039566]]]}, "properties" : {"grid_id" : 1101, "lisa_cluster" : "High-High"}}, {"type" : "Feature", "geometry" : {"type":"Polygon","coordinates":[[[-77.448126456,38.824039566],[-77.448126456,38.859023715],[-77.403210692,38.859023715],[-77.403210692,38.824039566],[-77.448126456,38.824039566]]]}, "properties" : {"grid_id" : 1102, "lisa_cluster" : "Low-Low"}}, {"type" : "Feature", "geometry" : {"type":"Polygon","coordinates":[[[-77.537957985,38.859023715],[-77.537957985,38.893990661],[-77.49304222,38.893990661],[-77.49304222,38.859023715],[-77.537957985,38.859023715]]]}, "properties" : {"grid_id" : 1103, "lisa_cluster" : "High-High"}}, {"type" : "Feature", "geometry" : {"type":"Polygon","coordinates":[[[-77.49304222,38.859023715],[-77.49304222,38.893990661],[-77.448126456,38.893990661],[-77.448126456,38.859023715],[-77.49304222,38.859023715]]]}, "properties" : {"grid_id" : 1104, "lisa_cluster" : "Low-Low"}}, {"type" : "Feature", "geometry" : {"type":"Polygon","coordinates":[[[-77.537957985,38.859023715],[-77.537957985,38.893990661],[-77.49304222,38.893990661],[-77.49304222,38.859023715],[-77.537957985,38.859023715]]]}, "properties" : {"grid_id" : 1105, "lisa_cluster" : "High-High"}}, {"type" : "Feature", "geometry" : {"type":"Polygon","coordinates":[[[-77.49304222,38.859023715],[-77.49304222,38.893990661],[-77.448126456,38.893990661],[-77.448126456,38.859023715],[-77.49304222,38.859023715]]]}, "properties" : {"grid_id" : 1106, "lisa_cluster" : "Low-Low"}}, {"type" : "Feature", "geometry" : {"type":"Polygon","coordinates":[[[-77.537957985,38.859023715],[-77.537957985,38.893990661],[-77.49304222,38.893990661],[-77.49304222,38.859023715],[-77.537957985,38.859023715]]]}, "properties" : {"grid_id" : 1107, "lisa_cluster" : "High-High"}}, {"type" : "Feature", "geometry" : {"type":"Polygon","coordinates":[[[-77.49304222,38.859023715],[-77.49304222,38.893990661],[-77.448126456,38.893990661],[-77.448126456,38.859023715],[-77.49304222,38.859023715]]]}, "properties" : {"grid_id" : 1108, "lisa_cluster" : "Low-Low"}}, {"type" : "Feature", "geometry" : {"type":"Polygon","coordinates":[[[-77.448126456,38.859023715],[-77.448126456,38.893990661],[-77.403210692,38.893990661],[-77.403210692,38.859023715],[-77.448126456,38.859023715]]]}, "properties" : {"grid_id" : 1109, "lisa_cluster" : "Low-Low"}}, {"type" : "Feature", "geometry" : {"type":"Polygon","coordinates":[[[-77.49304222,38.893990661],[-77.49304222,38.928940401],[-77.448126456,38.928940401],[-77.448126456,38.893990661],[-77.49304222,38.893990661]]]}, "properties" : {"grid_id" : 1110, "lisa_cluster" : "Low-Low"}}, {"type" : "Feature", "geometry" : {"type":"Polygon","coordinates":[[[-77.537957985,38.893990661],[-77.537957985,38.928940401],[-77.49304222,38.928940401],[-77.49304222,38.893990661],[-77.537957985,38.893990661]]]}, "properties" : {"grid_id" : 1111, "lisa_cluster" : "High-High"}}, {"type" : "Feature", "geometry" : {"type":"Polygon","coordinates":[[[-77.49304222,38.893990661],[-77.49304222,38.928940401],[-77.448126456,38.928940401],[-77.448126456,38.893990661],[-77.49304222,38.893990661]]]}, "properties" : {"grid_id" : 1112, "lisa_cluster" : "Low-Low"}}, {"type" : "Feature", "geometry" : {"type":"Polygon","coordinates":[[[-77.49304222,38.893990661],[-77.49304222,38.928940401],[-77.448126456,38.928940401],[-77.448126456,38.893990661],[-77.49304222,38.893990661]]]}, "properties" : {"grid_id" : 1113, "lisa_cluster" : "Low-Low"}}, {"type" : "Feature", "geometry" : {"type":"Polygon","coordinates":[[[-77.448126456,38.893990661],[-77.448126456,38.928940401],[-77.403210692,38.928940401],[-77.403210692,38.893990661],[-77.448126456,38.893990661]]]}, "properties" : {"grid_id" : 1114, "lisa_cluster" : "Low-Low"}}, {"type" : "Feature", "geometry" : {"type":"Polygon","coordinates":[[[-77.537957985,38.893990661],[-77.537957985,38.928940401],[-77.49304222,38.928940401],[-77.49304222,38.893990661],[-77.537957985,38.893990661]]]}, "properties" : {"grid_id" : 1115, "lisa_cluster" : "High-High"}}, {"type" : "Feature", "geometry" : {"type":"Polygon","coordinates":[[[-77.644246649,38.478105502],[-77.644246649,38.513259052],[-77.599330885,38.513259052],[-77.599330885,38.478105502],[-77.644246649,38.478105502]]]}, "properties" : {"grid_id" : 1116, "lisa_cluster" : "High-High"}}, {"type" : "Feature", "geometry" : {"type":"Polygon","coordinates":[[[-77.644246649,38.478105502],[-77.644246649,38.513259052],[-77.599330885,38.513259052],[-77.599330885,38.478105502],[-77.644246649,38.478105502]]]}, "properties" : {"grid_id" : 1117, "lisa_cluster" : "High-High"}}, {"type" : "Feature", "geometry" : {"type":"Polygon","coordinates":[[[-77.644246649,38.478105502],[-77.644246649,38.513259052],[-77.599330885,38.513259052],[-77.599330885,38.478105502],[-77.644246649,38.478105502]]]}, "properties" : {"grid_id" : 1118, "lisa_cluster" : "High-High"}}, {"type" : "Feature", "geometry" : {"type":"Polygon","coordinates":[[[-77.644246649,38.513259052],[-77.644246649,38.548395445],[-77.599330885,38.548395445],[-77.599330885,38.513259052],[-77.644246649,38.513259052]]]}, "properties" : {"grid_id" : 1119, "lisa_cluster" : "Low-Low"}}, {"type" : "Feature", "geometry" : {"type":"Polygon","coordinates":[[[-77.644246649,38.513259052],[-77.644246649,38.548395445],[-77.599330885,38.548395445],[-77.599330885,38.513259052],[-77.644246649,38.513259052]]]}, "properties" : {"grid_id" : 1120, "lisa_cluster" : "Low-Low"}}, {"type" : "Feature", "geometry" : {"type":"Polygon","coordinates":[[[-77.644246649,38.513259052],[-77.644246649,38.548395445],[-77.599330885,38.548395445],[-77.599330885,38.513259052],[-77.644246649,38.513259052]]]}, "properties" : {"grid_id" : 1121, "lisa_cluster" : "Low-Low"}}]}
