{"type": "FeatureCollection", "features": [{"type": "Feature", "geometry": {"type": "Polygon", "coordinates": [[[-77.604918406, 39.301761799], [-77.604918406, 39.336509919], [-77.560002642, 39.336509919], [-77.560002642, 39.301761799], [-77.604918406, 39.301761799]]]}, "properties": {"grid_id": 1, "solar_count": 0, "solar_density": 0}}, {"type": "Feature", "geometry": {"type": "Polygon", "coordinates": [[[-77.604918406, 39.301761799], [-77.604918406, 39.336509919], [-77.560002642, 39.336509919], [-77.560002642, 39.301761799], [-77.604918406, 39.301761799]]]}, "properties": {"grid_id": 2, "solar_count": 0, "solar_density": 0}}, {"type": "Feature", "geometry": {"type": "Polygon", "coordinates": [[[-77.917011102, 39.032967606], [-77.917011102, 39.067848827], [-77.872095338, 39.067848827], [-77.872095338, 39.032967606], [-77.917011102, 39.032967606]]]}, "properties": {"grid_id": 3, "solar_count": 1, "solar_density": 0.0399999999999851}}, {"type": "Feature", "geometry": {"type": "Polygon", "coordinates": [[[-77.872095338, 39.032967606], [-77.872095338, 39.067848827], [-77.827179574, 39.067848827], [-77.827179574, 39.032967606], [-77.872095338, 39.032967606]]]}, "properties": {"grid_id": 4, "solar_count": 4, "solar_density": 0.1599999999998808}}, {"type": "Feature", "geometry": {"type": "Polygon", "coordinates": [[[-77.827179574, 39.032967606], [-77.827179574, 39.067848827], [-77.782263809, 39.067848827], [-77.782263809, 39.032967606], [-77.827179574, 39.032967606]]]}, "properties": {"grid_id": 5, "solar_count": 4, "solar_density": 0.16}}, {"type": "Feature", "geometry": {"type": "Polygon", "coordinates": [[[-77.827179574, 39.032967606], [-77.827179574, 39.067848827], [-77.782263809, 39.067848827], [-77.782263809, 39.032967606], [-77.827179574, 39.032967606]]]}, "properties": {"grid_id": 6, "solar_count": 4, "solar_density": 0.16}}, {"type": "Feature", "geometry": {"type": "Polygon", "coordinates": [[[-77.917011102, 39.032967606], [-77.917011102, 39.067848827], [-77.872095338, 39.067848827], [-77.872095338, 39.032967606], [-77.917011102, 39.032967606]]]}, "properties": {"grid_id": 7, "solar_count": 1, "solar_density": 0.0399999999999851}}, {"type": "Feature", "geometry": {"type": "Polygon", "coordinates": [[[-77.917011102, 39.032967606], [-77.917011102, 39.067848827], [-77.872095338, 39.067848827], [-77.872095338, 39.032967606], [-77.917011102, 39.032967606]]]}, "properties": {"grid_id": 8, "solar_count": 1, "solar_density": 0.0399999999999851}}, {"type": "Feature", "geometry": {"type": "Polygon", "coordinates": [[[-77.872095338, 39.032967606], [-77.872095338, 39.067848827], [-77.827179574, 39.067848827], [-77.827179574, 39.032967606], [-77.872095338, 39.032967606]]]}, "properties": {"grid_id": 9, "solar_count": 4, "solar_density": 0.1599999999998808}}, {"type": "Feature", "geometry": {"type": "Polygon", "coordinates": [[[-77.917011102, 39.067848827], [-77.917011102, 39.10271282], [-77.872095338, 39.10271282], [-77.872095338, 39.067848827], [-77.917011102, 39.067848827]]]}, "properties": {"grid_id": 10, "solar_count": 0, "solar_density": 0}}, {"type": "Feature", "geometry": {"type": "Polygon", "coordinates": [[[-77.872095338, 39.067848827], [-77.872095338, 39.10271282], [-77.827179574, 39.10271282], [-77.827179574, 39.067848827], [-77.872095338, 39.067848827]]]}, "properties": {"grid_id": 11, "solar_count": 3, "solar_density": 0.12}}, {"type": "Feature", "geometry": {"type": "Polygon", "coordinates": [[[-77.827179574, 39.067848827], [-77.827179574, 39.10271282], [-77.782263809, 39.10271282], [-77.782263809, 39.067848827], [-77.827179574, 39.067848827]]]}, "properties": {"grid_id": 12, "solar_count": 8, "solar_density": 0.3200000000002384}}, {"type": "Feature", "geometry": {"type": "Polygon", "coordinates": [[[-77.827179574, 39.067848827], [-77.827179574, 39.10271282], [-77.782263809, 39.10271282], [-77.782263809, 39.067848827], [-77.827179574, 39.067848827]]]}, "properties": {"grid_id": 13, "solar_count": 8, "solar_density": 0.3200000000002384}}, {"type": "Feature", "geometry": {"type": "Polygon", "coordinates": [[[-77.827179574, 39.067848827], [-77.827179574, 39.10271282], [-77.782263809, 39.10271282], [-77.782263809, 39.067848827], [-77.827179574, 39.067848827]]]}, "properties": {"grid_id": 14, "solar_count": 8, "solar_density": 0.3200000000002384}}, {"type": "Feature", "geometry": {"type": "Polygon", "coordinates": [[[-77.872095338, 39.10271282], [-77.872095338, 39.137559578], [-77.827179574, 39.137559578], [-77.827179574, 39.10271282], [-77.872095338, 39.10271282]]]}, "properties": {"grid_id": 15, "solar_count": 0, "solar_density": 0}}, {"type": "Feature", "geometry": {"type": "Polygon", "coordinates": [[[-77.827179574, 39.10271282], [-77.827179574, 39.137559578], [-77.782263809, 39.137559578], [-77.782263809, 39.10271282], [-77.827179574, 39.10271282]]]}, "properties": {"grid_id": 16, "solar_count": 1, "solar_density": 0.0400000000000149}}, {"type": "Feature", "geometry": {"type": "Polygon", "coordinates": [[[-77.872095338, 39.10271282], [-77.872095338, 39.137559578], [-77.827179574, 39.137559578], [-77.827179574, 39.10271282], [-77.872095338, 39.10271282]]]}, "properties": {"grid_id": 17, "solar_count": 0, "solar_density": 0}}, {"type": "Feature", "geometry": {"type": "Polygon", "coordinates": [[[-77.827179574, 39.10271282], [-77.827179574, 39.137559578], [-77.782263809, 39.137559578], [-77.782263809, 39.10271282], [-77.827179574, 39.10271282]]]}, "properties": {"grid_id": 18, "solar_count": 1, "solar_density": 0.0400000000000149}}, {"type": "Feature", "geometry": {"type": "Polygon", "coordinates": [[[-77.827179574, 39.137559578], [-77.827179574, 39.172389099], [-77.782263809, 39.172389099], [-77.782263809, 39.137559578], [-77.827179574, 39.137559578]]]}, "properties": {"grid_id": 19, "solar_count": 10, "solar_density": 0.4}}, {"type": "Feature", "geometry": {"type": "Polygon", "coordinates": [[[-77.827179574, 39.137559578], [-77.827179574, 39.172389099], [-77.782263809, 39.172389099], [-77.782263809, 39.137559578], [-77.827179574, 39.137559578]]]}, "properties": {"grid_id": 20, "solar_count": 10, "solar_density": 0.4}}, {"type": "Feature", "geometry": {"type": "Polygon", "coordinates": [[[-77.827179574, 39.137559578], [-77.827179574, 39.172389099], [-77.782263809, 39.172389099], [-77.782263809, 39.137559578], [-77.827179574, 39.137559578]]]}, "properties": {"grid_id": 21, "solar_count": 10, "solar_density": 0.4}}, {"type": "Feature", "geometry": {"type": "Polygon", "coordinates": [[[-77.781670921, 38.762453715], [-77.781670921, 38.797468115], [-77.736755157, 38.797468115], [-77.736755157, 38.762453715], [-77.781670921, 38.762453715]]]}, "properties": {"grid_id": 22, "solar_count": 0, "solar_density": 0}}, {"type": "Feature", "geometry": {"type": "Polygon", "coordinates": [[[-77.736755157, 38.762453715], [-77.736755157, 38.797468115], [-77.691839393, 38.797468115], [-77.691839393, 38.762453715], [-77.736755157, 38.762453715]]]}, "properties": {"grid_id": 23, "solar_count": 4, "solar_density": 0.1600000000000298}}, {"type": "Feature", "geometry": {"type": "Polygon", "coordinates": [[[-77.736755157, 38.762453715], [-77.736755157, 38.797468115], [-77.691839393, 38.797468115], [-77.691839393, 38.762453715], [-77.736755157, 38.762453715]]]}, "properties": {"grid_id": 24, "solar_count": 4, "solar_density": 0.1600000000000298}}, {"type": "Feature", "geometry": {"type": "Polygon", "coordinates": [[[-77.691839393, 38.762453715], [-77.691839393, 38.797468115], [-77.646923629, 38.797468115], [-77.646923629, 38.762453715], [-77.691839393, 38.762453715]]]}, "properties": {"grid_id": 25, "solar_count": 6, "solar_density": 0.2400000000001341}}, {"type": "Feature", "geometry": {"type": "Polygon", "coordinates": [[[-77.781670921, 38.762453715], [-77.781670921, 38.797468115], [-77.736755157, 38.797468115], [-77.736755157, 38.762453715], [-77.781670921, 38.762453715]]]}, "properties": {"grid_id": 26, "solar_count": 0, "solar_density": 0}}, {"type": "Feature", "geometry": {"type": "Polygon", "coordinates": [[[-77.736755157, 38.762453715], [-77.736755157, 38.797468115], [-77.691839393, 38.797468115], [-77.691839393, 38.762453715], [-77.736755157, 38.762453715]]]}, "properties": {"grid_id": 27, "solar_count": 4, "solar_density": 0.1600000000000298}}, {"type": "Feature", "geometry": {"type": "Polygon", "coordinates": [[[-77.691839393, 38.762453715], [-77.691839393, 38.797468115], [-77.646923629, 38.797468115], [-77.646923629, 38.762453715], [-77.691839393, 38.762453715]]]}, "properties": {"grid_id": 28, "solar_count": 6, "solar_density": 0.2400000000001341}}, {"type": "Feature", "geometry": {"type": "Polygon", "coordinates": [[[-77.691839393, 38.762453715], [-77.691839393, 38.797468115], [-77.646923629, 38.797468115], [-77.646923629, 38.762453715], [-77.691839393, 38.762453715]]]}, "properties": {"grid_id": 29, "solar_count": 6, "solar_density": 0.2400000000001341}}, {"type": "Feature", "geometry": {"type": "Polygon", "coordinates": [[[-77.781670921, 38.762453715], [-77.781670921, 38.797468115], [-77.736755157, 38.797468115], [-77.736755157, 38.762453715], [-77.781670921, 38.762453715]]]}, "properties": {"grid_id": 30, "solar_count": 0, "solar_density": 0}}, {"type": "Feature", "geometry": {"type": "Polygon", "coordinates": [[[-77.781670921, 38.797468115], [-77.781670921, 38.832465321], [-77.736755157, 38.832465321], [-77.736755157, 38.797468115], [-77.781670921, 38.797468115]]]}, "properties": {"grid_id": 31, "solar_count": 1, "solar_density": 0.04000000000000745}}, {"type": "Feature", "geometry": {"type": "Polygon", "coordinates": [[[-77.736755157, 38.797468115], [-77.736755157, 38.832465321], [-77.691839393, 38.832465321], [-77.691839393, 38.797468115], [-77.736755157, 38.797468115]]]}, "properties": {"grid_id": 32, "solar_count": 5, "solar_density": 0.19999999999996274}}, {"type": "Feature", "geometry": {"type": "Polygon", "coordinates": [[[-77.691839393, 38.797468115], [-77.691839393, 38.832465321], [-77.646923629, 38.832465321], [-77.646923629, 38.797468115], [-77.691839393, 38.797468115]]]}, "properties": {"grid_id": 33, "solar_count": 48, "solar_density": 1.9200000000003576}}, {"type": "Feature", "geometry": {"type": "Polygon", "coordinates": [[[-77.736755157, 38.797468115], [-77.736755157, 38.832465321], [-77.691839393, 38.832465321], [-77.691839393, 38.797468115], [-77.736755157, 38.797468115]]]}, "properties": {"grid_id": 34, "solar_count": 5, "solar_density": 0.19999999999996274}}, {"type": "Feature", "geometry": {"type": "Polygon", "coordinates": [[[-77.691839393, 38.797468115], [-77.691839393, 38.832465321], [-77.646923629, 38.832465321], [-77.646923629, 38.797468115], [-77.691839393, 38.797468115]]]}, "properties": {"grid_id": 35, "solar_count": 48, "solar_density": 1.9200000000003576}}, {"type": "Feature", "geometry": {"type": "Polygon", "coordinates": [[[-77.691839393, 38.797468115], [-77.691839393, 38.832465321], [-77.646923629, 38.832465321], [-77.646923629, 38.797468115], [-77.691839393, 38.797468115]]]}, "properties": {"grid_id": 36, "solar_count": 48, "solar_density": 1.9200000000003576}}, {"type": "Feature", "geometry": {"type": "Polygon", "coordinates": [[[-77.781670921, 38.797468115], [-77.781670921, 38.832465321], [-77.736755157, 38.832465321], [-77.736755157, 38.797468115], [-77.781670921, 38.797468115]]]}, "properties": {"grid_id": 37, "solar_count": 1, "solar_density": 0.04000000000000745}}, {"type": "Feature", "geometry": {"type": "Polygon", "coordinates": [[[-77.736755157, 38.797468115], [-77.736755157, 38.832465321], [-77.691839393, 38.832465321], [-77.691839393, 38.797468115], [-77.736755157, 38.797468115]]]}, "properties": {"grid_id": 38, "solar_count": 5, "solar_density": 0.19999999999996274}}, {"type": "Feature", "geometry": {"type": "Polygon", "coordinates": [[[-77.781670921, 38.832465321], [-77.781670921, 38.867445328], [-77.736755157, 38.867445328], [-77.736755157, 38.832465321], [-77.781670921, 38.832465321]]]}, "properties": {"grid_id": 39, "solar_count": 0, "solar_density": 0}}, {"type": "Feature", "geometry": {"type": "Polygon", "coordinates": [[[-77.736755157, 38.832465321], [-77.736755157, 38.867445328], [-77.691839393, 38.867445328], [-77.691839393, 38.832465321], [-77.736755157, 38.832465321]]]}, "properties": {"grid_id": 40, "solar_count": 8, "solar_density": 0.32}}, {"type": "Feature", "geometry": {"type": "Polygon", "coordinates": [[[-77.691839393, 38.832465321], [-77.691839393, 38.867445328], [-77.646923629, 38.867445328], [-77.646923629, 38.832465321], [-77.691839393, 38.832465321]]]}, "properties": {"grid_id": 41, "solar_count": 18, "solar_density": 0.7200000000002682}}, {"type": "Feature", "geometry": {"type": "Polygon", "coordinates": [[[-77.736755157, 38.832465321], [-77.736755157, 38.867445328], [-77.691839393, 38.867445328], [-77.691839393, 38.832465321], [-77.736755157, 38.832465321]]]}, "properties": {"grid_id": 42, "solar_count": 8, "solar_density": 0.32}}, {"type": "Feature", "geometry": {"type": "Polygon", "coordinates": [[[-77.691839393, 38.832465321], [-77.691839393, 38.867445328], [-77.646923629, 38.867445328], [-77.646923629, 38.832465321], [-77.691839393, 38.832465321]]]}, "properties": {"grid_id": 43, "solar_count": 18, "solar_density": 0.7200000000002682}}, {"type": "Feature", "geometry": {"type": "Polygon", "coordinates": [[[-77.781670921, 38.832465321], [-77.781670921, 38.867445328], [-77.736755157, 38.867445328], [-77.736755157, 38.832465321], [-77.781670921, 38.832465321]]]}, "properties": {"grid_id": 44, "solar_count": 0, "solar_density": 0}}, {"type": "Feature", "geometry": {"type": "Polygon", "coordinates": [[[-77.736755157, 38.832465321], [-77.736755157, 38.867445328], [-77.691839393, 38.867445328], [-77.691839393, 38.832465321], [-77.736755157, 38.832465321]]]}, "properties": {"grid_id": 45, "solar_count": 8, "solar_density": 0.32}}, {"type": "Feature", "geometry": {"type": "Polygon", "coordinates": [[[-77.545611631, 38.918778791], [-77.545611631, 38.953716325], [-77.500695867, 38.953716325], [-77.500695867, 38.918778791], [-77.545611631, 38.918778791]]]}, "properties": {"grid_id": 46, "solar_count": 39, "solar_density": 1.5600000000008716}}, {"type": "Feature", "geometry": {"type": "Polygon", "coordinates": [[[-77.500695867, 38.918778791], [-77.500695867, 38.953716325], [-77.455780102, 38.953716325], [-77.455780102, 38.918778791], [-77.500695867, 38.918778791]]]}, "properties": {"grid_id": 47, "solar_count": 0, "solar_density": 0}}, {"type": "Feature", "geometry": {"type": "Polygon", "coordinates": [[[-77.545611631, 38.918778791], [-77.545611631, 38.953716325], [-77.500695867, 38.953716325], [-77.500695867, 38.918778791], [-77.545611631, 38.918778791]]]}, "properties": {"grid_id": 48, "solar_count": 39, "solar_density": 1.5600000000008716}}, {"type": "Feature", "geometry": {"type": "Polygon", "coordinates": [[[-77.545611631, 38.918778791], [-77.545611631, 38.953716325], [-77.500695867, 38.953716325], [-77.500695867, 38.918778791], [-77.545611631, 38.918778791]]]}, "properties": {"grid_id": 49, "solar_count": 39, "solar_density": 1.5600000000008716}}, {"type": "Feature", "geometry": {"type": "Polygon", "coordinates": [[[-77.500695867, 38.918778791], [-77.500695867, 38.953716325], [-77.455780102, 38.953716325], [-77.455780102, 38.918778791], [-77.500695867, 38.918778791]]]}, "properties": {"grid_id": 50, "solar_count": 0, "solar_density": 0}}, {"type": "Feature", "geometry": {"type": "Polygon", "coordinates": [[[-77.545611631, 38.918778791], [-77.545611631, 38.953716325], [-77.500695867, 38.953716325], [-77.500695867, 38.918778791], [-77.545611631, 38.918778791]]]}, "properties": {"grid_id": 51, "solar_count": 39, "solar_density": 1.5600000000008716}}, {"type": "Feature", "geometry": {"type": "Polygon", "coordinates": [[[-77.500695867, 38.918778791], [-77.500695867, 38.953716325], [-77.455780102, 38.953716325], [-77.455780102, 38.918778791], [-77.500695867, 38.918778791]]]}, "properties": {"grid_id": 52, "solar_count": 0, "solar_density": 0}}, {"type": "Feature", "geometry": {"type": "Polygon", "coordinates": [[[-77.455780102, 38.918778791], [-77.455780102, 38.953716325], [-77.410864338, 38.953716325], [-77.410864338, 38.918778791], [-77.455780102, 38.918778791]]]}, "properties": {"grid_id": 53, "solar_count": 0, "solar_density": 0}}, {"type": "Feature", "geometry": {"type": "Polygon", "coordinates": [[[-77.545611631, 38.953716325], [-77.545611631, 38.988636644], [-77.500695867, 38.988636644], [-77.500695867, 38.953716325], [-77.545611631, 38.953716325]]]}, "properties": {"grid_id": 54, "solar_count": 167, "solar_density": 6.680000000003733}}, {"type": "Feature", "geometry": {"type": "Polygon", "coordinates": [[[-77.500695867, 38.953716325], [-77.500695867, 38.988636644], [-77.455780102, 38.988636644], [-77.455780102, 38.953716325], [-77.500695867, 38.953716325]]]}, "properties": {"grid_id": 55, "solar_count": 8, "solar_density": 0.3200000000000596}}, {"type": "Feature", "geometry": {"type": "Polygon", "coordinates": [[[-77.455780102, 38.953716325], [-77.455780102, 38.988636644], [-77.410864338, 38.988636644], [-77.410864338, 38.953716325], [-77.455780102, 38.953716325]]]}, "properties": {"grid_id": 56, "solar_count": 0, "solar_density": 0}}, {"type": "Feature", "geometry": {"type": "Polygon", "coordinates": [[[-77.410864338, 38.953716325], [-77.410864338, 38.988636644], [-77.365948574, 38.988636644], [-77.365948574, 38.953716325], [-77.410864338, 38.953716325]]]}, "properties": {"grid_id": 57, "solar_count": 2, "solar_density": 0.0799999999999851}}, {"type": "Feature", "geometry": {"type": "Polygon", "coordinates": [[[-77.545611631, 38.953716325], [-77.545611631, 38.988636644], [-77.500695867, 38.988636644], [-77.500695867, 38.953716325], [-77.545611631, 38.953716325]]]}, "properties": {"grid_id": 58, "solar_count": 167, "solar_density": 6.680000000003733}}, {"type": "Feature", "geometry": {"type": "Polygon", "coordinates": [[[-77.500695867, 38.953716325], [-77.500695867, 38.988636644], [-77.455780102, 38.988636644], [-77.455780102, 38.953716325], [-77.500695867, 38.953716325]]]}, "properties": {"grid_id": 59, "solar_count": 8, "solar_density": 0.3200000000000596}}, {"type": "Feature", "geometry": {"type": "Polygon", "coordinates": [[[-77.545611631, 38.953716325], [-77.545611631, 38.988636644], [-77.500695867, 38.988636644], [-77.500695867, 38.953716325], [-77.545611631, 38.953716325]]]}, "properties": {"grid_id": 60, "solar_count": 167, "solar_density": 6.680000000003733}}, {"type": "Feature", "geometry": {"type": "Polygon", "coordinates": [[[-77.455780102, 38.953716325], [-77.455780102, 38.988636644], [-77.410864338, 38.988636644], [-77.410864338, 38.953716325], [-77.455780102, 38.953716325]]]}, "properties": {"grid_id": 61, "solar_count": 0, "solar_density": 0}}, {"type": "Feature", "geometry": {"type": "Polygon", "coordinates": [[[-77.545611631, 38.953716325], [-77.545611631, 38.988636644], [-77.500695867, 38.988636644], [-77.500695867, 38.953716325], [-77.545611631, 38.953716325]]]}, "properties": {"grid_id": 62, "solar_count": 167, "solar_density": 6.680000000003733}}, {"type": "Feature", "geometry": {"type": "Polygon", "coordinates": [[[-77.455780102, 38.953716325], [-77.455780102, 38.988636644], [-77.410864338, 38.988636644], [-77.410864338, 38.953716325], [-77.455780102, 38.953716325]]]}, "properties": {"grid_id": 63, "solar_count": 0, "solar_density": 0}}, {"type": "Feature", "geometry": {"type": "Polygon", "coordinates": [[[-77.455780102, 38.953716325], [-77.455780102, 38.988636644], [-77.410864338, 38.988636644], [-77.410864338, 38.953716325], [-77.455780102, 38.953716325]]]}, "properties": {"grid_id": 64, "solar_count": 0, "solar_density": 0}}, {"type": "Feature", "geometry": {"type": "Polygon", "coordinates": [[[-77.410864338, 38.953716325], [-77.410864338, 38.988636644], [-77.365948574, 38.988636644], [-77.365948574, 38.953716325], [-77.410864338, 38.953716325]]]}, "properties": {"grid_id": 65, "solar_count": 2, "solar_density": 0.0799999999999851}}, {"type": "Feature", "geometry": {"type": "Polygon", "coordinates": [[[-77.500695867, 38.988636644], [-77.500695867, 39.023539744], [-77.455780102, 39.023539744], [-77.455780102, 38.988636644], [-77.500695867, 38.988636644]]]}, "properties": {"grid_id": 66, "solar_count": 0, "solar_density": 0}}, {"type": "Feature", "geometry": {"type": "Polygon", "coordinates": [[[-77.545611631, 38.988636644], [-77.545611631, 39.023539744], [-77.500695867, 39.023539744], [-77.500695867, 38.988636644], [-77.545611631, 38.988636644]]]}, "properties": {"grid_id": 67, "solar_count": 0, "solar_density": 0}}, {"type": "Feature", "geometry": {"type": "Polygon", "coordinates": [[[-77.545611631, 38.988636644], [-77.545611631, 39.023539744], [-77.500695867, 39.023539744], [-77.500695867, 38.988636644], [-77.545611631, 38.988636644]]]}, "properties": {"grid_id": 68, "solar_count": 0, "solar_density": 0}}, {"type": "Feature", "geometry": {"type": "Polygon", "coordinates": [[[-77.500695867, 38.988636644], [-77.500695867, 39.023539744], [-77.455780102, 39.023539744], [-77.455780102, 38.988636644], [-77.500695867, 38.988636644]]]}, "properties": {"grid_id": 69, "solar_count": 0, "solar_density": 0}}, {"type": "Feature", "geometry": {"type": "Polygon", "coordinates": [[[-77.455780102, 38.988636644], [-77.455780102, 39.023539744], [-77.410864338, 39.023539744], [-77.410864338, 38.988636644], [-77.455780102, 38.988636644]]]}, "properties": {"grid_id": 70, "solar_count": 0, "solar_density": 0}}, {"type": "Feature", "geometry": {"type": "Polygon", "coordinates": [[[-77.643545963, 38.963942777], [-77.643545963, 38.998858054], [-77.598630199, 38.998858054], [-77.598630199, 38.963942777], [-77.643545963, 38.963942777]]]}, "properties": {"grid_id": 71, "solar_count": 0, "solar_density": 0}}, {"type": "Feature", "geometry": {"type": "Polygon", "coordinates": [[[-77.598630199, 38.963942777], [-77.598630199, 38.998858054], [-77.553714435, 38.998858054], [-77.553714435, 38.963942777], [-77.598630199, 38.963942777]]]}, "properties": {"grid_id": 72, "solar_count": 25, "solar_density": 1}}, {"type": "Feature", "geometry": {"type": "Polygon", "coordinates": [[[-77.598630199, 38.963942777], [-77.598630199, 38.998858054], [-77.553714435, 38.998858054], [-77.553714435, 38.963942777], [-77.598630199, 38.963942777]]]}, "properties": {"grid_id": 73, "solar_count": 25, "solar_density": 1}}, {"type": "Feature", "geometry": {"type": "Polygon", "coordinates": [[[-77.553714435, 38.963942777], [-77.553714435, 38.998858054], [-77.508798671, 38.998858054], [-77.508798671, 38.963942777], [-77.553714435, 38.963942777]]]}, "properties": {"grid_id": 74, "solar_count": 146, "solar_density": 5.839999999997825}}, {"type": "Feature", "geometry": {"type": "Polygon", "coordinates": [[[-77.688461727, 38.963942777], [-77.688461727, 38.998858054], [-77.643545963, 38.998858054], [-77.643545963, 38.963942777], [-77.688461727, 38.963942777]]]}, "properties": {"grid_id": 75, "solar_count": 1, "solar_density": 0.04}}, {"type": "Feature", "geometry": {"type": "Polygon", "coordinates": [[[-77.688461727, 38.963942777], [-77.688461727, 38.998858054], [-77.643545963, 38.998858054], [-77.643545963, 38.963942777], [-77.688461727, 38.963942777]]]}, "properties": {"grid_id": 76, "solar_count": 1, "solar_density": 0.04}}, {"type": "Feature", "geometry": {"type": "Polygon", "coordinates": [[[-77.643545963, 38.963942777], [-77.643545963, 38.998858054], [-77.598630199, 38.998858054], [-77.598630199, 38.963942777], [-77.643545963, 38.963942777]]]}, "properties": {"grid_id": 77, "solar_count": 0, "solar_density": 0}}, {"type": "Feature", "geometry": {"type": "Polygon", "coordinates": [[[-77.598630199, 38.963942777], [-77.598630199, 38.998858054], [-77.553714435, 38.998858054], [-77.553714435, 38.963942777], [-77.598630199, 38.963942777]]]}, "properties": {"grid_id": 78, "solar_count": 25, "solar_density": 1}}, {"type": "Feature", "geometry": {"type": "Polygon", "coordinates": [[[-77.553714435, 38.963942777], [-77.553714435, 38.998858054], [-77.508798671, 38.998858054], [-77.508798671, 38.963942777], [-77.553714435, 38.963942777]]]}, "properties": {"grid_id": 79, "solar_count": 146, "solar_density": 5.839999999997825}}, {"type": "Feature", "geometry": {"type": "Polygon", "coordinates": [[[-77.688461727, 38.998858054], [-77.688461727, 39.033756112], [-77.643545963, 39.033756112], [-77.643545963, 38.998858054], [-77.688461727, 38.998858054]]]}, "properties": {"grid_id": 80, "solar_count": 3, "solar_density": 0.11999999999997764}}, {"type": "Feature", "geometry": {"type": "Polygon", "coordinates": [[[-77.643545963, 38.998858054], [-77.643545963, 39.033756112], [-77.598630199, 39.033756112], [-77.598630199, 38.998858054], [-77.643545963, 38.998858054]]]}, "properties": {"grid_id": 81, "solar_count": 0, "solar_density": 0}}, {"type": "Feature", "geometry": {"type": "Polygon", "coordinates": [[[-77.598630199, 38.998858054], [-77.598630199, 39.033756112], [-77.553714435, 39.033756112], [-77.553714435, 38.998858054], [-77.598630199, 38.998858054]]]}, "properties": {"grid_id": 82, "solar_count": 13, "solar_density": 0.5199999999999031}}, {"type": "Feature", "geometry": {"type": "Polygon", "coordinates": [[[-77.553714435, 38.998858054], [-77.553714435, 39.033756112], [-77.508798671, 39.033756112], [-77.508798671, 38.998858054], [-77.553714435, 38.998858054]]]}, "properties": {"grid_id": 83, "solar_count": 16, "solar_density": 0.6399999999996424}}, {"type": "Feature", "geometry": {"type": "Polygon", "coordinates": [[[-77.598630199, 38.998858054], [-77.598630199, 39.033756112], [-77.553714435, 39.033756112], [-77.553714435, 38.998858054], [-77.598630199, 38.998858054]]]}, "properties": {"grid_id": 84, "solar_count": 13, "solar_density": 0.5199999999999031}}, {"type": "Feature", "geometry": {"type": "Polygon", "coordinates": [[[-77.553714435, 38.998858054], [-77.553714435, 39.033756112], [-77.508798671, 39.033756112], [-77.508798671, 38.998858054], [-77.553714435, 38.998858054]]]}, "properties": {"grid_id": 85, "solar_count": 16, "solar_density": 0.6399999999996424}}, {"type": "Feature", "geometry": {"type": "Polygon", "coordinates": [[[-77.688461727, 38.998858054], [-77.688461727, 39.033756112], [-77.643545963, 39.033756112], [-77.643545963, 38.998858054], [-77.688461727, 38.998858054]]]}, "properties": {"grid_id": 86, "solar_count": 3, "solar_density": 0.11999999999997764}}, {"type": "Feature", "geometry": {"type": "Polygon", "coordinates": [[[-77.688461727, 38.998858054], [-77.688461727, 39.033756112], [-77.643545963, 39.033756112], [-77.643545963, 38.998858054], [-77.688461727, 38.998858054]]]}, "properties": {"grid_id": 87, "solar_count": 3, "solar_density": 0.11999999999997764}}, {"type": "Feature", "geometry": {"type": "Polygon", "coordinates": [[[-77.643545963, 38.998858054], [-77.643545963, 39.033756112], [-77.598630199, 39.033756112], [-77.598630199, 38.998858054], [-77.643545963, 38.998858054]]]}, "properties": {"grid_id": 88, "solar_count": 0, "solar_density": 0}}, {"type": "Feature", "geometry": {"type": "Polygon", "coordinates": [[[-77.688461727, 39.033756112], [-77.688461727, 39.068636944], [-77.643545963, 39.068636944], [-77.643545963, 39.033756112], [-77.688461727, 39.033756112]]]}, "properties": {"grid_id": 89, "solar_count": 0, "solar_density": 0}}, {"type": "Feature", "geometry": {"type": "Polygon", "coordinates": [[[-77.643545963, 39.033756112], [-77.643545963, 39.068636944], [-77.598630199, 39.068636944], [-77.598630199, 39.033756112], [-77.643545963, 39.033756112]]]}, "properties": {"grid_id": 90, "solar_count": 2, "solar_density": 0.0800000000000149}}, {"type": "Feature", "geometry": {"type": "Polygon", "coordinates": [[[-77.598630199, 39.033756112], [-77.598630199, 39.068636944], [-77.553714435, 39.068636944], [-77.553714435, 39.033756112], [-77.598630199, 39.033756112]]]}, "properties": {"grid_id": 91, "solar_count": 10, "solar_density": 0.4000000000000745}}, {"type": "Feature", "geometry": {"type": "Polygon", "coordinates": [[[-77.553714435, 39.033756112], [-77.553714435, 39.068636944], [-77.508798671, 39.068636944], [-77.508798671, 39.033756112], [-77.553714435, 39.033756112]]]}, "properties": {"grid_id": 92, "solar_count": 2, "solar_density": 0.0799999999999851}}, {"type": "Feature", "geometry": {"type": "Polygon", "coordinates": [[[-77.553714435, 39.033756112], [-77.553714435, 39.068636944], [-77.508798671, 39.068636944], [-77.508798671, 39.033756112], [-77.553714435, 39.033756112]]]}, "properties": {"grid_id": 93, "solar_count": 2, "solar_density": 0.0799999999999851}}, {"type": "Feature", "geometry": {"type": "Polygon", "coordinates": [[[-77.688461727, 39.033756112], [-77.688461727, 39.068636944], [-77.643545963, 39.068636944], [-77.643545963, 39.033756112], [-77.688461727, 39.033756112]]]}, "properties": {"grid_id": 94, "solar_count": 0, "solar_density": 0}}, {"type": "Feature", "geometry": {"type": "Polygon", "coordinates": [[[-77.553714435, 39.033756112], [-77.553714435, 39.068636944], [-77.508798671, 39.068636944], [-77.508798671, 39.033756112], [-77.553714435, 39.033756112]]]}, "properties": {"grid_id": 95, "solar_count": 2, "solar_density": 0.0799999999999851}}, {"type": "Feature", "geometry": {"type": "Polygon", "coordinates": [[[-77.688461727, 39.033756112], [-77.688461727, 39.068636944], [-77.643545963, 39.068636944], [-77.643545963, 39.033756112], [-77.688461727, 39.033756112]]]}, "properties": {"grid_id": 96, "solar_count": 0, "solar_density": 0}}, {"type": "Feature", "geometry": {"type": "Polygon", "coordinates": [[[-77.643545963, 39.033756112], [-77.643545963, 39.068636944], [-77.598630199, 39.068636944], [-77.598630199, 39.033756112], [-77.643545963, 39.033756112]]]}, "properties": {"grid_id": 97, "solar_count": 2, "solar_density": 0.0800000000000149}}, {"type": "Feature", "geometry": {"type": "Polygon", "coordinates": [[[-77.688461727, 39.068636944], [-77.688461727, 39.103500547], [-77.643545963, 39.103500547], [-77.643545963, 39.068636944], [-77.688461727, 39.068636944]]]}, "properties": {"grid_id": 98, "solar_count": 0, "solar_density": 0}}, {"type": "Feature", "geometry": {"type": "Polygon", "coordinates": [[[-77.643545963, 39.068636944], [-77.643545963, 39.103500547], [-77.598630199, 39.103500547], [-77.598630199, 39.068636944], [-77.643545963, 39.068636944]]]}, "properties": {"grid_id": 99, "solar_count": 1, "solar_density": 0.04}}, {"type": "Feature", "geometry": {"type": "Polygon", "coordinates": [[[-77.598630199, 39.068636944], [-77.598630199, 39.103500547], [-77.553714435, 39.103500547], [-77.553714435, 39.068636944], [-77.598630199, 39.068636944]]]}, "properties": {"grid_id": 100, "solar_count": 13, "solar_density": 0.52}}, {"type": "Feature", "geometry": {"type": "Polygon", "coordinates": [[[-77.553714435, 39.068636944], [-77.553714435, 39.103500547], [-77.508798671, 39.103500547], [-77.508798671, 39.068636944], [-77.553714435, 39.068636944]]]}, "properties": {"grid_id": 101, "solar_count": 13, "solar_density": 0.5199999999998063}}, {"type": "Feature", "geometry": {"type": "Polygon", "coordinates": [[[-77.688461727, 39.068636944], [-77.688461727, 39.103500547], [-77.643545963, 39.103500547], [-77.643545963, 39.068636944], [-77.688461727, 39.068636944]]]}, "properties": {"grid_id": 102, "solar_count": 0, "solar_density": 0}}, {"type": "Feature", "geometry": {"type": "Polygon", "coordinates": [[[-77.688461727, 39.103500547], [-77.688461727, 39.138346916], [-77.643545963, 39.138346916], [-77.643545963, 39.103500547], [-77.688461727, 39.103500547]]]}, "properties": {"grid_id": 103, "solar_count": 0, "solar_density": 0}}, {"type": "Feature", "geometry": {"type": "Polygon", "coordinates": [[[-77.643545963, 39.103500547], [-77.643545963, 39.138346916], [-77.598630199, 39.138346916], [-77.598630199, 39.103500547], [-77.643545963, 39.103500547]]]}, "properties": {"grid_id": 104, "solar_count": 5, "solar_density": 0.2}}, {"type": "Feature", "geometry": {"type": "Polygon", "coordinates": [[[-77.598630199, 39.103500547], [-77.598630199, 39.138346916], [-77.553714435, 39.138346916], [-77.553714435, 39.103500547], [-77.598630199, 39.103500547]]]}, "properties": {"grid_id": 105, "solar_count": 1, "solar_density": 0.04}}, {"type": "Feature", "geometry": {"type": "Polygon", "coordinates": [[[-77.688461727, 39.103500547], [-77.688461727, 39.138346916], [-77.643545963, 39.138346916], [-77.643545963, 39.103500547], [-77.688461727, 39.103500547]]]}, "properties": {"grid_id": 106, "solar_count": 0, "solar_density": 0}}, {"type": "Feature", "geometry": {"type": "Polygon", "coordinates": [[[-77.643545963, 39.103500547], [-77.643545963, 39.138346916], [-77.598630199, 39.138346916], [-77.598630199, 39.103500547], [-77.643545963, 39.103500547]]]}, "properties": {"grid_id": 107, "solar_count": 5, "solar_density": 0.2}}, {"type": "Feature", "geometry": {"type": "Polygon", "coordinates": [[[-77.634742473, 38.385316319], [-77.634742473, 38.420515088], [-77.589826709, 38.420515088], [-77.589826709, 38.385316319], [-77.634742473, 38.385316319]]]}, "properties": {"grid_id": 108, "solar_count": 2, "solar_density": 0.08}}, {"type": "Feature", "geometry": {"type": "Polygon", "coordinates": [[[-77.634742473, 38.385316319], [-77.634742473, 38.420515088], [-77.589826709, 38.420515088], [-77.589826709, 38.385316319], [-77.634742473, 38.385316319]]]}, "properties": {"grid_id": 109, "solar_count": 2, "solar_density": 0.08}}, {"type": "Feature", "geometry": {"type": "Polygon", "coordinates": [[[-77.445898634, 38.596174462], [-77.445898634, 38.631270337], [-77.40098287, 38.631270337], [-77.40098287, 38.596174462], [-77.445898634, 38.596174462]]]}, "properties": {"grid_id": 110, "solar_count": 10, "solar_density": 0.4}}, {"type": "Feature", "geometry": {"type": "Polygon", "coordinates": [[[-77.40098287, 38.596174462], [-77.40098287, 38.631270337], [-77.356067106, 38.631270337], [-77.356067106, 38.596174462], [-77.40098287, 38.596174462]]]}, "properties": {"grid_id": 111, "solar_count": 50, "solar_density": 2.0000000000014904}}, {"type": "Feature", "geometry": {"type": "Polygon", "coordinates": [[[-77.490814399, 38.596174462], [-77.490814399, 38.631270337], [-77.445898634, 38.631270337], [-77.445898634, 38.596174462], [-77.490814399, 38.596174462]]]}, "properties": {"grid_id": 112, "solar_count": 0, "solar_density": 0}}, {"type": "Feature", "geometry": {"type": "Polygon", "coordinates": [[[-77.445898634, 38.596174462], [-77.445898634, 38.631270337], [-77.40098287, 38.631270337], [-77.40098287, 38.596174462], [-77.445898634, 38.596174462]]]}, "properties": {"grid_id": 113, "solar_count": 10, "solar_density": 0.4}}, {"type": "Feature", "geometry": {"type": "Polygon", "coordinates": [[[-77.40098287, 38.596174462], [-77.40098287, 38.631270337], [-77.356067106, 38.631270337], [-77.356067106, 38.596174462], [-77.40098287, 38.596174462]]]}, "properties": {"grid_id": 114, "solar_count": 50, "solar_density": 2.0000000000014904}}, {"type": "Feature", "geometry": {"type": "Polygon", "coordinates": [[[-77.40098287, 38.596174462], [-77.40098287, 38.631270337], [-77.356067106, 38.631270337], [-77.356067106, 38.596174462], [-77.40098287, 38.596174462]]]}, "properties": {"grid_id": 115, "solar_count": 50, "solar_density": 2.0000000000014904}}, {"type": "Feature", "geometry": {"type": "Polygon", "coordinates": [[[-77.490814399, 38.596174462], [-77.490814399, 38.631270337], [-77.445898634, 38.631270337], [-77.445898634, 38.596174462], [-77.490814399, 38.596174462]]]}, "properties": {"grid_id": 116, "solar_count": 0, "solar_density": 0}}, {"type": "Feature", "geometry": {"type": "Polygon", "coordinates": [[[-77.445898634, 38.596174462], [-77.445898634, 38.631270337], [-77.40098287, 38.631270337], [-77.40098287, 38.596174462], [-77.445898634, 38.596174462]]]}, "properties": {"grid_id": 117, "solar_count": 10, "solar_density": 0.4}}, {"type": "Feature", "geometry": {"type": "Polygon", "coordinates": [[[-77.445898634, 38.596174462], [-77.445898634, 38.631270337], [-77.40098287, 38.631270337], [-77.40098287, 38.596174462], [-77.445898634, 38.596174462]]]}, "properties": {"grid_id": 118, "solar_count": 10, "solar_density": 0.4}}, {"type": "Feature", "geometry": {"type": "Polygon", "coordinates": [[[-77.40098287, 38.596174462], [-77.40098287, 38.631270337], [-77.356067106, 38.631270337], [-77.356067106, 38.596174462], [-77.40098287, 38.596174462]]]}, "properties": {"grid_id": 119, "solar_count": 50, "solar_density": 2.0000000000014904}}, {"type": "Feature", "geometry": {"type": "Polygon", "coordinates": [[[-77.490814399, 38.631270337], [-77.490814399, 38.666349041], [-77.445898634, 38.666349041], [-77.445898634, 38.631270337], [-77.490814399, 38.631270337]]]}, "properties": {"grid_id": 120, "solar_count": 5, "solar_density": 0.19999999999996274}}, {"type": "Feature", "geometry": {"type": "Polygon", "coordinates": [[[-77.445898634, 38.631270337], [-77.445898634, 38.666349041], [-77.40098287, 38.666349041], [-77.40098287, 38.631270337], [-77.445898634, 38.631270337]]]}, "properties": {"grid_id": 121, "solar_count": 14, "solar_density": 0.5599999999996871}}, {"type": "Feature", "geometry": {"type": "Polygon", "coordinates": [[[-77.40098287, 38.631270337], [-77.40098287, 38.666349041], [-77.356067106, 38.666349041], [-77.356067106, 38.631270337], [-77.40098287, 38.631270337]]]}, "properties": {"grid_id": 122, "solar_count": 83, "solar_density": 3.3200000000006185}}, {"type": "Feature", "geometry": {"type": "Polygon", "coordinates": [[[-77.445898634, 38.631270337], [-77.445898634, 38.666349041], [-77.40098287, 38.666349041], [-77.40098287, 38.631270337], [-77.445898634, 38.631270337]]]}, "properties": {"grid_id": 123, "solar_count": 14, "solar_density": 0.5599999999996871}}, {"type": "Feature", "geometry": {"type": "Polygon", "coordinates": [[[-77.40098287, 38.631270337], [-77.40098287, 38.666349041], [-77.356067106, 38.666349041], [-77.356067106, 38.631270337], [-77.40098287, 38.631270337]]]}, "properties": {"grid_id": 124, "solar_count": 83, "solar_density": 3.3200000000006185}}, {"type": "Feature", "geometry": {"type": "Polygon", "coordinates": [[[-77.490814399, 38.631270337], [-77.490814399, 38.666349041], [-77.445898634, 38.666349041], [-77.445898634, 38.631270337], [-77.490814399, 38.631270337]]]}, "properties": {"grid_id": 125, "solar_count": 5, "solar_density": 0.19999999999996274}}, {"type": "Feature", "geometry": {"type": "Polygon", "coordinates": [[[-77.445898634, 38.631270337], [-77.445898634, 38.666349041], [-77.40098287, 38.666349041], [-77.40098287, 38.631270337], [-77.445898634, 38.631270337]]]}, "properties": {"grid_id": 126, "solar_count": 14, "solar_density": 0.5599999999996871}}, {"type": "Feature", "geometry": {"type": "Polygon", "coordinates": [[[-77.490814399, 38.666349041], [-77.490814399, 38.701410568], [-77.445898634, 38.701410568], [-77.445898634, 38.666349041], [-77.490814399, 38.666349041]]]}, "properties": {"grid_id": 127, "solar_count": 10, "solar_density": 0.4000000000000745}}, {"type": "Feature", "geometry": {"type": "Polygon", "coordinates": [[[-77.445898634, 38.666349041], [-77.445898634, 38.701410568], [-77.40098287, 38.701410568], [-77.40098287, 38.666349041], [-77.445898634, 38.666349041]]]}, "properties": {"grid_id": 128, "solar_count": 12, "solar_density": 0.47999999999991055}}, {"type": "Feature", "geometry": {"type": "Polygon", "coordinates": [[[-77.40098287, 38.666349041], [-77.40098287, 38.701410568], [-77.356067106, 38.701410568], [-77.356067106, 38.666349041], [-77.40098287, 38.666349041]]]}, "properties": {"grid_id": 129, "solar_count": 43, "solar_density": 1.720000000000961}}, {"type": "Feature", "geometry": {"type": "Polygon", "coordinates": [[[-77.445898634, 38.666349041], [-77.445898634, 38.701410568], [-77.40098287, 38.701410568], [-77.40098287, 38.666349041], [-77.445898634, 38.666349041]]]}, "properties": {"grid_id": 130, "solar_count": 12, "solar_density": 0.47999999999991055}}, {"type": "Feature", "geometry": {"type": "Polygon", "coordinates": [[[-77.40098287, 38.666349041], [-77.40098287, 38.701410568], [-77.356067106, 38.701410568], [-77.356067106, 38.666349041], [-77.40098287, 38.666349041]]]}, "properties": {"grid_id": 131, "solar_count": 43, "solar_density": 1.720000000000961}}, {"type": "Feature", "geometry": {"type": "Polygon", "coordinates": [[[-77.490814399, 38.666349041], [-77.490814399, 38.701410568], [-77.445898634, 38.701410568], [-77.445898634, 38.666349041], [-77.490814399, 38.666349041]]]}, "properties": {"grid_id": 132, "solar_count": 10, "solar_density": 0.4000000000000745}}, {"type": "Feature", "geometry": {"type": "Polygon", "coordinates": [[[-77.40098287, 38.666349041], [-77.40098287, 38.701410568], [-77.356067106, 38.701410568], [-77.356067106, 38.666349041], [-77.40098287, 38.666349041]]]}, "properties": {"grid_id": 133, "solar_count": 43, "solar_density": 1.720000000000961}}, {"type": "Feature", "geometry": {"type": "Polygon", "coordinates": [[[-77.490814399, 38.666349041], [-77.490814399, 38.701410568], [-77.445898634, 38.701410568], [-77.445898634, 38.666349041], [-77.490814399, 38.666349041]]]}, "properties": {"grid_id": 134, "solar_count": 10, "solar_density": 0.4000000000000745}}, {"type": "Feature", "geometry": {"type": "Polygon", "coordinates": [[[-77.490814399, 38.701410568], [-77.490814399, 38.736454913], [-77.445898634, 38.736454913], [-77.445898634, 38.701410568], [-77.490814399, 38.701410568]]]}, "properties": {"grid_id": 135, "solar_count": 1, "solar_density": 0.04}}, {"type": "Feature", "geometry": {"type": "Polygon", "coordinates": [[[-77.445898634, 38.701410568], [-77.445898634, 38.736454913], [-77.40098287, 38.736454913], [-77.40098287, 38.701410568], [-77.445898634, 38.701410568]]]}, "properties": {"grid_id": 136, "solar_count": 8, "solar_density": 0.3199999999998808}}, {"type": "Feature", "geometry": {"type": "Polygon", "coordinates": [[[-77.40098287, 38.701410568], [-77.40098287, 38.736454913], [-77.356067106, 38.736454913], [-77.356067106, 38.701410568], [-77.40098287, 38.701410568]]]}, "properties": {"grid_id": 137, "solar_count": 0, "solar_density": 0}}, {"type": "Feature", "geometry": {"type": "Polygon", "coordinates": [[[-77.490814399, 38.701410568], [-77.490814399, 38.736454913], [-77.445898634, 38.736454913], [-77.445898634, 38.701410568], [-77.490814399, 38.701410568]]]}, "properties": {"grid_id": 138, "solar_count": 1, "solar_density": 0.04}}, {"type": "Feature", "geometry": {"type": "Polygon", "coordinates": [[[-77.445898634, 38.701410568], [-77.445898634, 38.736454913], [-77.40098287, 38.736454913], [-77.40098287, 38.701410568], [-77.445898634, 38.701410568]]]}, "properties": {"grid_id": 139, "solar_count": 8, "solar_density": 0.3199999999998808}}, {"type": "Feature", "geometry": {"type": "Polygon", "coordinates": [[[-77.40098287, 38.701410568], [-77.40098287, 38.736454913], [-77.356067106, 38.736454913], [-77.356067106, 38.701410568], [-77.40098287, 38.701410568]]]}, "properties": {"grid_id": 140, "solar_count": 0, "solar_density": 0}}, {"type": "Feature", "geometry": {"type": "Polygon", "coordinates": [[[-77.828392299, 39.048980225], [-77.828392299, 39.083853539], [-77.783476535, 39.083853539], [-77.783476535, 39.048980225], [-77.828392299, 39.048980225]]]}, "properties": {"grid_id": 141, "solar_count": 10, "solar_density": 0.399999999999702}}, {"type": "Feature", "geometry": {"type": "Polygon", "coordinates": [[[-77.828392299, 39.048980225], [-77.828392299, 39.083853539], [-77.783476535, 39.083853539], [-77.783476535, 39.048980225], [-77.828392299, 39.048980225]]]}, "properties": {"grid_id": 142, "solar_count": 10, "solar_density": 0.399999999999702}}, {"type": "Feature", "geometry": {"type": "Polygon", "coordinates": [[[-77.783476535, 39.048980225], [-77.783476535, 39.083853539], [-77.738560771, 39.083853539], [-77.738560771, 39.048980225], [-77.783476535, 39.048980225]]]}, "properties": {"grid_id": 143, "solar_count": 7, "solar_density": 0.28}}, {"type": "Feature", "geometry": {"type": "Polygon", "coordinates": [[[-77.828392299, 39.048980225], [-77.828392299, 39.083853539], [-77.783476535, 39.083853539], [-77.783476535, 39.048980225], [-77.828392299, 39.048980225]]]}, "properties": {"grid_id": 144, "solar_count": 10, "solar_density": 0.399999999999702}}, {"type": "Feature", "geometry": {"type": "Polygon", "coordinates": [[[-77.783476535, 39.048980225], [-77.783476535, 39.083853539], [-77.738560771, 39.083853539], [-77.738560771, 39.048980225], [-77.783476535, 39.048980225]]]}, "properties": {"grid_id": 145, "solar_count": 7, "solar_density": 0.28}}, {"type": "Feature", "geometry": {"type": "Polygon", "coordinates": [[[-77.828392299, 39.083853539], [-77.828392299, 39.118709622], [-77.783476535, 39.118709622], [-77.783476535, 39.083853539], [-77.828392299, 39.083853539]]]}, "properties": {"grid_id": 146, "solar_count": 0, "solar_density": 0}}, {"type": "Feature", "geometry": {"type": "Polygon", "coordinates": [[[-77.828392299, 39.083853539], [-77.828392299, 39.118709622], [-77.783476535, 39.118709622], [-77.783476535, 39.083853539], [-77.828392299, 39.083853539]]]}, "properties": {"grid_id": 147, "solar_count": 0, "solar_density": 0}}, {"type": "Feature", "geometry": {"type": "Polygon", "coordinates": [[[-77.783476535, 39.083853539], [-77.783476535, 39.118709622], [-77.738560771, 39.118709622], [-77.738560771, 39.083853539], [-77.783476535, 39.083853539]]]}, "properties": {"grid_id": 148, "solar_count": 2, "solar_density": 0.0799999999999702}}, {"type": "Feature", "geometry": {"type": "Polygon", "coordinates": [[[-77.828392299, 39.083853539], [-77.828392299, 39.118709622], [-77.783476535, 39.118709622], [-77.783476535, 39.083853539], [-77.828392299, 39.083853539]]]}, "properties": {"grid_id": 149, "solar_count": 0, "solar_density": 0}}, {"type": "Feature", "geometry": {"type": "Polygon", "coordinates": [[[-77.783476535, 39.083853539], [-77.783476535, 39.118709622], [-77.738560771, 39.118709622], [-77.738560771, 39.083853539], [-77.783476535, 39.083853539]]]}, "properties": {"grid_id": 150, "solar_count": 2, "solar_density": 0.0799999999999702}}, {"type": "Feature", "geometry": {"type": "Polygon", "coordinates": [[[-77.828392299, 39.118709622], [-77.828392299, 39.153548469], [-77.783476535, 39.153548469], [-77.783476535, 39.118709622], [-77.828392299, 39.118709622]]]}, "properties": {"grid_id": 151, "solar_count": 7, "solar_density": 0.27999999999994785}}, {"type": "Feature", "geometry": {"type": "Polygon", "coordinates": [[[-77.828392299, 39.118709622], [-77.828392299, 39.153548469], [-77.783476535, 39.153548469], [-77.783476535, 39.118709622], [-77.828392299, 39.118709622]]]}, "properties": {"grid_id": 152, "solar_count": 7, "solar_density": 0.27999999999994785}}, {"type": "Feature", "geometry": {"type": "Polygon", "coordinates": [[[-77.783476535, 39.118709622], [-77.783476535, 39.153548469], [-77.738560771, 39.153548469], [-77.738560771, 39.118709622], [-77.783476535, 39.118709622]]]}, "properties": {"grid_id": 153, "solar_count": 0, "solar_density": 0}}, {"type": "Feature", "geometry": {"type": "Polygon", "coordinates": [[[-77.828392299, 39.118709622], [-77.828392299, 39.153548469], [-77.783476535, 39.153548469], [-77.783476535, 39.118709622], [-77.828392299, 39.118709622]]]}, "properties": {"grid_id": 154, "solar_count": 7, "solar_density": 0.27999999999994785}}, {"type": "Feature", "geometry": {"type": "Polygon", "coordinates": [[[-77.828392299, 39.153548469], [-77.828392299, 39.188370075], [-77.783476535, 39.188370075], [-77.783476535, 39.153548469], [-77.828392299, 39.153548469]]]}, "properties": {"grid_id": 155, "solar_count": 4, "solar_density": 0.1599999999998212}}, {"type": "Feature", "geometry": {"type": "Polygon", "coordinates": [[[-77.783476535, 39.153548469], [-77.783476535, 39.188370075], [-77.738560771, 39.188370075], [-77.738560771, 39.153548469], [-77.783476535, 39.153548469]]]}, "properties": {"grid_id": 156, "solar_count": 4, "solar_density": 0.1599999999999404}}, {"type": "Feature", "geometry": {"type": "Polygon", "coordinates": [[[-77.828392299, 39.153548469], [-77.828392299, 39.188370075], [-77.783476535, 39.188370075], [-77.783476535, 39.153548469], [-77.828392299, 39.153548469]]]}, "properties": {"grid_id": 157, "solar_count": 4, "solar_density": 0.1599999999998212}}, {"type": "Feature", "geometry": {"type": "Polygon", "coordinates": [[[-77.783476535, 39.153548469], [-77.783476535, 39.188370075], [-77.738560771, 39.188370075], [-77.738560771, 39.153548469], [-77.783476535, 39.153548469]]]}, "properties": {"grid_id": 158, "solar_count": 4, "solar_density": 0.1599999999999404}}, {"type": "Feature", "geometry": {"type": "Polygon", "coordinates": [[[-77.828392299, 39.153548469], [-77.828392299, 39.188370075], [-77.783476535, 39.188370075], [-77.783476535, 39.153548469], [-77.828392299, 39.153548469]]]}, "properties": {"grid_id": 159, "solar_count": 4, "solar_density": 0.1599999999998212}}, {"type": "Feature", "geometry": {"type": "Polygon", "coordinates": [[[-77.828392299, 39.188370075], [-77.828392299, 39.223174438], [-77.783476535, 39.223174438], [-77.783476535, 39.188370075], [-77.828392299, 39.188370075]]]}, "properties": {"grid_id": 160, "solar_count": 0, "solar_density": 0}}, {"type": "Feature", "geometry": {"type": "Polygon", "coordinates": [[[-77.828392299, 39.188370075], [-77.828392299, 39.223174438], [-77.783476535, 39.223174438], [-77.783476535, 39.188370075], [-77.828392299, 39.188370075]]]}, "properties": {"grid_id": 161, "solar_count": 0, "solar_density": 0}}, {"type": "Feature", "geometry": {"type": "Polygon", "coordinates": [[[-77.783476535, 39.188370075], [-77.783476535, 39.223174438], [-77.738560771, 39.223174438], [-77.738560771, 39.188370075], [-77.783476535, 39.188370075]]]}, "properties": {"grid_id": 162, "solar_count": 3, "solar_density": 0.12}}, {"type": "Feature", "geometry": {"type": "Polygon", "coordinates": [[[-77.828392299, 39.188370075], [-77.828392299, 39.223174438], [-77.783476535, 39.223174438], [-77.783476535, 39.188370075], [-77.828392299, 39.188370075]]]}, "properties": {"grid_id": 163, "solar_count": 0, "solar_density": 0}}, {"type": "Feature", "geometry": {"type": "Polygon", "coordinates": [[[-77.585892088, 38.941657834], [-77.585892088, 38.976584096], [-77.540976324, 38.976584096], [-77.540976324, 38.941657834], [-77.585892088, 38.941657834]]]}, "properties": {"grid_id": 164, "solar_count": 54, "solar_density": 2.16}}, {"type": "Feature", "geometry": {"type": "Polygon", "coordinates": [[[-77.540976324, 38.941657834], [-77.540976324, 38.976584096], [-77.49606056, 38.976584096], [-77.49606056, 38.941657834], [-77.540976324, 38.941657834]]]}, "properties": {"grid_id": 165, "solar_count": 120, "solar_density": 4.799999999998212}}, {"type": "Feature", "geometry": {"type": "Polygon", "coordinates": [[[-77.49606056, 38.941657834], [-77.49606056, 38.976584096], [-77.451144796, 38.976584096], [-77.451144796, 38.941657834], [-77.49606056, 38.941657834]]]}, "properties": {"grid_id": 166, "solar_count": 2, "solar_density": 0.08}}, {"type": "Feature", "geometry": {"type": "Polygon", "coordinates": [[[-77.585892088, 38.941657834], [-77.585892088, 38.976584096], [-77.540976324, 38.976584096], [-77.540976324, 38.941657834], [-77.585892088, 38.941657834]]]}, "properties": {"grid_id": 167, "solar_count": 54, "solar_density": 2.16}}, {"type": "Feature", "geometry": {"type": "Polygon", "coordinates": [[[-77.540976324, 38.941657834], [-77.540976324, 38.976584096], [-77.49606056, 38.976584096], [-77.49606056, 38.941657834], [-77.540976324, 38.941657834]]]}, "properties": {"grid_id": 168, "solar_count": 120, "solar_density": 4.799999999998212}}, {"type": "Feature", "geometry": {"type": "Polygon", "coordinates": [[[-77.540976324, 38.941657834], [-77.540976324, 38.976584096], [-77.49606056, 38.976584096], [-77.49606056, 38.941657834], [-77.540976324, 38.941657834]]]}, "properties": {"grid_id": 169, "solar_count": 120, "solar_density": 4.799999999998212}}, {"type": "Feature", "geometry": {"type": "Polygon", "coordinates": [[[-77.585892088, 38.941657834], [-77.585892088, 38.976584096], [-77.540976324, 38.976584096], [-77.540976324, 38.941657834], [-77.585892088, 38.941657834]]]}, "properties": {"grid_id": 170, "solar_count": 54, "solar_density": 2.16}}, {"type": "Feature", "geometry": {"type": "Polygon", "coordinates": [[[-77.540976324, 38.941657834], [-77.540976324, 38.976584096], [-77.49606056, 38.976584096], [-77.49606056, 38.941657834], [-77.540976324, 38.941657834]]]}, "properties": {"grid_id": 171, "solar_count": 120, "solar_density": 4.799999999998212}}, {"type": "Feature", "geometry": {"type": "Polygon", "coordinates": [[[-77.540976324, 38.976584096], [-77.540976324, 39.01149314], [-77.49606056, 39.01149314], [-77.49606056, 38.976584096], [-77.540976324, 38.976584096]]]}, "properties": {"grid_id": 172, "solar_count": 44, "solar_density": 1.760000000000328}}, {"type": "Feature", "geometry": {"type": "Polygon", "coordinates": [[[-77.49606056, 38.976584096], [-77.49606056, 39.01149314], [-77.451144796, 39.01149314], [-77.451144796, 38.976584096], [-77.49606056, 38.976584096]]]}, "properties": {"grid_id": 173, "solar_count": 0, "solar_density": 0}}, {"type": "Feature", "geometry": {"type": "Polygon", "coordinates": [[[-77.585892088, 38.976584096], [-77.585892088, 39.01149314], [-77.540976324, 39.01149314], [-77.540976324, 38.976584096], [-77.585892088, 38.976584096]]]}, "properties": {"grid_id": 174, "solar_count": 47, "solar_density": 1.8800000000010504}}, {"type": "Feature", "geometry": {"type": "Polygon", "coordinates": [[[-77.585892088, 38.976584096], [-77.585892088, 39.01149314], [-77.540976324, 39.01149314], [-77.540976324, 38.976584096], [-77.585892088, 38.976584096]]]}, "properties": {"grid_id": 175, "solar_count": 47, "solar_density": 1.8800000000010504}}, {"type": "Feature", "geometry": {"type": "Polygon", "coordinates": [[[-77.540976324, 38.976584096], [-77.540976324, 39.01149314], [-77.49606056, 39.01149314], [-77.49606056, 38.976584096], [-77.540976324, 38.976584096]]]}, "properties": {"grid_id": 176, "solar_count": 44, "solar_density": 1.760000000000328}}, {"type": "Feature", "geometry": {"type": "Polygon", "coordinates": [[[-77.49606056, 38.976584096], [-77.49606056, 39.01149314], [-77.451144796, 39.01149314], [-77.451144796, 38.976584096], [-77.49606056, 38.976584096]]]}, "properties": {"grid_id": 177, "solar_count": 0, "solar_density": 0}}, {"type": "Feature", "geometry": {"type": "Polygon", "coordinates": [[[-77.585892088, 38.976584096], [-77.585892088, 39.01149314], [-77.540976324, 39.01149314], [-77.540976324, 38.976584096], [-77.585892088, 38.976584096]]]}, "properties": {"grid_id": 178, "solar_count": 47, "solar_density": 1.8800000000010504}}, {"type": "Feature", "geometry": {"type": "Polygon", "coordinates": [[[-77.585892088, 39.01149314], [-77.585892088, 39.046384962], [-77.540976324, 39.046384962], [-77.540976324, 39.01149314], [-77.585892088, 39.01149314]]]}, "properties": {"grid_id": 179, "solar_count": 16, "solar_density": 0.6400000000003576}}, {"type": "Feature", "geometry": {"type": "Polygon", "coordinates": [[[-77.540976324, 39.01149314], [-77.540976324, 39.046384962], [-77.49606056, 39.046384962], [-77.49606056, 39.01149314], [-77.540976324, 39.01149314]]]}, "properties": {"grid_id": 180, "solar_count": 1, "solar_density": 0.04000000000000745}}, {"type": "Feature", "geometry": {"type": "Polygon", "coordinates": [[[-77.585892088, 39.01149314], [-77.585892088, 39.046384962], [-77.540976324, 39.046384962], [-77.540976324, 39.01149314], [-77.585892088, 39.01149314]]]}, "properties": {"grid_id": 181, "solar_count": 16, "solar_density": 0.6400000000003576}}, {"type": "Feature", "geometry": {"type": "Polygon", "coordinates": [[[-77.540976324, 39.01149314], [-77.540976324, 39.046384962], [-77.49606056, 39.046384962], [-77.49606056, 39.01149314], [-77.540976324, 39.01149314]]]}, "properties": {"grid_id": 182, "solar_count": 1, "solar_density": 0.04000000000000745}}, {"type": "Feature", "geometry": {"type": "Polygon", "coordinates": [[[-77.540976324, 39.01149314], [-77.540976324, 39.046384962], [-77.49606056, 39.046384962], [-77.49606056, 39.01149314], [-77.540976324, 39.01149314]]]}, "properties": {"grid_id": 183, "solar_count": 1, "solar_density": 0.04000000000000745}}, {"type": "Feature", "geometry": {"type": "Polygon", "coordinates": [[[-77.67188781, 39.1610505], [-77.67188781, 39.195868392], [-77.626972046, 39.195868392], [-77.626972046, 39.1610505], [-77.67188781, 39.1610505]]]}, "properties": {"grid_id": 184, "solar_count": 7, "solar_density": 0.28}}, {"type": "Feature", "geometry": {"type": "Polygon", "coordinates": [[[-77.626972046, 39.1610505], [-77.626972046, 39.195868392], [-77.582056282, 39.195868392], [-77.582056282, 39.1610505], [-77.626972046, 39.1610505]]]}, "properties": {"grid_id": 185, "solar_count": 0, "solar_density": 0}}, {"type": "Feature", "geometry": {"type": "Polygon", "coordinates": [[[-77.67188781, 39.1610505], [-77.67188781, 39.195868392], [-77.626972046, 39.195868392], [-77.626972046, 39.1610505], [-77.67188781, 39.1610505]]]}, "properties": {"grid_id": 186, "solar_count": 7, "solar_density": 0.28}}, {"type": "Feature", "geometry": {"type": "Polygon", "coordinates": [[[-77.67188781, 39.1610505], [-77.67188781, 39.195868392], [-77.626972046, 39.195868392], [-77.626972046, 39.1610505], [-77.67188781, 39.1610505]]]}, "properties": {"grid_id": 187, "solar_count": 7, "solar_density": 0.28}}, {"type": "Feature", "geometry": {"type": "Polygon", "coordinates": [[[-77.626972046, 39.1610505], [-77.626972046, 39.195868392], [-77.582056282, 39.195868392], [-77.582056282, 39.1610505], [-77.626972046, 39.1610505]]]}, "properties": {"grid_id": 188, "solar_count": 0, "solar_density": 0}}, {"type": "Feature", "geometry": {"type": "Polygon", "coordinates": [[[-77.67188781, 39.195868392], [-77.67188781, 39.23066904], [-77.626972046, 39.23066904], [-77.626972046, 39.195868392], [-77.67188781, 39.195868392]]]}, "properties": {"grid_id": 189, "solar_count": 9, "solar_density": 0.35999999999993293}}, {"type": "Feature", "geometry": {"type": "Polygon", "coordinates": [[[-77.626972046, 39.195868392], [-77.626972046, 39.23066904], [-77.582056282, 39.23066904], [-77.582056282, 39.195868392], [-77.626972046, 39.195868392]]]}, "properties": {"grid_id": 190, "solar_count": 3, "solar_density": 0.11999999999997764}}, {"type": "Feature", "geometry": {"type": "Polygon", "coordinates": [[[-77.67188781, 39.195868392], [-77.67188781, 39.23066904], [-77.626972046, 39.23066904], [-77.626972046, 39.195868392], [-77.67188781, 39.195868392]]]}, "properties": {"grid_id": 191, "solar_count": 9, "solar_density": 0.35999999999993293}}, {"type": "Feature", "geometry": {"type": "Polygon", "coordinates": [[[-77.67188781, 39.195868392], [-77.67188781, 39.23066904], [-77.626972046, 39.23066904], [-77.626972046, 39.195868392], [-77.67188781, 39.195868392]]]}, "properties": {"grid_id": 192, "solar_count": 9, "solar_density": 0.35999999999993293}}, {"type": "Feature", "geometry": {"type": "Polygon", "coordinates": [[[-77.626972046, 39.195868392], [-77.626972046, 39.23066904], [-77.582056282, 39.23066904], [-77.582056282, 39.195868392], [-77.626972046, 39.195868392]]]}, "properties": {"grid_id": 193, "solar_count": 3, "solar_density": 0.11999999999997764}}, {"type": "Feature", "geometry": {"type": "Polygon", "coordinates": [[[-77.626972046, 39.195868392], [-77.626972046, 39.23066904], [-77.582056282, 39.23066904], [-77.582056282, 39.195868392], [-77.626972046, 39.195868392]]]}, "properties": {"grid_id": 194, "solar_count": 3, "solar_density": 0.11999999999997764}}, {"type": "Feature", "geometry": {"type": "Polygon", "coordinates": [[[-77.466038863, 38.545943482], [-77.466038863, 38.581063912], [-77.421123099, 38.581063912], [-77.421123099, 38.545943482], [-77.466038863, 38.545943482]]]}, "properties": {"grid_id": 195, "solar_count": 0, "solar_density": 0}}, {"type": "Feature", "geometry": {"type": "Polygon", "coordinates": [[[-77.421123099, 38.545943482], [-77.421123099, 38.581063912], [-77.376207335, 38.581063912], [-77.376207335, 38.545943482], [-77.421123099, 38.545943482]]]}, "properties": {"grid_id": 196, "solar_count": 0, "solar_density": 0}}, {"type": "Feature", "geometry": {"type": "Polygon", "coordinates": [[[-77.376207335, 38.545943482], [-77.376207335, 38.581063912], [-77.33129157, 38.581063912], [-77.33129157, 38.545943482], [-77.376207335, 38.545943482]]]}, "properties": {"grid_id": 197, "solar_count": 0, "solar_density": 0}}, {"type": "Feature", "geometry": {"type": "Polygon", "coordinates": [[[-77.466038863, 38.545943482], [-77.466038863, 38.581063912], [-77.421123099, 38.581063912], [-77.421123099, 38.545943482], [-77.466038863, 38.545943482]]]}, "properties": {"grid_id": 198, "solar_count": 0, "solar_density": 0}}, {"type": "Feature", "geometry": {"type": "Polygon", "coordinates": [[[-77.421123099, 38.545943482], [-77.421123099, 38.581063912], [-77.376207335, 38.581063912], [-77.376207335, 38.545943482], [-77.421123099, 38.545943482]]]}, "properties": {"grid_id": 199, "solar_count": 0, "solar_density": 0}}, {"type": "Feature", "geometry": {"type": "Polygon", "coordinates": [[[-77.376207335, 38.545943482], [-77.376207335, 38.581063912], [-77.33129157, 38.581063912], [-77.33129157, 38.545943482], [-77.376207335, 38.545943482]]]}, "properties": {"grid_id": 200, "solar_count": 0, "solar_density": 0}}, {"type": "Feature", "geometry": {"type": "Polygon", "coordinates": [[[-77.466038863, 38.545943482], [-77.466038863, 38.581063912], [-77.421123099, 38.581063912], [-77.421123099, 38.545943482], [-77.466038863, 38.545943482]]]}, "properties": {"grid_id": 201, "solar_count": 0, "solar_density": 0}}, {"type": "Feature", "geometry": {"type": "Polygon", "coordinates": [[[-77.376207335, 38.545943482], [-77.376207335, 38.581063912], [-77.33129157, 38.581063912], [-77.33129157, 38.545943482], [-77.376207335, 38.545943482]]]}, "properties": {"grid_id": 202, "solar_count": 0, "solar_density": 0}}, {"type": "Feature", "geometry": {"type": "Polygon", "coordinates": [[[-77.466038863, 38.581063912], [-77.466038863, 38.616167177], [-77.421123099, 38.616167177], [-77.421123099, 38.581063912], [-77.466038863, 38.581063912]]]}, "properties": {"grid_id": 203, "solar_count": 0, "solar_density": 0}}, {"type": "Feature", "geometry": {"type": "Polygon", "coordinates": [[[-77.421123099, 38.581063912], [-77.421123099, 38.616167177], [-77.376207335, 38.616167177], [-77.376207335, 38.581063912], [-77.421123099, 38.581063912]]]}, "properties": {"grid_id": 204, "solar_count": 5, "solar_density": 0.19999999999992552}}, {"type": "Feature", "geometry": {"type": "Polygon", "coordinates": [[[-77.376207335, 38.581063912], [-77.376207335, 38.616167177], [-77.33129157, 38.616167177], [-77.33129157, 38.581063912], [-77.376207335, 38.581063912]]]}, "properties": {"grid_id": 205, "solar_count": 22, "solar_density": 0.88}}, {"type": "Feature", "geometry": {"type": "Polygon", "coordinates": [[[-77.466038863, 38.581063912], [-77.466038863, 38.616167177], [-77.421123099, 38.616167177], [-77.421123099, 38.581063912], [-77.466038863, 38.581063912]]]}, "properties": {"grid_id": 206, "solar_count": 0, "solar_density": 0}}, {"type": "Feature", "geometry": {"type": "Polygon", "coordinates": [[[-77.421123099, 38.581063912], [-77.421123099, 38.616167177], [-77.376207335, 38.616167177], [-77.376207335, 38.581063912], [-77.421123099, 38.581063912]]]}, "properties": {"grid_id": 207, "solar_count": 5, "solar_density": 0.19999999999992552}}, {"type": "Feature", "geometry": {"type": "Polygon", "coordinates": [[[-77.376207335, 38.581063912], [-77.376207335, 38.616167177], [-77.33129157, 38.616167177], [-77.33129157, 38.581063912], [-77.376207335, 38.581063912]]]}, "properties": {"grid_id": 208, "solar_count": 22, "solar_density": 0.88}}, {"type": "Feature", "geometry": {"type": "Polygon", "coordinates": [[[-77.466038863, 38.581063912], [-77.466038863, 38.616167177], [-77.421123099, 38.616167177], [-77.421123099, 38.581063912], [-77.466038863, 38.581063912]]]}, "properties": {"grid_id": 209, "solar_count": 0, "solar_density": 0}}, {"type": "Feature", "geometry": {"type": "Polygon", "coordinates": [[[-77.376207335, 38.581063912], [-77.376207335, 38.616167177], [-77.33129157, 38.616167177], [-77.33129157, 38.581063912], [-77.376207335, 38.581063912]]]}, "properties": {"grid_id": 210, "solar_count": 22, "solar_density": 0.88}}, {"type": "Feature", "geometry": {"type": "Polygon", "coordinates": [[[-77.466038863, 38.581063912], [-77.466038863, 38.616167177], [-77.421123099, 38.616167177], [-77.421123099, 38.581063912], [-77.466038863, 38.581063912]]]}, "properties": {"grid_id": 211, "solar_count": 0, "solar_density": 0}}, {"type": "Feature", "geometry": {"type": "Polygon", "coordinates": [[[-77.421123099, 38.581063912], [-77.421123099, 38.616167177], [-77.376207335, 38.616167177], [-77.376207335, 38.581063912], [-77.421123099, 38.581063912]]]}, "properties": {"grid_id": 212, "solar_count": 5, "solar_density": 0.19999999999992552}}, {"type": "Feature", "geometry": {"type": "Polygon", "coordinates": [[[-77.376207335, 38.581063912], [-77.376207335, 38.616167177], [-77.33129157, 38.616167177], [-77.33129157, 38.581063912], [-77.376207335, 38.581063912]]]}, "properties": {"grid_id": 213, "solar_count": 22, "solar_density": 0.88}}, {"type": "Feature", "geometry": {"type": "Polygon", "coordinates": [[[-77.466038863, 38.616167177], [-77.466038863, 38.651253272], [-77.421123099, 38.651253272], [-77.421123099, 38.616167177], [-77.466038863, 38.616167177]]]}, "properties": {"grid_id": 214, "solar_count": 2, "solar_density": 0.08}}, {"type": "Feature", "geometry": {"type": "Polygon", "coordinates": [[[-77.421123099, 38.616167177], [-77.421123099, 38.651253272], [-77.376207335, 38.651253272], [-77.376207335, 38.616167177], [-77.421123099, 38.616167177]]]}, "properties": {"grid_id": 215, "solar_count": 37, "solar_density": 1.48}}, {"type": "Feature", "geometry": {"type": "Polygon", "coordinates": [[[-77.376207335, 38.616167177], [-77.376207335, 38.651253272], [-77.33129157, 38.651253272], [-77.33129157, 38.616167177], [-77.376207335, 38.616167177]]]}, "properties": {"grid_id": 216, "solar_count": 76, "solar_density": 3.0400000000011325}}, {"type": "Feature", "geometry": {"type": "Polygon", "coordinates": [[[-77.466038863, 38.616167177], [-77.466038863, 38.651253272], [-77.421123099, 38.651253272], [-77.421123099, 38.616167177], [-77.466038863, 38.616167177]]]}, "properties": {"grid_id": 217, "solar_count": 2, "solar_density": 0.08}}, {"type": "Feature", "geometry": {"type": "Polygon", "coordinates": [[[-77.421123099, 38.616167177], [-77.421123099, 38.651253272], [-77.376207335, 38.651253272], [-77.376207335, 38.616167177], [-77.421123099, 38.616167177]]]}, "properties": {"grid_id": 218, "solar_count": 37, "solar_density": 1.48}}, {"type": "Feature", "geometry": {"type": "Polygon", "coordinates": [[[-77.376207335, 38.616167177], [-77.376207335, 38.651253272], [-77.33129157, 38.651253272], [-77.33129157, 38.616167177], [-77.376207335, 38.616167177]]]}, "properties": {"grid_id": 219, "solar_count": 76, "solar_density": 3.0400000000011325}}, {"type": "Feature", "geometry": {"type": "Polygon", "coordinates": [[[-77.466038863, 38.616167177], [-77.466038863, 38.651253272], [-77.421123099, 38.651253272], [-77.421123099, 38.616167177], [-77.466038863, 38.616167177]]]}, "properties": {"grid_id": 220, "solar_count": 2, "solar_density": 0.08}}, {"type": "Feature", "geometry": {"type": "Polygon", "coordinates": [[[-77.421123099, 38.616167177], [-77.421123099, 38.651253272], [-77.376207335, 38.651253272], [-77.376207335, 38.616167177], [-77.421123099, 38.616167177]]]}, "properties": {"grid_id": 221, "solar_count": 37, "solar_density": 1.48}}, {"type": "Feature", "geometry": {"type": "Polygon", "coordinates": [[[-77.376207335, 38.616167177], [-77.376207335, 38.651253272], [-77.33129157, 38.651253272], [-77.33129157, 38.616167177], [-77.376207335, 38.616167177]]]}, "properties": {"grid_id": 222, "solar_count": 76, "solar_density": 3.0400000000011325}}, {"type": "Feature", "geometry": {"type": "Polygon", "coordinates": [[[-77.48346618, 38.702371012], [-77.48346618, 38.737414886], [-77.438550415, 38.737414886], [-77.438550415, 38.702371012], [-77.48346618, 38.702371012]]]}, "properties": {"grid_id": 223, "solar_count": 1, "solar_density": 0.03999999999999255}}, {"type": "Feature", "geometry": {"type": "Polygon", "coordinates": [[[-77.438550415, 38.702371012], [-77.438550415, 38.737414886], [-77.393634651, 38.737414886], [-77.393634651, 38.702371012], [-77.438550415, 38.702371012]]]}, "properties": {"grid_id": 224, "solar_count": 9, "solar_density": 0.35999999999993293}}, {"type": "Feature", "geometry": {"type": "Polygon", "coordinates": [[[-77.48346618, 38.702371012], [-77.48346618, 38.737414886], [-77.438550415, 38.737414886], [-77.438550415, 38.702371012], [-77.48346618, 38.702371012]]]}, "properties": {"grid_id": 225, "solar_count": 1, "solar_density": 0.03999999999999255}}, {"type": "Feature", "geometry": {"type": "Polygon", "coordinates": [[[-77.438550415, 38.702371012], [-77.438550415, 38.737414886], [-77.393634651, 38.737414886], [-77.393634651, 38.702371012], [-77.438550415, 38.702371012]]]}, "properties": {"grid_id": 226, "solar_count": 9, "solar_density": 0.35999999999993293}}, {"type": "Feature", "geometry": {"type": "Polygon", "coordinates": [[[-77.48346618, 38.702371012], [-77.48346618, 38.737414886], [-77.438550415, 38.737414886], [-77.438550415, 38.702371012], [-77.48346618, 38.702371012]]]}, "properties": {"grid_id": 227, "solar_count": 1, "solar_density": 0.03999999999999255}}, {"type": "Feature", "geometry": {"type": "Polygon", "coordinates": [[[-77.48346618, 38.737414886], [-77.48346618, 38.772441574], [-77.438550415, 38.772441574], [-77.438550415, 38.737414886], [-77.48346618, 38.737414886]]]}, "properties": {"grid_id": 228, "solar_count": 27, "solar_density": 1.079999999999799}}, {"type": "Feature", "geometry": {"type": "Polygon", "coordinates": [[[-77.438550415, 38.737414886], [-77.438550415, 38.772441574], [-77.393634651, 38.772441574], [-77.393634651, 38.737414886], [-77.438550415, 38.737414886]]]}, "properties": {"grid_id": 229, "solar_count": 18, "solar_density": 0.7199999999998659}}, {"type": "Feature", "geometry": {"type": "Polygon", "coordinates": [[[-77.438550415, 38.737414886], [-77.438550415, 38.772441574], [-77.393634651, 38.772441574], [-77.393634651, 38.737414886], [-77.438550415, 38.737414886]]]}, "properties": {"grid_id": 230, "solar_count": 18, "solar_density": 0.7199999999998659}}, {"type": "Feature", "geometry": {"type": "Polygon", "coordinates": [[[-77.48346618, 38.737414886], [-77.48346618, 38.772441574], [-77.438550415, 38.772441574], [-77.438550415, 38.737414886], [-77.48346618, 38.737414886]]]}, "properties": {"grid_id": 231, "solar_count": 27, "solar_density": 1.079999999999799}}, {"type": "Feature", "geometry": {"type": "Polygon", "coordinates": [[[-77.48346618, 38.772441574], [-77.48346618, 38.807451071], [-77.438550415, 38.807451071], [-77.438550415, 38.772441574], [-77.48346618, 38.772441574]]]}, "properties": {"grid_id": 232, "solar_count": 19, "solar_density": 0.7599999999994338}}, {"type": "Feature", "geometry": {"type": "Polygon", "coordinates": [[[-77.438550415, 38.772441574], [-77.438550415, 38.807451071], [-77.393634651, 38.807451071], [-77.393634651, 38.772441574], [-77.438550415, 38.772441574]]]}, "properties": {"grid_id": 233, "solar_count": 9, "solar_density": 0.35999999999973176}}, {"type": "Feature", "geometry": {"type": "Polygon", "coordinates": [[[-77.438550415, 38.772441574], [-77.438550415, 38.807451071], [-77.393634651, 38.807451071], [-77.393634651, 38.772441574], [-77.438550415, 38.772441574]]]}, "properties": {"grid_id": 234, "solar_count": 9, "solar_density": 0.35999999999973176}}, {"type": "Feature", "geometry": {"type": "Polygon", "coordinates": [[[-77.48346618, 38.772441574], [-77.48346618, 38.807451071], [-77.438550415, 38.807451071], [-77.438550415, 38.772441574], [-77.48346618, 38.772441574]]]}, "properties": {"grid_id": 235, "solar_count": 19, "solar_density": 0.7599999999994338}}, {"type": "Feature", "geometry": {"type": "Polygon", "coordinates": [[[-77.438550415, 38.772441574], [-77.438550415, 38.807451071], [-77.393634651, 38.807451071], [-77.393634651, 38.772441574], [-77.438550415, 38.772441574]]]}, "properties": {"grid_id": 236, "solar_count": 9, "solar_density": 0.35999999999973176}}, {"type": "Feature", "geometry": {"type": "Polygon", "coordinates": [[[-77.48346618, 38.772441574], [-77.48346618, 38.807451071], [-77.438550415, 38.807451071], [-77.438550415, 38.772441574], [-77.48346618, 38.772441574]]]}, "properties": {"grid_id": 237, "solar_count": 19, "solar_density": 0.7599999999994338}}, {"type": "Feature", "geometry": {"type": "Polygon", "coordinates": [[[-77.48346618, 38.772441574], [-77.48346618, 38.807451071], [-77.438550415, 38.807451071], [-77.438550415, 38.772441574], [-77.48346618, 38.772441574]]]}, "properties": {"grid_id": 238, "solar_count": 19, "solar_density": 0.7599999999994338}}, {"type": "Feature", "geometry": {"type": "Polygon", "coordinates": [[[-77.713174381, 38.945996612], [-77.713174381, 38.980920735], [-77.668258617, 38.980920735], [-77.668258617, 38.945996612], [-77.713174381, 38.945996612]]]}, "properties": {"grid_id": 239, "solar_count": 0, "solar_density": 0}}, {"type": "Feature", "geometry": {"type": "Polygon", "coordinates": [[[-77.668258617, 38.945996612], [-77.668258617, 38.980920735], [-77.623342852, 38.980920735], [-77.623342852, 38.945996612], [-77.668258617, 38.945996612]]]}, "properties": {"grid_id": 240, "solar_count": 4, "solar_density": 0.1600000000000298}}, {"type": "Feature", "geometry": {"type": "Polygon", "coordinates": [[[-77.713174381, 38.945996612], [-77.713174381, 38.980920735], [-77.668258617, 38.980920735], [-77.668258617, 38.945996612], [-77.713174381, 38.945996612]]]}, "properties": {"grid_id": 241, "solar_count": 0, "solar_density": 0}}, {"type": "Feature", "geometry": {"type": "Polygon", "coordinates": [[[-77.668258617, 38.945996612], [-77.668258617, 38.980920735], [-77.623342852, 38.980920735], [-77.623342852, 38.945996612], [-77.668258617, 38.945996612]]]}, "properties": {"grid_id": 242, "solar_count": 4, "solar_density": 0.1600000000000298}}, {"type": "Feature", "geometry": {"type": "Polygon", "coordinates": [[[-77.713174381, 38.945996612], [-77.713174381, 38.980920735], [-77.668258617, 38.980920735], [-77.668258617, 38.945996612], [-77.713174381, 38.945996612]]]}, "properties": {"grid_id": 243, "solar_count": 0, "solar_density": 0}}, {"type": "Feature", "geometry": {"type": "Polygon", "coordinates": [[[-77.713174381, 38.980920735], [-77.713174381, 39.015827641], [-77.668258617, 39.015827641], [-77.668258617, 38.980920735], [-77.713174381, 38.980920735]]]}, "properties": {"grid_id": 244, "solar_count": 1, "solar_density": 0.0399999999999851}}, {"type": "Feature", "geometry": {"type": "Polygon", "coordinates": [[[-77.668258617, 38.980920735], [-77.668258617, 39.015827641], [-77.623342852, 39.015827641], [-77.623342852, 38.980920735], [-77.668258617, 38.980920735]]]}, "properties": {"grid_id": 245, "solar_count": 0, "solar_density": 0}}, {"type": "Feature", "geometry": {"type": "Polygon", "coordinates": [[[-77.713174381, 38.980920735], [-77.713174381, 39.015827641], [-77.668258617, 39.015827641], [-77.668258617, 38.980920735], [-77.713174381, 38.980920735]]]}, "properties": {"grid_id": 246, "solar_count": 1, "solar_density": 0.0399999999999851}}, {"type": "Feature", "geometry": {"type": "Polygon", "coordinates": [[[-77.668258617, 38.980920735], [-77.668258617, 39.015827641], [-77.623342852, 39.015827641], [-77.623342852, 38.980920735], [-77.668258617, 38.980920735]]]}, "properties": {"grid_id": 247, "solar_count": 0, "solar_density": 0}}, {"type": "Feature", "geometry": {"type": "Polygon", "coordinates": [[[-77.713174381, 39.015827641], [-77.713174381, 39.050717324], [-77.668258617, 39.050717324], [-77.668258617, 39.015827641], [-77.713174381, 39.015827641]]]}, "properties": {"grid_id": 248, "solar_count": 2, "solar_density": 0.0799999999999553}}, {"type": "Feature", "geometry": {"type": "Polygon", "coordinates": [[[-77.668258617, 39.015827641], [-77.668258617, 39.050717324], [-77.623342852, 39.050717324], [-77.623342852, 39.015827641], [-77.668258617, 39.015827641]]]}, "properties": {"grid_id": 249, "solar_count": 1, "solar_density": 0.03999999999999255}}, {"type": "Feature", "geometry": {"type": "Polygon", "coordinates": [[[-77.713174381, 39.015827641], [-77.713174381, 39.050717324], [-77.668258617, 39.050717324], [-77.668258617, 39.015827641], [-77.713174381, 39.015827641]]]}, "properties": {"grid_id": 250, "solar_count": 2, "solar_density": 0.0799999999999553}}, {"type": "Feature", "geometry": {"type": "Polygon", "coordinates": [[[-77.668258617, 39.015827641], [-77.668258617, 39.050717324], [-77.623342852, 39.050717324], [-77.623342852, 39.015827641], [-77.668258617, 39.015827641]]]}, "properties": {"grid_id": 251, "solar_count": 1, "solar_density": 0.03999999999999255}}, {"type": "Feature", "geometry": {"type": "Polygon", "coordinates": [[[-77.713174381, 39.015827641], [-77.713174381, 39.050717324], [-77.668258617, 39.050717324], [-77.668258617, 39.015827641], [-77.713174381, 39.015827641]]]}, "properties": {"grid_id": 252, "solar_count": 2, "solar_density": 0.0799999999999553}}, {"type": "Feature", "geometry": {"type": "Polygon", "coordinates": [[[-77.713174381, 39.015827641], [-77.713174381, 39.050717324], [-77.668258617, 39.050717324], [-77.668258617, 39.015827641], [-77.713174381, 39.015827641]]]}, "properties": {"grid_id": 253, "solar_count": 2, "solar_density": 0.0799999999999553}}, {"type": "Feature", "geometry": {"type": "Polygon", "coordinates": [[[-77.668258617, 39.015827641], [-77.668258617, 39.050717324], [-77.623342852, 39.050717324], [-77.623342852, 39.015827641], [-77.668258617, 39.015827641]]]}, "properties": {"grid_id": 254, "solar_count": 1, "solar_density": 0.03999999999999255}}, {"type": "Feature", "geometry": {"type": "Polygon", "coordinates": [[[-77.713174381, 39.050717324], [-77.713174381, 39.08558978], [-77.668258617, 39.08558978], [-77.668258617, 39.050717324], [-77.713174381, 39.050717324]]]}, "properties": {"grid_id": 255, "solar_count": 2, "solar_density": 0.0799999999999702}}, {"type": "Feature", "geometry": {"type": "Polygon", "coordinates": [[[-77.668258617, 39.050717324], [-77.668258617, 39.08558978], [-77.623342852, 39.08558978], [-77.623342852, 39.050717324], [-77.668258617, 39.050717324]]]}, "properties": {"grid_id": 256, "solar_count": 0, "solar_density": 0}}, {"type": "Feature", "geometry": {"type": "Polygon", "coordinates": [[[-77.713174381, 39.050717324], [-77.713174381, 39.08558978], [-77.668258617, 39.08558978], [-77.668258617, 39.050717324], [-77.713174381, 39.050717324]]]}, "properties": {"grid_id": 257, "solar_count": 2, "solar_density": 0.0799999999999702}}, {"type": "Feature", "geometry": {"type": "Polygon", "coordinates": [[[-77.713174381, 39.050717324], [-77.713174381, 39.08558978], [-77.668258617, 39.08558978], [-77.668258617, 39.050717324], [-77.713174381, 39.050717324]]]}, "properties": {"grid_id": 258, "solar_count": 2, "solar_density": 0.0799999999999702}}, {"type": "Feature", "geometry": {"type": "Polygon", "coordinates": [[[-77.437005313, 38.740294728], [-77.437005313, 38.775320003], [-77.392089549, 38.775320003], [-77.392089549, 38.740294728], [-77.437005313, 38.740294728]]]}, "properties": {"grid_id": 259, "solar_count": 16, "solar_density": 0.6400000000002384}}, {"type": "Feature", "geometry": {"type": "Polygon", "coordinates": [[[-77.437005313, 38.740294728], [-77.437005313, 38.775320003], [-77.392089549, 38.775320003], [-77.392089549, 38.740294728], [-77.437005313, 38.740294728]]]}, "properties": {"grid_id": 260, "solar_count": 16, "solar_density": 0.6400000000002384}}, {"type": "Feature", "geometry": {"type": "Polygon", "coordinates": [[[-77.392089549, 38.740294728], [-77.392089549, 38.775320003], [-77.347173785, 38.775320003], [-77.347173785, 38.740294728], [-77.392089549, 38.740294728]]]}, "properties": {"grid_id": 261, "solar_count": 16, "solar_density": 0.6399999999997616}}, {"type": "Feature", "geometry": {"type": "Polygon", "coordinates": [[[-77.347173785, 38.740294728], [-77.347173785, 38.775320003], [-77.30225802, 38.775320003], [-77.30225802, 38.740294728], [-77.347173785, 38.740294728]]]}, "properties": {"grid_id": 262, "solar_count": 3, "solar_density": 0.11999999999995531}}, {"type": "Feature", "geometry": {"type": "Polygon", "coordinates": [[[-77.392089549, 38.740294728], [-77.392089549, 38.775320003], [-77.347173785, 38.775320003], [-77.347173785, 38.740294728], [-77.392089549, 38.740294728]]]}, "properties": {"grid_id": 263, "solar_count": 16, "solar_density": 0.6399999999997616}}, {"type": "Feature", "geometry": {"type": "Polygon", "coordinates": [[[-77.347173785, 38.740294728], [-77.347173785, 38.775320003], [-77.30225802, 38.775320003], [-77.30225802, 38.740294728], [-77.347173785, 38.740294728]]]}, "properties": {"grid_id": 264, "solar_count": 3, "solar_density": 0.11999999999995531}}, {"type": "Feature", "geometry": {"type": "Polygon", "coordinates": [[[-77.437005313, 38.775320003], [-77.437005313, 38.810328087], [-77.392089549, 38.810328087], [-77.392089549, 38.775320003], [-77.437005313, 38.775320003]]]}, "properties": {"grid_id": 265, "solar_count": 11, "solar_density": 0.44}}, {"type": "Feature", "geometry": {"type": "Polygon", "coordinates": [[[-77.437005313, 38.775320003], [-77.437005313, 38.810328087], [-77.392089549, 38.810328087], [-77.392089549, 38.775320003], [-77.437005313, 38.775320003]]]}, "properties": {"grid_id": 266, "solar_count": 11, "solar_density": 0.44}}, {"type": "Feature", "geometry": {"type": "Polygon", "coordinates": [[[-77.392089549, 38.775320003], [-77.392089549, 38.810328087], [-77.347173785, 38.810328087], [-77.347173785, 38.775320003], [-77.392089549, 38.775320003]]]}, "properties": {"grid_id": 267, "solar_count": 10, "solar_density": 0.399999999999702}}, {"type": "Feature", "geometry": {"type": "Polygon", "coordinates": [[[-77.347173785, 38.775320003], [-77.347173785, 38.810328087], [-77.30225802, 38.810328087], [-77.30225802, 38.775320003], [-77.347173785, 38.775320003]]]}, "properties": {"grid_id": 268, "solar_count": 3, "solar_density": 0.1199999999999106}}, {"type": "Feature", "geometry": {"type": "Polygon", "coordinates": [[[-77.437005313, 38.775320003], [-77.437005313, 38.810328087], [-77.392089549, 38.810328087], [-77.392089549, 38.775320003], [-77.437005313, 38.775320003]]]}, "properties": {"grid_id": 269, "solar_count": 11, "solar_density": 0.44}}, {"type": "Feature", "geometry": {"type": "Polygon", "coordinates": [[[-77.392089549, 38.775320003], [-77.392089549, 38.810328087], [-77.347173785, 38.810328087], [-77.347173785, 38.775320003], [-77.392089549, 38.775320003]]]}, "properties": {"grid_id": 270, "solar_count": 10, "solar_density": 0.399999999999702}}, {"type": "Feature", "geometry": {"type": "Polygon", "coordinates": [[[-77.347173785, 38.775320003], [-77.347173785, 38.810328087], [-77.30225802, 38.810328087], [-77.30225802, 38.775320003], [-77.347173785, 38.775320003]]]}, "properties": {"grid_id": 271, "solar_count": 3, "solar_density": 0.1199999999999106}}, {"type": "Feature", "geometry": {"type": "Polygon", "coordinates": [[[-77.392089549, 38.775320003], [-77.392089549, 38.810328087], [-77.347173785, 38.810328087], [-77.347173785, 38.775320003], [-77.392089549, 38.775320003]]]}, "properties": {"grid_id": 272, "solar_count": 10, "solar_density": 0.399999999999702}}, {"type": "Feature", "geometry": {"type": "Polygon", "coordinates": [[[-77.347173785, 38.775320003], [-77.347173785, 38.810328087], [-77.30225802, 38.810328087], [-77.30225802, 38.775320003], [-77.347173785, 38.775320003]]]}, "properties": {"grid_id": 273, "solar_count": 3, "solar_density": 0.1199999999999106}}, {"type": "Feature", "geometry": {"type": "Polygon", "coordinates": [[[-77.437005313, 38.810328087], [-77.437005313, 38.845318975], [-77.392089549, 38.845318975], [-77.392089549, 38.810328087], [-77.437005313, 38.810328087]]]}, "properties": {"grid_id": 274, "solar_count": 25, "solar_density": 1.0000000000007452}}, {"type": "Feature", "geometry": {"type": "Polygon", "coordinates": [[[-77.392089549, 38.810328087], [-77.392089549, 38.845318975], [-77.347173785, 38.845318975], [-77.347173785, 38.810328087], [-77.392089549, 38.810328087]]]}, "properties": {"grid_id": 275, "solar_count": 18, "solar_density": 0.72}}, {"type": "Feature", "geometry": {"type": "Polygon", "coordinates": [[[-77.437005313, 38.810328087], [-77.437005313, 38.845318975], [-77.392089549, 38.845318975], [-77.392089549, 38.810328087], [-77.437005313, 38.810328087]]]}, "properties": {"grid_id": 276, "solar_count": 25, "solar_density": 1.0000000000007452}}, {"type": "Feature", "geometry": {"type": "Polygon", "coordinates": [[[-77.437005313, 38.810328087], [-77.437005313, 38.845318975], [-77.392089549, 38.845318975], [-77.392089549, 38.810328087], [-77.437005313, 38.810328087]]]}, "properties": {"grid_id": 277, "solar_count": 25, "solar_density": 1.0000000000007452}}, {"type": "Feature", "geometry": {"type": "Polygon", "coordinates": [[[-77.392089549, 38.810328087], [-77.392089549, 38.845318975], [-77.347173785, 38.845318975], [-77.347173785, 38.810328087], [-77.392089549, 38.810328087]]]}, "properties": {"grid_id": 278, "solar_count": 18, "solar_density": 0.72}}, {"type": "Feature", "geometry": {"type": "Polygon", "coordinates": [[[-77.347173785, 38.810328087], [-77.347173785, 38.845318975], [-77.30225802, 38.845318975], [-77.30225802, 38.810328087], [-77.347173785, 38.810328087]]]}, "properties": {"grid_id": 279, "solar_count": 0, "solar_density": 0}}, {"type": "Feature", "geometry": {"type": "Polygon", "coordinates": [[[-77.437005313, 38.810328087], [-77.437005313, 38.845318975], [-77.392089549, 38.845318975], [-77.392089549, 38.810328087], [-77.437005313, 38.810328087]]]}, "properties": {"grid_id": 280, "solar_count": 25, "solar_density": 1.0000000000007452}}, {"type": "Feature", "geometry": {"type": "Polygon", "coordinates": [[[-77.530888243, 39.043559366], [-77.530888243, 39.078435357], [-77.485972479, 39.078435357], [-77.485972479, 39.043559366], [-77.530888243, 39.043559366]]]}, "properties": {"grid_id": 281, "solar_count": 0, "solar_density": 0}}, {"type": "Feature", "geometry": {"type": "Polygon", "coordinates": [[[-77.530888243, 39.043559366], [-77.530888243, 39.078435357], [-77.485972479, 39.078435357], [-77.485972479, 39.043559366], [-77.530888243, 39.043559366]]]}, "properties": {"grid_id": 282, "solar_count": 0, "solar_density": 0}}, {"type": "Feature", "geometry": {"type": "Polygon", "coordinates": [[[-77.530888243, 39.043559366], [-77.530888243, 39.078435357], [-77.485972479, 39.078435357], [-77.485972479, 39.043559366], [-77.530888243, 39.043559366]]]}, "properties": {"grid_id": 283, "solar_count": 0, "solar_density": 0}}, {"type": "Feature", "geometry": {"type": "Polygon", "coordinates": [[[-77.503911835, 38.427362776], [-77.503911835, 38.462541066], [-77.458996071, 38.462541066], [-77.458996071, 38.427362776], [-77.503911835, 38.427362776]]]}, "properties": {"grid_id": 284, "solar_count": 2, "solar_density": 0.08}}, {"type": "Feature", "geometry": {"type": "Polygon", "coordinates": [[[-77.503911835, 38.427362776], [-77.503911835, 38.462541066], [-77.458996071, 38.462541066], [-77.458996071, 38.427362776], [-77.503911835, 38.427362776]]]}, "properties": {"grid_id": 285, "solar_count": 2, "solar_density": 0.08}}, {"type": "Feature", "geometry": {"type": "Polygon", "coordinates": [[[-77.674645638, 38.495459438], [-77.674645638, 38.53060452], [-77.629729874, 38.53060452], [-77.629729874, 38.495459438], [-77.674645638, 38.495459438]]]}, "properties": {"grid_id": 286, "solar_count": 0, "solar_density": 0}}, {"type": "Feature", "geometry": {"type": "Polygon", "coordinates": [[[-77.629729874, 38.495459438], [-77.629729874, 38.53060452], [-77.58481411, 38.53060452], [-77.58481411, 38.495459438], [-77.629729874, 38.495459438]]]}, "properties": {"grid_id": 287, "solar_count": 3, "solar_density": 0.1199999999999106}}, {"type": "Feature", "geometry": {"type": "Polygon", "coordinates": [[[-77.58481411, 38.495459438], [-77.58481411, 38.53060452], [-77.539898346, 38.53060452], [-77.539898346, 38.495459438], [-77.58481411, 38.495459438]]]}, "properties": {"grid_id": 288, "solar_count": 24, "solar_density": 0.96}}, {"type": "Feature", "geometry": {"type": "Polygon", "coordinates": [[[-77.58481411, 38.495459438], [-77.58481411, 38.53060452], [-77.539898346, 38.53060452], [-77.539898346, 38.495459438], [-77.58481411, 38.495459438]]]}, "properties": {"grid_id": 289, "solar_count": 24, "solar_density": 0.96}}, {"type": "Feature", "geometry": {"type": "Polygon", "coordinates": [[[-77.629729874, 38.495459438], [-77.629729874, 38.53060452], [-77.58481411, 38.53060452], [-77.58481411, 38.495459438], [-77.629729874, 38.495459438]]]}, "properties": {"grid_id": 290, "solar_count": 3, "solar_density": 0.1199999999999106}}, {"type": "Feature", "geometry": {"type": "Polygon", "coordinates": [[[-77.58481411, 38.495459438], [-77.58481411, 38.53060452], [-77.539898346, 38.53060452], [-77.539898346, 38.495459438], [-77.58481411, 38.495459438]]]}, "properties": {"grid_id": 291, "solar_count": 24, "solar_density": 0.96}}, {"type": "Feature", "geometry": {"type": "Polygon", "coordinates": [[[-77.629729874, 38.495459438], [-77.629729874, 38.53060452], [-77.58481411, 38.53060452], [-77.58481411, 38.495459438], [-77.629729874, 38.495459438]]]}, "properties": {"grid_id": 292, "solar_count": 3, "solar_density": 0.1199999999999106}}, {"type": "Feature", "geometry": {"type": "Polygon", "coordinates": [[[-77.58481411, 38.495459438], [-77.58481411, 38.53060452], [-77.539898346, 38.53060452], [-77.539898346, 38.495459438], [-77.58481411, 38.495459438]]]}, "properties": {"grid_id": 293, "solar_count": 24, "solar_density": 0.96}}, {"type": "Feature", "geometry": {"type": "Polygon", "coordinates": [[[-77.674645638, 38.495459438], [-77.674645638, 38.53060452], [-77.629729874, 38.53060452], [-77.629729874, 38.495459438], [-77.674645638, 38.495459438]]]}, "properties": {"grid_id": 294, "solar_count": 0, "solar_density": 0}}, {"type": "Feature", "geometry": {"type": "Polygon", "coordinates": [[[-77.629729874, 38.495459438], [-77.629729874, 38.53060452], [-77.58481411, 38.53060452], [-77.58481411, 38.495459438], [-77.629729874, 38.495459438]]]}, "properties": {"grid_id": 295, "solar_count": 3, "solar_density": 0.1199999999999106}}, {"type": "Feature", "geometry": {"type": "Polygon", "coordinates": [[[-77.674645638, 38.53060452], [-77.674645638, 38.565732443], [-77.629729874, 38.565732443], [-77.629729874, 38.53060452], [-77.674645638, 38.53060452]]]}, "properties": {"grid_id": 296, "solar_count": 0, "solar_density": 0}}, {"type": "Feature", "geometry": {"type": "Polygon", "coordinates": [[[-77.629729874, 38.53060452], [-77.629729874, 38.565732443], [-77.58481411, 38.565732443], [-77.58481411, 38.53060452], [-77.629729874, 38.53060452]]]}, "properties": {"grid_id": 297, "solar_count": 2, "solar_density": 0.0799999999999851}}, {"type": "Feature", "geometry": {"type": "Polygon", "coordinates": [[[-77.58481411, 38.53060452], [-77.58481411, 38.565732443], [-77.539898346, 38.565732443], [-77.539898346, 38.53060452], [-77.58481411, 38.53060452]]]}, "properties": {"grid_id": 298, "solar_count": 1, "solar_density": 0.04000000000002235}}, {"type": "Feature", "geometry": {"type": "Polygon", "coordinates": [[[-77.674645638, 38.53060452], [-77.674645638, 38.565732443], [-77.629729874, 38.565732443], [-77.629729874, 38.53060452], [-77.674645638, 38.53060452]]]}, "properties": {"grid_id": 299, "solar_count": 0, "solar_density": 0}}, {"type": "Feature", "geometry": {"type": "Polygon", "coordinates": [[[-77.629729874, 38.53060452], [-77.629729874, 38.565732443], [-77.58481411, 38.565732443], [-77.58481411, 38.53060452], [-77.629729874, 38.53060452]]]}, "properties": {"grid_id": 300, "solar_count": 2, "solar_density": 0.0799999999999851}}, {"type": "Feature", "geometry": {"type": "Polygon", "coordinates": [[[-77.58481411, 38.53060452], [-77.58481411, 38.565732443], [-77.539898346, 38.565732443], [-77.539898346, 38.53060452], [-77.58481411, 38.53060452]]]}, "properties": {"grid_id": 301, "solar_count": 1, "solar_density": 0.04000000000002235}}, {"type": "Feature", "geometry": {"type": "Polygon", "coordinates": [[[-77.58481411, 38.53060452], [-77.58481411, 38.565732443], [-77.539898346, 38.565732443], [-77.539898346, 38.53060452], [-77.58481411, 38.53060452]]]}, "properties": {"grid_id": 302, "solar_count": 1, "solar_density": 0.04000000000002235}}, {"type": "Feature", "geometry": {"type": "Polygon", "coordinates": [[[-77.67504988, 38.527055645], [-77.67504988, 38.562185302], [-77.630134116, 38.562185302], [-77.630134116, 38.527055645], [-77.67504988, 38.527055645]]]}, "properties": {"grid_id": 303, "solar_count": 0, "solar_density": 0}}, {"type": "Feature", "geometry": {"type": "Polygon", "coordinates": [[[-77.630134116, 38.527055645], [-77.630134116, 38.562185302], [-77.585218352, 38.562185302], [-77.585218352, 38.527055645], [-77.630134116, 38.527055645]]]}, "properties": {"grid_id": 304, "solar_count": 2, "solar_density": 0.0800000000000447}}, {"type": "Feature", "geometry": {"type": "Polygon", "coordinates": [[[-77.585218352, 38.527055645], [-77.585218352, 38.562185302], [-77.540302588, 38.562185302], [-77.540302588, 38.527055645], [-77.585218352, 38.527055645]]]}, "properties": {"grid_id": 305, "solar_count": 1, "solar_density": 0.04000000000000745}}, {"type": "Feature", "geometry": {"type": "Polygon", "coordinates": [[[-77.67504988, 38.527055645], [-77.67504988, 38.562185302], [-77.630134116, 38.562185302], [-77.630134116, 38.527055645], [-77.67504988, 38.527055645]]]}, "properties": {"grid_id": 306, "solar_count": 0, "solar_density": 0}}, {"type": "Feature", "geometry": {"type": "Polygon", "coordinates": [[[-77.630134116, 38.527055645], [-77.630134116, 38.562185302], [-77.585218352, 38.562185302], [-77.585218352, 38.527055645], [-77.630134116, 38.527055645]]]}, "properties": {"grid_id": 307, "solar_count": 2, "solar_density": 0.0800000000000447}}, {"type": "Feature", "geometry": {"type": "Polygon", "coordinates": [[[-77.585218352, 38.527055645], [-77.585218352, 38.562185302], [-77.540302588, 38.562185302], [-77.540302588, 38.527055645], [-77.585218352, 38.527055645]]]}, "properties": {"grid_id": 308, "solar_count": 1, "solar_density": 0.04000000000000745}}, {"type": "Feature", "geometry": {"type": "Polygon", "coordinates": [[[-77.540302588, 38.527055645], [-77.540302588, 38.562185302], [-77.495386823, 38.562185302], [-77.495386823, 38.527055645], [-77.540302588, 38.527055645]]]}, "properties": {"grid_id": 309, "solar_count": 0, "solar_density": 0}}, {"type": "Feature", "geometry": {"type": "Polygon", "coordinates": [[[-77.540302588, 38.527055645], [-77.540302588, 38.562185302], [-77.495386823, 38.562185302], [-77.495386823, 38.527055645], [-77.540302588, 38.527055645]]]}, "properties": {"grid_id": 310, "solar_count": 0, "solar_density": 0}}, {"type": "Feature", "geometry": {"type": "Polygon", "coordinates": [[[-77.540302588, 38.527055645], [-77.540302588, 38.562185302], [-77.495386823, 38.562185302], [-77.495386823, 38.527055645], [-77.540302588, 38.527055645]]]}, "properties": {"grid_id": 311, "solar_count": 0, "solar_density": 0}}, {"type": "Feature", "geometry": {"type": "Polygon", "coordinates": [[[-77.585218352, 38.527055645], [-77.585218352, 38.562185302], [-77.540302588, 38.562185302], [-77.540302588, 38.527055645], [-77.585218352, 38.527055645]]]}, "properties": {"grid_id": 312, "solar_count": 1, "solar_density": 0.04000000000000745}}, {"type": "Feature", "geometry": {"type": "Polygon", "coordinates": [[[-77.540302588, 38.527055645], [-77.540302588, 38.562185302], [-77.495386823, 38.562185302], [-77.495386823, 38.527055645], [-77.540302588, 38.527055645]]]}, "properties": {"grid_id": 313, "solar_count": 0, "solar_density": 0}}, {"type": "Feature", "geometry": {"type": "Polygon", "coordinates": [[[-77.67504988, 38.562185302], [-77.67504988, 38.597297796], [-77.630134116, 38.597297796], [-77.630134116, 38.562185302], [-77.67504988, 38.562185302]]]}, "properties": {"grid_id": 314, "solar_count": 0, "solar_density": 0}}, {"type": "Feature", "geometry": {"type": "Polygon", "coordinates": [[[-77.67504988, 38.562185302], [-77.67504988, 38.597297796], [-77.630134116, 38.597297796], [-77.630134116, 38.562185302], [-77.67504988, 38.562185302]]]}, "properties": {"grid_id": 315, "solar_count": 0, "solar_density": 0}}, {"type": "Feature", "geometry": {"type": "Polygon", "coordinates": [[[-77.630134116, 38.562185302], [-77.630134116, 38.597297796], [-77.585218352, 38.597297796], [-77.585218352, 38.562185302], [-77.630134116, 38.562185302]]]}, "properties": {"grid_id": 316, "solar_count": 2, "solar_density": 0.0800000000000149}}, {"type": "Feature", "geometry": {"type": "Polygon", "coordinates": [[[-77.585218352, 38.562185302], [-77.585218352, 38.597297796], [-77.540302588, 38.597297796], [-77.540302588, 38.562185302], [-77.585218352, 38.562185302]]]}, "properties": {"grid_id": 317, "solar_count": 1, "solar_density": 0.03999999999999255}}, {"type": "Feature", "geometry": {"type": "Polygon", "coordinates": [[[-77.540302588, 38.562185302], [-77.540302588, 38.597297796], [-77.495386823, 38.597297796], [-77.495386823, 38.562185302], [-77.540302588, 38.562185302]]]}, "properties": {"grid_id": 318, "solar_count": 0, "solar_density": 0}}, {"type": "Feature", "geometry": {"type": "Polygon", "coordinates": [[[-77.540302588, 38.562185302], [-77.540302588, 38.597297796], [-77.495386823, 38.597297796], [-77.495386823, 38.562185302], [-77.540302588, 38.562185302]]]}, "properties": {"grid_id": 319, "solar_count": 0, "solar_density": 0}}, {"type": "Feature", "geometry": {"type": "Polygon", "coordinates": [[[-77.585218352, 38.562185302], [-77.585218352, 38.597297796], [-77.540302588, 38.597297796], [-77.540302588, 38.562185302], [-77.585218352, 38.562185302]]]}, "properties": {"grid_id": 320, "solar_count": 1, "solar_density": 0.03999999999999255}}, {"type": "Feature", "geometry": {"type": "Polygon", "coordinates": [[[-77.540302588, 38.562185302], [-77.540302588, 38.597297796], [-77.495386823, 38.597297796], [-77.495386823, 38.562185302], [-77.540302588, 38.562185302]]]}, "properties": {"grid_id": 321, "solar_count": 0, "solar_density": 0}}, {"type": "Feature", "geometry": {"type": "Polygon", "coordinates": [[[-77.630134116, 38.597297796], [-77.630134116, 38.632393122], [-77.585218352, 38.632393122], [-77.585218352, 38.597297796], [-77.630134116, 38.597297796]]]}, "properties": {"grid_id": 322, "solar_count": 0, "solar_density": 0}}, {"type": "Feature", "geometry": {"type": "Polygon", "coordinates": [[[-77.585218352, 38.597297796], [-77.585218352, 38.632393122], [-77.540302588, 38.632393122], [-77.540302588, 38.597297796], [-77.585218352, 38.597297796]]]}, "properties": {"grid_id": 323, "solar_count": 0, "solar_density": 0}}, {"type": "Feature", "geometry": {"type": "Polygon", "coordinates": [[[-77.585218352, 38.597297796], [-77.585218352, 38.632393122], [-77.540302588, 38.632393122], [-77.540302588, 38.597297796], [-77.585218352, 38.597297796]]]}, "properties": {"grid_id": 324, "solar_count": 0, "solar_density": 0}}, {"type": "Feature", "geometry": {"type": "Polygon", "coordinates": [[[-77.540302588, 38.597297796], [-77.540302588, 38.632393122], [-77.495386823, 38.632393122], [-77.495386823, 38.597297796], [-77.540302588, 38.597297796]]]}, "properties": {"grid_id": 325, "solar_count": 0, "solar_density": 0}}, {"type": "Feature", "geometry": {"type": "Polygon", "coordinates": [[[-77.630134116, 38.632393122], [-77.630134116, 38.667471276], [-77.585218352, 38.667471276], [-77.585218352, 38.632393122], [-77.630134116, 38.632393122]]]}, "properties": {"grid_id": 326, "solar_count": 0, "solar_density": 0}}, {"type": "Feature", "geometry": {"type": "Polygon", "coordinates": [[[-77.585218352, 38.632393122], [-77.585218352, 38.667471276], [-77.540302588, 38.667471276], [-77.540302588, 38.632393122], [-77.585218352, 38.632393122]]]}, "properties": {"grid_id": 327, "solar_count": 0, "solar_density": 0}}, {"type": "Feature", "geometry": {"type": "Polygon", "coordinates": [[[-77.540302588, 38.632393122], [-77.540302588, 38.667471276], [-77.495386823, 38.667471276], [-77.495386823, 38.632393122], [-77.540302588, 38.632393122]]]}, "properties": {"grid_id": 328, "solar_count": 7, "solar_density": 0.28000000000005215}}, {"type": "Feature", "geometry": {"type": "Polygon", "coordinates": [[[-77.719965644, 38.667471276], [-77.719965644, 38.702532253], [-77.67504988, 38.702532253], [-77.67504988, 38.667471276], [-77.719965644, 38.667471276]]]}, "properties": {"grid_id": 329, "solar_count": 1, "solar_density": 0.039999999999962746}}, {"type": "Feature", "geometry": {"type": "Polygon", "coordinates": [[[-77.67504988, 38.667471276], [-77.67504988, 38.702532253], [-77.630134116, 38.702532253], [-77.630134116, 38.667471276], [-77.67504988, 38.667471276]]]}, "properties": {"grid_id": 330, "solar_count": 1, "solar_density": 0.03999999999997765}}, {"type": "Feature", "geometry": {"type": "Polygon", "coordinates": [[[-77.630134116, 38.667471276], [-77.630134116, 38.702532253], [-77.585218352, 38.702532253], [-77.585218352, 38.667471276], [-77.630134116, 38.667471276]]]}, "properties": {"grid_id": 331, "solar_count": 1, "solar_density": 0.03999999999999255}}, {"type": "Feature", "geometry": {"type": "Polygon", "coordinates": [[[-77.719965644, 38.667471276], [-77.719965644, 38.702532253], [-77.67504988, 38.702532253], [-77.67504988, 38.667471276], [-77.719965644, 38.667471276]]]}, "properties": {"grid_id": 332, "solar_count": 1, "solar_density": 0.039999999999962746}}, {"type": "Feature", "geometry": {"type": "Polygon", "coordinates": [[[-77.540302588, 38.667471276], [-77.540302588, 38.702532253], [-77.495386823, 38.702532253], [-77.495386823, 38.667471276], [-77.540302588, 38.667471276]]]}, "properties": {"grid_id": 333, "solar_count": 3, "solar_density": 0.11999999999993295}}, {"type": "Feature", "geometry": {"type": "Polygon", "coordinates": [[[-77.630134116, 38.667471276], [-77.630134116, 38.702532253], [-77.585218352, 38.702532253], [-77.585218352, 38.667471276], [-77.630134116, 38.667471276]]]}, "properties": {"grid_id": 334, "solar_count": 1, "solar_density": 0.03999999999999255}}, {"type": "Feature", "geometry": {"type": "Polygon", "coordinates": [[[-77.540302588, 38.667471276], [-77.540302588, 38.702532253], [-77.495386823, 38.702532253], [-77.495386823, 38.667471276], [-77.540302588, 38.667471276]]]}, "properties": {"grid_id": 335, "solar_count": 3, "solar_density": 0.11999999999993295}}, {"type": "Feature", "geometry": {"type": "Polygon", "coordinates": [[[-77.719965644, 38.702532253], [-77.719965644, 38.737576048], [-77.67504988, 38.737576048], [-77.67504988, 38.702532253], [-77.719965644, 38.702532253]]]}, "properties": {"grid_id": 336, "solar_count": 14, "solar_density": 0.56}}, {"type": "Feature", "geometry": {"type": "Polygon", "coordinates": [[[-77.67504988, 38.702532253], [-77.67504988, 38.737576048], [-77.630134116, 38.737576048], [-77.630134116, 38.702532253], [-77.67504988, 38.702532253]]]}, "properties": {"grid_id": 337, "solar_count": 5, "solar_density": 0.2000000000000745}}, {"type": "Feature", "geometry": {"type": "Polygon", "coordinates": [[[-77.630134116, 38.702532253], [-77.630134116, 38.737576048], [-77.585218352, 38.737576048], [-77.585218352, 38.702532253], [-77.630134116, 38.702532253]]]}, "properties": {"grid_id": 338, "solar_count": 3, "solar_density": 0.12000000000008941}}, {"type": "Feature", "geometry": {"type": "Polygon", "coordinates": [[[-77.719965644, 38.702532253], [-77.719965644, 38.737576048], [-77.67504988, 38.737576048], [-77.67504988, 38.702532253], [-77.719965644, 38.702532253]]]}, "properties": {"grid_id": 339, "solar_count": 14, "solar_density": 0.56}}, {"type": "Feature", "geometry": {"type": "Polygon", "coordinates": [[[-77.630134116, 38.702532253], [-77.630134116, 38.737576048], [-77.585218352, 38.737576048], [-77.585218352, 38.702532253], [-77.630134116, 38.702532253]]]}, "properties": {"grid_id": 340, "solar_count": 3, "solar_density": 0.12000000000008941}}, {"type": "Feature", "geometry": {"type": "Polygon", "coordinates": [[[-77.585218352, 38.702532253], [-77.585218352, 38.737576048], [-77.540302588, 38.737576048], [-77.540302588, 38.702532253], [-77.585218352, 38.702532253]]]}, "properties": {"grid_id": 341, "solar_count": 19, "solar_density": 0.7600000000002831}}, {"type": "Feature", "geometry": {"type": "Polygon", "coordinates": [[[-77.540302588, 38.702532253], [-77.540302588, 38.737576048], [-77.495386823, 38.737576048], [-77.495386823, 38.702532253], [-77.540302588, 38.702532253]]]}, "properties": {"grid_id": 342, "solar_count": 0, "solar_density": 0}}, {"type": "Feature", "geometry": {"type": "Polygon", "coordinates": [[[-77.719965644, 38.702532253], [-77.719965644, 38.737576048], [-77.67504988, 38.737576048], [-77.67504988, 38.702532253], [-77.719965644, 38.702532253]]]}, "properties": {"grid_id": 343, "solar_count": 14, "solar_density": 0.56}}, {"type": "Feature", "geometry": {"type": "Polygon", "coordinates": [[[-77.67504988, 38.702532253], [-77.67504988, 38.737576048], [-77.630134116, 38.737576048], [-77.630134116, 38.702532253], [-77.67504988, 38.702532253]]]}, "properties": {"grid_id": 344, "solar_count": 5, "solar_density": 0.2000000000000745}}, {"type": "Feature", "geometry": {"type": "Polygon", "coordinates": [[[-77.630134116, 38.702532253], [-77.630134116, 38.737576048], [-77.585218352, 38.737576048], [-77.585218352, 38.702532253], [-77.630134116, 38.702532253]]]}, "properties": {"grid_id": 345, "solar_count": 3, "solar_density": 0.12000000000008941}}, {"type": "Feature", "geometry": {"type": "Polygon", "coordinates": [[[-77.585218352, 38.702532253], [-77.585218352, 38.737576048], [-77.540302588, 38.737576048], [-77.540302588, 38.702532253], [-77.585218352, 38.702532253]]]}, "properties": {"grid_id": 346, "solar_count": 19, "solar_density": 0.7600000000002831}}, {"type": "Feature", "geometry": {"type": "Polygon", "coordinates": [[[-77.540302588, 38.702532253], [-77.540302588, 38.737576048], [-77.495386823, 38.737576048], [-77.495386823, 38.702532253], [-77.540302588, 38.702532253]]]}, "properties": {"grid_id": 347, "solar_count": 0, "solar_density": 0}}, {"type": "Feature", "geometry": {"type": "Polygon", "coordinates": [[[-77.71038062, 39.035744782], [-77.71038062, 39.070624632], [-77.665464856, 39.070624632], [-77.665464856, 39.035744782], [-77.71038062, 39.035744782]]]}, "properties": {"grid_id": 348, "solar_count": 2, "solar_density": 0.08}}, {"type": "Feature", "geometry": {"type": "Polygon", "coordinates": [[[-77.665464856, 39.035744782], [-77.665464856, 39.070624632], [-77.620549092, 39.070624632], [-77.620549092, 39.035744782], [-77.665464856, 39.035744782]]]}, "properties": {"grid_id": 349, "solar_count": 0, "solar_density": 0}}, {"type": "Feature", "geometry": {"type": "Polygon", "coordinates": [[[-77.800212149, 39.035744782], [-77.800212149, 39.070624632], [-77.755296384, 39.070624632], [-77.755296384, 39.035744782], [-77.800212149, 39.035744782]]]}, "properties": {"grid_id": 350, "solar_count": 11, "solar_density": 0.44}}, {"type": "Feature", "geometry": {"type": "Polygon", "coordinates": [[[-77.755296384, 39.035744782], [-77.755296384, 39.070624632], [-77.71038062, 39.070624632], [-77.71038062, 39.035744782], [-77.755296384, 39.035744782]]]}, "properties": {"grid_id": 351, "solar_count": 1, "solar_density": 0.04}}, {"type": "Feature", "geometry": {"type": "Polygon", "coordinates": [[[-77.71038062, 39.035744782], [-77.71038062, 39.070624632], [-77.665464856, 39.070624632], [-77.665464856, 39.035744782], [-77.71038062, 39.035744782]]]}, "properties": {"grid_id": 352, "solar_count": 2, "solar_density": 0.08}}, {"type": "Feature", "geometry": {"type": "Polygon", "coordinates": [[[-77.665464856, 39.035744782], [-77.665464856, 39.070624632], [-77.620549092, 39.070624632], [-77.620549092, 39.035744782], [-77.665464856, 39.035744782]]]}, "properties": {"grid_id": 353, "solar_count": 0, "solar_density": 0}}, {"type": "Feature", "geometry": {"type": "Polygon", "coordinates": [[[-77.800212149, 39.035744782], [-77.800212149, 39.070624632], [-77.755296384, 39.070624632], [-77.755296384, 39.035744782], [-77.800212149, 39.035744782]]]}, "properties": {"grid_id": 354, "solar_count": 11, "solar_density": 0.44}}, {"type": "Feature", "geometry": {"type": "Polygon", "coordinates": [[[-77.755296384, 39.035744782], [-77.755296384, 39.070624632], [-77.71038062, 39.070624632], [-77.71038062, 39.035744782], [-77.755296384, 39.035744782]]]}, "properties": {"grid_id": 355, "solar_count": 1, "solar_density": 0.04}}, {"type": "Feature", "geometry": {"type": "Polygon", "coordinates": [[[-77.71038062, 39.035744782], [-77.71038062, 39.070624632], [-77.665464856, 39.070624632], [-77.665464856, 39.035744782], [-77.71038062, 39.035744782]]]}, "properties": {"grid_id": 356, "solar_count": 2, "solar_density": 0.08}}, {"type": "Feature", "geometry": {"type": "Polygon", "coordinates": [[[-77.71038062, 39.070624632], [-77.71038062, 39.105487253], [-77.665464856, 39.105487253], [-77.665464856, 39.070624632], [-77.71038062, 39.070624632]]]}, "properties": {"grid_id": 357, "solar_count": 0, "solar_density": 0}}, {"type": "Feature", "geometry": {"type": "Polygon", "coordinates": [[[-77.665464856, 39.070624632], [-77.665464856, 39.105487253], [-77.620549092, 39.105487253], [-77.620549092, 39.070624632], [-77.665464856, 39.070624632]]]}, "properties": {"grid_id": 358, "solar_count": 0, "solar_density": 0}}, {"type": "Feature", "geometry": {"type": "Polygon", "coordinates": [[[-77.800212149, 39.070624632], [-77.800212149, 39.105487253], [-77.755296384, 39.105487253], [-77.755296384, 39.070624632], [-77.800212149, 39.070624632]]]}, "properties": {"grid_id": 359, "solar_count": 5, "solar_density": 0.2}}, {"type": "Feature", "geometry": {"type": "Polygon", "coordinates": [[[-77.800212149, 39.070624632], [-77.800212149, 39.105487253], [-77.755296384, 39.105487253], [-77.755296384, 39.070624632], [-77.800212149, 39.070624632]]]}, "properties": {"grid_id": 360, "solar_count": 5, "solar_density": 0.2}}, {"type": "Feature", "geometry": {"type": "Polygon", "coordinates": [[[-77.755296384, 39.070624632], [-77.755296384, 39.105487253], [-77.71038062, 39.105487253], [-77.71038062, 39.070624632], [-77.755296384, 39.070624632]]]}, "properties": {"grid_id": 361, "solar_count": 0, "solar_density": 0}}, {"type": "Feature", "geometry": {"type": "Polygon", "coordinates": [[[-77.71038062, 39.070624632], [-77.71038062, 39.105487253], [-77.665464856, 39.105487253], [-77.665464856, 39.070624632], [-77.71038062, 39.070624632]]]}, "properties": {"grid_id": 362, "solar_count": 0, "solar_density": 0}}, {"type": "Feature", "geometry": {"type": "Polygon", "coordinates": [[[-77.71038062, 39.105487253], [-77.71038062, 39.140332639], [-77.665464856, 39.140332639], [-77.665464856, 39.105487253], [-77.71038062, 39.105487253]]]}, "properties": {"grid_id": 363, "solar_count": 0, "solar_density": 0}}, {"type": "Feature", "geometry": {"type": "Polygon", "coordinates": [[[-77.665464856, 39.105487253], [-77.665464856, 39.140332639], [-77.620549092, 39.140332639], [-77.620549092, 39.105487253], [-77.665464856, 39.105487253]]]}, "properties": {"grid_id": 364, "solar_count": 1, "solar_density": 0.0399999999999851}}, {"type": "Feature", "geometry": {"type": "Polygon", "coordinates": [[[-77.800212149, 39.105487253], [-77.800212149, 39.140332639], [-77.755296384, 39.140332639], [-77.755296384, 39.105487253], [-77.800212149, 39.105487253]]]}, "properties": {"grid_id": 365, "solar_count": 1, "solar_density": 0.0399999999999851}}, {"type": "Feature", "geometry": {"type": "Polygon", "coordinates": [[[-77.71038062, 39.105487253], [-77.71038062, 39.140332639], [-77.665464856, 39.140332639], [-77.665464856, 39.105487253], [-77.71038062, 39.105487253]]]}, "properties": {"grid_id": 366, "solar_count": 0, "solar_density": 0}}, {"type": "Feature", "geometry": {"type": "Polygon", "coordinates": [[[-77.665464856, 39.105487253], [-77.665464856, 39.140332639], [-77.620549092, 39.140332639], [-77.620549092, 39.105487253], [-77.665464856, 39.105487253]]]}, "properties": {"grid_id": 367, "solar_count": 1, "solar_density": 0.0399999999999851}}, {"type": "Feature", "geometry": {"type": "Polygon", "coordinates": [[[-77.800212149, 39.140332639], [-77.800212149, 39.175160788], [-77.755296384, 39.175160788], [-77.755296384, 39.140332639], [-77.800212149, 39.140332639]]]}, "properties": {"grid_id": 368, "solar_count": 6, "solar_density": 0.2400000000000447}}, {"type": "Feature", "geometry": {"type": "Polygon", "coordinates": [[[-77.755296384, 39.140332639], [-77.755296384, 39.175160788], [-77.71038062, 39.175160788], [-77.71038062, 39.140332639], [-77.755296384, 39.140332639]]]}, "properties": {"grid_id": 369, "solar_count": 0, "solar_density": 0}}, {"type": "Feature", "geometry": {"type": "Polygon", "coordinates": [[[-77.665464856, 39.140332639], [-77.665464856, 39.175160788], [-77.620549092, 39.175160788], [-77.620549092, 39.140332639], [-77.665464856, 39.140332639]]]}, "properties": {"grid_id": 370, "solar_count": 5, "solar_density": 0.20000000000003726}}, {"type": "Feature", "geometry": {"type": "Polygon", "coordinates": [[[-77.800212149, 39.140332639], [-77.800212149, 39.175160788], [-77.755296384, 39.175160788], [-77.755296384, 39.140332639], [-77.800212149, 39.140332639]]]}, "properties": {"grid_id": 371, "solar_count": 6, "solar_density": 0.2400000000000447}}, {"type": "Feature", "geometry": {"type": "Polygon", "coordinates": [[[-77.755296384, 39.140332639], [-77.755296384, 39.175160788], [-77.71038062, 39.175160788], [-77.71038062, 39.140332639], [-77.755296384, 39.140332639]]]}, "properties": {"grid_id": 372, "solar_count": 0, "solar_density": 0}}, {"type": "Feature", "geometry": {"type": "Polygon", "coordinates": [[[-77.71038062, 39.140332639], [-77.71038062, 39.175160788], [-77.665464856, 39.175160788], [-77.665464856, 39.140332639], [-77.71038062, 39.140332639]]]}, "properties": {"grid_id": 373, "solar_count": 11, "solar_density": 0.440000000000082}}, {"type": "Feature", "geometry": {"type": "Polygon", "coordinates": [[[-77.71038062, 39.140332639], [-77.71038062, 39.175160788], [-77.665464856, 39.175160788], [-77.665464856, 39.140332639], [-77.71038062, 39.140332639]]]}, "properties": {"grid_id": 374, "solar_count": 11, "solar_density": 0.440000000000082}}, {"type": "Feature", "geometry": {"type": "Polygon", "coordinates": [[[-77.665464856, 39.140332639], [-77.665464856, 39.175160788], [-77.620549092, 39.175160788], [-77.620549092, 39.140332639], [-77.665464856, 39.140332639]]]}, "properties": {"grid_id": 375, "solar_count": 5, "solar_density": 0.20000000000003726}}, {"type": "Feature", "geometry": {"type": "Polygon", "coordinates": [[[-77.665464856, 39.140332639], [-77.665464856, 39.175160788], [-77.620549092, 39.175160788], [-77.620549092, 39.140332639], [-77.665464856, 39.140332639]]]}, "properties": {"grid_id": 376, "solar_count": 5, "solar_density": 0.20000000000003726}}, {"type": "Feature", "geometry": {"type": "Polygon", "coordinates": [[[-77.800212149, 39.175160788], [-77.800212149, 39.209971693], [-77.755296384, 39.209971693], [-77.755296384, 39.175160788], [-77.800212149, 39.175160788]]]}, "properties": {"grid_id": 377, "solar_count": 6, "solar_density": 0.2400000000000447}}, {"type": "Feature", "geometry": {"type": "Polygon", "coordinates": [[[-77.71038062, 39.175160788], [-77.71038062, 39.209971693], [-77.665464856, 39.209971693], [-77.665464856, 39.175160788], [-77.71038062, 39.175160788]]]}, "properties": {"grid_id": 378, "solar_count": 11, "solar_density": 0.440000000000082}}, {"type": "Feature", "geometry": {"type": "Polygon", "coordinates": [[[-77.665464856, 39.175160788], [-77.665464856, 39.209971693], [-77.620549092, 39.209971693], [-77.620549092, 39.175160788], [-77.665464856, 39.175160788]]]}, "properties": {"grid_id": 379, "solar_count": 5, "solar_density": 0.20000000000003726}}, {"type": "Feature", "geometry": {"type": "Polygon", "coordinates": [[[-77.800212149, 39.175160788], [-77.800212149, 39.209971693], [-77.755296384, 39.209971693], [-77.755296384, 39.175160788], [-77.800212149, 39.175160788]]]}, "properties": {"grid_id": 380, "solar_count": 6, "solar_density": 0.2400000000000447}}, {"type": "Feature", "geometry": {"type": "Polygon", "coordinates": [[[-77.755296384, 39.175160788], [-77.755296384, 39.209971693], [-77.71038062, 39.209971693], [-77.71038062, 39.175160788], [-77.755296384, 39.175160788]]]}, "properties": {"grid_id": 381, "solar_count": 1, "solar_density": 0.04000000000000745}}, {"type": "Feature", "geometry": {"type": "Polygon", "coordinates": [[[-77.71038062, 39.175160788], [-77.71038062, 39.209971693], [-77.665464856, 39.209971693], [-77.665464856, 39.175160788], [-77.71038062, 39.175160788]]]}, "properties": {"grid_id": 382, "solar_count": 11, "solar_density": 0.440000000000082}}, {"type": "Feature", "geometry": {"type": "Polygon", "coordinates": [[[-77.665464856, 39.175160788], [-77.665464856, 39.209971693], [-77.620549092, 39.209971693], [-77.620549092, 39.175160788], [-77.665464856, 39.175160788]]]}, "properties": {"grid_id": 383, "solar_count": 5, "solar_density": 0.20000000000003726}}, {"type": "Feature", "geometry": {"type": "Polygon", "coordinates": [[[-77.71038062, 39.175160788], [-77.71038062, 39.209971693], [-77.665464856, 39.209971693], [-77.665464856, 39.175160788], [-77.71038062, 39.175160788]]]}, "properties": {"grid_id": 384, "solar_count": 11, "solar_density": 0.440000000000082}}, {"type": "Feature", "geometry": {"type": "Polygon", "coordinates": [[[-77.665464856, 39.175160788], [-77.665464856, 39.209971693], [-77.620549092, 39.209971693], [-77.620549092, 39.175160788], [-77.665464856, 39.175160788]]]}, "properties": {"grid_id": 385, "solar_count": 5, "solar_density": 0.20000000000003726}}, {"type": "Feature", "geometry": {"type": "Polygon", "coordinates": [[[-77.665464856, 39.175160788], [-77.665464856, 39.209971693], [-77.620549092, 39.209971693], [-77.620549092, 39.175160788], [-77.665464856, 39.175160788]]]}, "properties": {"grid_id": 386, "solar_count": 5, "solar_density": 0.20000000000003726}}, {"type": "Feature", "geometry": {"type": "Polygon", "coordinates": [[[-77.800212149, 39.175160788], [-77.800212149, 39.209971693], [-77.755296384, 39.209971693], [-77.755296384, 39.175160788], [-77.800212149, 39.175160788]]]}, "properties": {"grid_id": 387, "solar_count": 6, "solar_density": 0.2400000000000447}}, {"type": "Feature", "geometry": {"type": "Polygon", "coordinates": [[[-77.665464856, 39.209971693], [-77.665464856, 39.244765352], [-77.620549092, 39.244765352], [-77.620549092, 39.209971693], [-77.665464856, 39.209971693]]]}, "properties": {"grid_id": 388, "solar_count": 11, "solar_density": 0.439999999999918}}, {"type": "Feature", "geometry": {"type": "Polygon", "coordinates": [[[-77.800212149, 39.209971693], [-77.800212149, 39.244765352], [-77.755296384, 39.244765352], [-77.755296384, 39.209971693], [-77.800212149, 39.209971693]]]}, "properties": {"grid_id": 389, "solar_count": 0, "solar_density": 0}}, {"type": "Feature", "geometry": {"type": "Polygon", "coordinates": [[[-77.755296384, 39.209971693], [-77.755296384, 39.244765352], [-77.71038062, 39.244765352], [-77.71038062, 39.209971693], [-77.755296384, 39.209971693]]]}, "properties": {"grid_id": 390, "solar_count": 0, "solar_density": 0}}, {"type": "Feature", "geometry": {"type": "Polygon", "coordinates": [[[-77.71038062, 39.209971693], [-77.71038062, 39.244765352], [-77.665464856, 39.244765352], [-77.665464856, 39.209971693], [-77.71038062, 39.209971693]]]}, "properties": {"grid_id": 391, "solar_count": 6, "solar_density": 0.23999999999995528}}, {"type": "Feature", "geometry": {"type": "Polygon", "coordinates": [[[-77.665464856, 39.209971693], [-77.665464856, 39.244765352], [-77.620549092, 39.244765352], [-77.620549092, 39.209971693], [-77.665464856, 39.209971693]]]}, "properties": {"grid_id": 392, "solar_count": 11, "solar_density": 0.439999999999918}}, {"type": "Feature", "geometry": {"type": "Polygon", "coordinates": [[[-77.71038062, 39.209971693], [-77.71038062, 39.244765352], [-77.665464856, 39.244765352], [-77.665464856, 39.209971693], [-77.71038062, 39.209971693]]]}, "properties": {"grid_id": 393, "solar_count": 6, "solar_density": 0.23999999999995528}}, {"type": "Feature", "geometry": {"type": "Polygon", "coordinates": [[[-77.665464856, 39.209971693], [-77.665464856, 39.244765352], [-77.620549092, 39.244765352], [-77.620549092, 39.209971693], [-77.665464856, 39.209971693]]]}, "properties": {"grid_id": 394, "solar_count": 11, "solar_density": 0.439999999999918}}, {"type": "Feature", "geometry": {"type": "Polygon", "coordinates": [[[-77.800212149, 39.209971693], [-77.800212149, 39.244765352], [-77.755296384, 39.244765352], [-77.755296384, 39.209971693], [-77.800212149, 39.209971693]]]}, "properties": {"grid_id": 395, "solar_count": 0, "solar_density": 0}}, {"type": "Feature", "geometry": {"type": "Polygon", "coordinates": [[[-77.591290963, 38.82688092], [-77.591290963, 38.861863673], [-77.546375199, 38.861863673], [-77.546375199, 38.82688092], [-77.591290963, 38.82688092]]]}, "properties": {"grid_id": 396, "solar_count": 6, "solar_density": 0.23999999999995528}}, {"type": "Feature", "geometry": {"type": "Polygon", "coordinates": [[[-77.546375199, 38.82688092], [-77.546375199, 38.861863673], [-77.501459435, 38.861863673], [-77.501459435, 38.82688092], [-77.546375199, 38.82688092]]]}, "properties": {"grid_id": 397, "solar_count": 12, "solar_density": 0.47999999999991055}}, {"type": "Feature", "geometry": {"type": "Polygon", "coordinates": [[[-77.591290963, 38.82688092], [-77.591290963, 38.861863673], [-77.546375199, 38.861863673], [-77.546375199, 38.82688092], [-77.591290963, 38.82688092]]]}, "properties": {"grid_id": 398, "solar_count": 6, "solar_density": 0.23999999999995528}}, {"type": "Feature", "geometry": {"type": "Polygon", "coordinates": [[[-77.591290963, 38.82688092], [-77.591290963, 38.861863673], [-77.546375199, 38.861863673], [-77.546375199, 38.82688092], [-77.591290963, 38.82688092]]]}, "properties": {"grid_id": 399, "solar_count": 6, "solar_density": 0.23999999999995528}}, {"type": "Feature", "geometry": {"type": "Polygon", "coordinates": [[[-77.546375199, 38.82688092], [-77.546375199, 38.861863673], [-77.501459435, 38.861863673], [-77.501459435, 38.82688092], [-77.546375199, 38.82688092]]]}, "properties": {"grid_id": 400, "solar_count": 12, "solar_density": 0.47999999999991055}}, {"type": "Feature", "geometry": {"type": "Polygon", "coordinates": [[[-77.591290963, 38.82688092], [-77.591290963, 38.861863673], [-77.546375199, 38.861863673], [-77.546375199, 38.82688092], [-77.591290963, 38.82688092]]]}, "properties": {"grid_id": 401, "solar_count": 6, "solar_density": 0.23999999999995528}}, {"type": "Feature", "geometry": {"type": "Polygon", "coordinates": [[[-77.546375199, 38.82688092], [-77.546375199, 38.861863673], [-77.501459435, 38.861863673], [-77.501459435, 38.82688092], [-77.546375199, 38.82688092]]]}, "properties": {"grid_id": 402, "solar_count": 12, "solar_density": 0.47999999999991055}}, {"type": "Feature", "geometry": {"type": "Polygon", "coordinates": [[[-77.546375199, 38.82688092], [-77.546375199, 38.861863673], [-77.501459435, 38.861863673], [-77.501459435, 38.82688092], [-77.546375199, 38.82688092]]]}, "properties": {"grid_id": 403, "solar_count": 12, "solar_density": 0.47999999999991055}}, {"type": "Feature", "geometry": {"type": "Polygon", "coordinates": [[[-77.591290963, 38.861863673], [-77.591290963, 38.896829222], [-77.546375199, 38.896829222], [-77.546375199, 38.861863673], [-77.591290963, 38.861863673]]]}, "properties": {"grid_id": 404, "solar_count": 14, "solar_density": 0.5600000000001043}}, {"type": "Feature", "geometry": {"type": "Polygon", "coordinates": [[[-77.591290963, 38.861863673], [-77.591290963, 38.896829222], [-77.546375199, 38.896829222], [-77.546375199, 38.861863673], [-77.591290963, 38.861863673]]]}, "properties": {"grid_id": 405, "solar_count": 14, "solar_density": 0.5600000000001043}}, {"type": "Feature", "geometry": {"type": "Polygon", "coordinates": [[[-77.591290963, 38.861863673], [-77.591290963, 38.896829222], [-77.546375199, 38.896829222], [-77.546375199, 38.861863673], [-77.591290963, 38.861863673]]]}, "properties": {"grid_id": 406, "solar_count": 14, "solar_density": 0.5600000000001043}}, {"type": "Feature", "geometry": {"type": "Polygon", "coordinates": [[[-77.546375199, 38.861863673], [-77.546375199, 38.896829222], [-77.501459435, 38.896829222], [-77.501459435, 38.861863673], [-77.546375199, 38.861863673]]]}, "properties": {"grid_id": 407, "solar_count": 29, "solar_density": 1.1600000000002162}}, {"type": "Feature", "geometry": {"type": "Polygon", "coordinates": [[[-77.591290963, 38.861863673], [-77.591290963, 38.896829222], [-77.546375199, 38.896829222], [-77.546375199, 38.861863673], [-77.591290963, 38.861863673]]]}, "properties": {"grid_id": 408, "solar_count": 14, "solar_density": 0.5600000000001043}}, {"type": "Feature", "geometry": {"type": "Polygon", "coordinates": [[[-77.546375199, 38.861863673], [-77.546375199, 38.896829222], [-77.501459435, 38.896829222], [-77.501459435, 38.861863673], [-77.546375199, 38.861863673]]]}, "properties": {"grid_id": 409, "solar_count": 29, "solar_density": 1.1600000000002162}}, {"type": "Feature", "geometry": {"type": "Polygon", "coordinates": [[[-77.591290963, 38.861863673], [-77.591290963, 38.896829222], [-77.546375199, 38.896829222], [-77.546375199, 38.861863673], [-77.591290963, 38.861863673]]]}, "properties": {"grid_id": 410, "solar_count": 14, "solar_density": 0.5600000000001043}}, {"type": "Feature", "geometry": {"type": "Polygon", "coordinates": [[[-77.546375199, 38.861863673], [-77.546375199, 38.896829222], [-77.501459435, 38.896829222], [-77.501459435, 38.861863673], [-77.546375199, 38.861863673]]]}, "properties": {"grid_id": 411, "solar_count": 29, "solar_density": 1.1600000000002162}}, {"type": "Feature", "geometry": {"type": "Polygon", "coordinates": [[[-77.681041643, 39.106323744], [-77.681041643, 39.141168717], [-77.636125879, 39.141168717], [-77.636125879, 39.106323744], [-77.681041643, 39.106323744]]]}, "properties": {"grid_id": 412, "solar_count": 0, "solar_density": 0}}, {"type": "Feature", "geometry": {"type": "Polygon", "coordinates": [[[-77.636125879, 39.106323744], [-77.636125879, 39.141168717], [-77.591210115, 39.141168717], [-77.591210115, 39.106323744], [-77.636125879, 39.106323744]]]}, "properties": {"grid_id": 413, "solar_count": 6, "solar_density": 0.23999999999995528}}, {"type": "Feature", "geometry": {"type": "Polygon", "coordinates": [[[-77.681041643, 39.106323744], [-77.681041643, 39.141168717], [-77.636125879, 39.141168717], [-77.636125879, 39.106323744], [-77.681041643, 39.106323744]]]}, "properties": {"grid_id": 414, "solar_count": 0, "solar_density": 0}}, {"type": "Feature", "geometry": {"type": "Polygon", "coordinates": [[[-77.636125879, 39.106323744], [-77.636125879, 39.141168717], [-77.591210115, 39.141168717], [-77.591210115, 39.106323744], [-77.636125879, 39.106323744]]]}, "properties": {"grid_id": 415, "solar_count": 6, "solar_density": 0.23999999999995528}}, {"type": "Feature", "geometry": {"type": "Polygon", "coordinates": [[[-77.681041643, 39.141168717], [-77.681041643, 39.175996451], [-77.636125879, 39.175996451], [-77.636125879, 39.141168717], [-77.681041643, 39.141168717]]]}, "properties": {"grid_id": 416, "solar_count": 6, "solar_density": 0.2400000000000447}}, {"type": "Feature", "geometry": {"type": "Polygon", "coordinates": [[[-77.636125879, 39.141168717], [-77.636125879, 39.175996451], [-77.591210115, 39.175996451], [-77.591210115, 39.141168717], [-77.636125879, 39.141168717]]]}, "properties": {"grid_id": 417, "solar_count": 1, "solar_density": 0.04000000000000745}}, {"type": "Feature", "geometry": {"type": "Polygon", "coordinates": [[[-77.681041643, 39.141168717], [-77.681041643, 39.175996451], [-77.636125879, 39.175996451], [-77.636125879, 39.141168717], [-77.681041643, 39.141168717]]]}, "properties": {"grid_id": 418, "solar_count": 6, "solar_density": 0.2400000000000447}}, {"type": "Feature", "geometry": {"type": "Polygon", "coordinates": [[[-77.681041643, 39.141168717], [-77.681041643, 39.175996451], [-77.636125879, 39.175996451], [-77.636125879, 39.141168717], [-77.681041643, 39.141168717]]]}, "properties": {"grid_id": 419, "solar_count": 6, "solar_density": 0.2400000000000447}}, {"type": "Feature", "geometry": {"type": "Polygon", "coordinates": [[[-77.636125879, 39.141168717], [-77.636125879, 39.175996451], [-77.591210115, 39.175996451], [-77.591210115, 39.141168717], [-77.636125879, 39.141168717]]]}, "properties": {"grid_id": 420, "solar_count": 1, "solar_density": 0.04000000000000745}}, {"type": "Feature", "geometry": {"type": "Polygon", "coordinates": [[[-77.636125879, 39.141168717], [-77.636125879, 39.175996451], [-77.591210115, 39.175996451], [-77.591210115, 39.141168717], [-77.636125879, 39.141168717]]]}, "properties": {"grid_id": 421, "solar_count": 1, "solar_density": 0.04000000000000745}}, {"type": "Feature", "geometry": {"type": "Polygon", "coordinates": [[[-77.681041643, 39.175996451], [-77.681041643, 39.210806943], [-77.636125879, 39.210806943], [-77.636125879, 39.175996451], [-77.681041643, 39.175996451]]]}, "properties": {"grid_id": 422, "solar_count": 10, "solar_density": 0.4}}, {"type": "Feature", "geometry": {"type": "Polygon", "coordinates": [[[-77.636125879, 39.175996451], [-77.636125879, 39.210806943], [-77.591210115, 39.210806943], [-77.591210115, 39.175996451], [-77.636125879, 39.175996451]]]}, "properties": {"grid_id": 423, "solar_count": 1, "solar_density": 0.04}}, {"type": "Feature", "geometry": {"type": "Polygon", "coordinates": [[[-77.681041643, 39.175996451], [-77.681041643, 39.210806943], [-77.636125879, 39.210806943], [-77.636125879, 39.175996451], [-77.681041643, 39.175996451]]]}, "properties": {"grid_id": 424, "solar_count": 10, "solar_density": 0.4}}, {"type": "Feature", "geometry": {"type": "Polygon", "coordinates": [[[-77.681041643, 39.175996451], [-77.681041643, 39.210806943], [-77.636125879, 39.210806943], [-77.636125879, 39.175996451], [-77.681041643, 39.175996451]]]}, "properties": {"grid_id": 425, "solar_count": 10, "solar_density": 0.4}}, {"type": "Feature", "geometry": {"type": "Polygon", "coordinates": [[[-77.681041643, 39.175996451], [-77.681041643, 39.210806943], [-77.636125879, 39.210806943], [-77.636125879, 39.175996451], [-77.681041643, 39.175996451]]]}, "properties": {"grid_id": 426, "solar_count": 10, "solar_density": 0.4}}, {"type": "Feature", "geometry": {"type": "Polygon", "coordinates": [[[-77.703445626, 38.745752796], [-77.703445626, 38.780775393], [-77.658529862, 38.780775393], [-77.658529862, 38.745752796], [-77.703445626, 38.745752796]]]}, "properties": {"grid_id": 427, "solar_count": 5, "solar_density": 0.20000000000003726}}, {"type": "Feature", "geometry": {"type": "Polygon", "coordinates": [[[-77.658529862, 38.745752796], [-77.658529862, 38.780775393], [-77.613614098, 38.780775393], [-77.613614098, 38.745752796], [-77.658529862, 38.745752796]]]}, "properties": {"grid_id": 428, "solar_count": 12, "solar_density": 0.4800000000002682}}, {"type": "Feature", "geometry": {"type": "Polygon", "coordinates": [[[-77.613614098, 38.745752796], [-77.613614098, 38.780775393], [-77.568698334, 38.780775393], [-77.568698334, 38.745752796], [-77.613614098, 38.745752796]]]}, "properties": {"grid_id": 429, "solar_count": 66, "solar_density": 2.6400000000004917}}, {"type": "Feature", "geometry": {"type": "Polygon", "coordinates": [[[-77.703445626, 38.745752796], [-77.703445626, 38.780775393], [-77.658529862, 38.780775393], [-77.658529862, 38.745752796], [-77.703445626, 38.745752796]]]}, "properties": {"grid_id": 430, "solar_count": 5, "solar_density": 0.20000000000003726}}, {"type": "Feature", "geometry": {"type": "Polygon", "coordinates": [[[-77.658529862, 38.745752796], [-77.658529862, 38.780775393], [-77.613614098, 38.780775393], [-77.613614098, 38.745752796], [-77.658529862, 38.745752796]]]}, "properties": {"grid_id": 431, "solar_count": 12, "solar_density": 0.4800000000002682}}, {"type": "Feature", "geometry": {"type": "Polygon", "coordinates": [[[-77.568698334, 38.745752796], [-77.568698334, 38.780775393], [-77.523782569, 38.780775393], [-77.523782569, 38.745752796], [-77.568698334, 38.745752796]]]}, "properties": {"grid_id": 432, "solar_count": 30, "solar_density": 1.2000000000002236}}, {"type": "Feature", "geometry": {"type": "Polygon", "coordinates": [[[-77.613614098, 38.745752796], [-77.613614098, 38.780775393], [-77.568698334, 38.780775393], [-77.568698334, 38.745752796], [-77.613614098, 38.745752796]]]}, "properties": {"grid_id": 433, "solar_count": 66, "solar_density": 2.6400000000004917}}, {"type": "Feature", "geometry": {"type": "Polygon", "coordinates": [[[-77.568698334, 38.745752796], [-77.568698334, 38.780775393], [-77.523782569, 38.780775393], [-77.523782569, 38.745752796], [-77.568698334, 38.745752796]]]}, "properties": {"grid_id": 434, "solar_count": 30, "solar_density": 1.2000000000002236}}, {"type": "Feature", "geometry": {"type": "Polygon", "coordinates": [[[-77.568698334, 38.745752796], [-77.568698334, 38.780775393], [-77.523782569, 38.780775393], [-77.523782569, 38.745752796], [-77.568698334, 38.745752796]]]}, "properties": {"grid_id": 435, "solar_count": 30, "solar_density": 1.2000000000002236}}, {"type": "Feature", "geometry": {"type": "Polygon", "coordinates": [[[-77.703445626, 38.745752796], [-77.703445626, 38.780775393], [-77.658529862, 38.780775393], [-77.658529862, 38.745752796], [-77.703445626, 38.745752796]]]}, "properties": {"grid_id": 436, "solar_count": 5, "solar_density": 0.20000000000003726}}, {"type": "Feature", "geometry": {"type": "Polygon", "coordinates": [[[-77.658529862, 38.745752796], [-77.658529862, 38.780775393], [-77.613614098, 38.780775393], [-77.613614098, 38.745752796], [-77.658529862, 38.745752796]]]}, "properties": {"grid_id": 437, "solar_count": 12, "solar_density": 0.4800000000002682}}, {"type": "Feature", "geometry": {"type": "Polygon", "coordinates": [[[-77.613614098, 38.745752796], [-77.613614098, 38.780775393], [-77.568698334, 38.780775393], [-77.568698334, 38.745752796], [-77.613614098, 38.745752796]]]}, "properties": {"grid_id": 438, "solar_count": 66, "solar_density": 2.6400000000004917}}, {"type": "Feature", "geometry": {"type": "Polygon", "coordinates": [[[-77.703445626, 38.780775393], [-77.703445626, 38.815780798], [-77.658529862, 38.815780798], [-77.658529862, 38.780775393], [-77.703445626, 38.780775393]]]}, "properties": {"grid_id": 439, "solar_count": 17, "solar_density": 0.68}}, {"type": "Feature", "geometry": {"type": "Polygon", "coordinates": [[[-77.703445626, 38.780775393], [-77.703445626, 38.815780798], [-77.658529862, 38.815780798], [-77.658529862, 38.780775393], [-77.703445626, 38.780775393]]]}, "properties": {"grid_id": 440, "solar_count": 17, "solar_density": 0.68}}, {"type": "Feature", "geometry": {"type": "Polygon", "coordinates": [[[-77.658529862, 38.780775393], [-77.658529862, 38.815780798], [-77.613614098, 38.815780798], [-77.613614098, 38.780775393], [-77.658529862, 38.780775393]]]}, "properties": {"grid_id": 441, "solar_count": 55, "solar_density": 2.2000000000008195}}, {"type": "Feature", "geometry": {"type": "Polygon", "coordinates": [[[-77.613614098, 38.780775393], [-77.613614098, 38.815780798], [-77.568698334, 38.815780798], [-77.568698334, 38.780775393], [-77.613614098, 38.780775393]]]}, "properties": {"grid_id": 442, "solar_count": 8, "solar_density": 0.32}}, {"type": "Feature", "geometry": {"type": "Polygon", "coordinates": [[[-77.568698334, 38.780775393], [-77.568698334, 38.815780798], [-77.523782569, 38.815780798], [-77.523782569, 38.780775393], [-77.568698334, 38.780775393]]]}, "properties": {"grid_id": 443, "solar_count": 18, "solar_density": 0.72}}, {"type": "Feature", "geometry": {"type": "Polygon", "coordinates": [[[-77.703445626, 38.780775393], [-77.703445626, 38.815780798], [-77.658529862, 38.815780798], [-77.658529862, 38.780775393], [-77.703445626, 38.780775393]]]}, "properties": {"grid_id": 444, "solar_count": 17, "solar_density": 0.68}}, {"type": "Feature", "geometry": {"type": "Polygon", "coordinates": [[[-77.613614098, 38.780775393], [-77.613614098, 38.815780798], [-77.568698334, 38.815780798], [-77.568698334, 38.780775393], [-77.613614098, 38.780775393]]]}, "properties": {"grid_id": 445, "solar_count": 8, "solar_density": 0.32}}, {"type": "Feature", "geometry": {"type": "Polygon", "coordinates": [[[-77.568698334, 38.780775393], [-77.568698334, 38.815780798], [-77.523782569, 38.815780798], [-77.523782569, 38.780775393], [-77.568698334, 38.780775393]]]}, "properties": {"grid_id": 446, "solar_count": 18, "solar_density": 0.72}}, {"type": "Feature", "geometry": {"type": "Polygon", "coordinates": [[[-77.613614098, 38.780775393], [-77.613614098, 38.815780798], [-77.568698334, 38.815780798], [-77.568698334, 38.780775393], [-77.613614098, 38.780775393]]]}, "properties": {"grid_id": 447, "solar_count": 8, "solar_density": 0.32}}, {"type": "Feature", "geometry": {"type": "Polygon", "coordinates": [[[-77.568698334, 38.780775393], [-77.568698334, 38.815780798], [-77.523782569, 38.815780798], [-77.523782569, 38.780775393], [-77.568698334, 38.780775393]]]}, "properties": {"grid_id": 448, "solar_count": 18, "solar_density": 0.72}}, {"type": "Feature", "geometry": {"type": "Polygon", "coordinates": [[[-77.703445626, 38.780775393], [-77.703445626, 38.815780798], [-77.658529862, 38.815780798], [-77.658529862, 38.780775393], [-77.703445626, 38.780775393]]]}, "properties": {"grid_id": 449, "solar_count": 17, "solar_density": 0.68}}, {"type": "Feature", "geometry": {"type": "Polygon", "coordinates": [[[-77.658529862, 38.780775393], [-77.658529862, 38.815780798], [-77.613614098, 38.815780798], [-77.613614098, 38.780775393], [-77.658529862, 38.780775393]]]}, "properties": {"grid_id": 450, "solar_count": 55, "solar_density": 2.2000000000008195}}, {"type": "Feature", "geometry": {"type": "Polygon", "coordinates": [[[-77.703445626, 38.815780798], [-77.703445626, 38.850769006], [-77.658529862, 38.850769006], [-77.658529862, 38.815780798], [-77.703445626, 38.815780798]]]}, "properties": {"grid_id": 451, "solar_count": 9, "solar_density": 0.36000000000006704}}, {"type": "Feature", "geometry": {"type": "Polygon", "coordinates": [[[-77.613614098, 38.815780798], [-77.613614098, 38.850769006], [-77.568698334, 38.850769006], [-77.568698334, 38.815780798], [-77.613614098, 38.815780798]]]}, "properties": {"grid_id": 452, "solar_count": 6, "solar_density": 0.2400000000000447}}, {"type": "Feature", "geometry": {"type": "Polygon", "coordinates": [[[-77.568698334, 38.815780798], [-77.568698334, 38.850769006], [-77.523782569, 38.850769006], [-77.523782569, 38.815780798], [-77.568698334, 38.815780798]]]}, "properties": {"grid_id": 453, "solar_count": 12, "solar_density": 0.4800000000000894}}, {"type": "Feature", "geometry": {"type": "Polygon", "coordinates": [[[-77.703445626, 38.815780798], [-77.703445626, 38.850769006], [-77.658529862, 38.850769006], [-77.658529862, 38.815780798], [-77.703445626, 38.815780798]]]}, "properties": {"grid_id": 454, "solar_count": 9, "solar_density": 0.36000000000006704}}, {"type": "Feature", "geometry": {"type": "Polygon", "coordinates": [[[-77.658529862, 38.815780798], [-77.658529862, 38.850769006], [-77.613614098, 38.850769006], [-77.613614098, 38.815780798], [-77.658529862, 38.815780798]]]}, "properties": {"grid_id": 455, "solar_count": 28, "solar_density": 1.1200000000006258}}, {"type": "Feature", "geometry": {"type": "Polygon", "coordinates": [[[-77.613614098, 38.815780798], [-77.613614098, 38.850769006], [-77.568698334, 38.850769006], [-77.568698334, 38.815780798], [-77.613614098, 38.815780798]]]}, "properties": {"grid_id": 456, "solar_count": 6, "solar_density": 0.2400000000000447}}, {"type": "Feature", "geometry": {"type": "Polygon", "coordinates": [[[-77.568698334, 38.815780798], [-77.568698334, 38.850769006], [-77.523782569, 38.850769006], [-77.523782569, 38.815780798], [-77.568698334, 38.815780798]]]}, "properties": {"grid_id": 457, "solar_count": 12, "solar_density": 0.4800000000000894}}, {"type": "Feature", "geometry": {"type": "Polygon", "coordinates": [[[-77.568698334, 38.815780798], [-77.568698334, 38.850769006], [-77.523782569, 38.850769006], [-77.523782569, 38.815780798], [-77.568698334, 38.815780798]]]}, "properties": {"grid_id": 458, "solar_count": 12, "solar_density": 0.4800000000000894}}, {"type": "Feature", "geometry": {"type": "Polygon", "coordinates": [[[-77.613614098, 38.815780798], [-77.613614098, 38.850769006], [-77.568698334, 38.850769006], [-77.568698334, 38.815780798], [-77.613614098, 38.815780798]]]}, "properties": {"grid_id": 459, "solar_count": 6, "solar_density": 0.2400000000000447}}, {"type": "Feature", "geometry": {"type": "Polygon", "coordinates": [[[-77.568698334, 38.815780798], [-77.568698334, 38.850769006], [-77.523782569, 38.850769006], [-77.523782569, 38.815780798], [-77.568698334, 38.815780798]]]}, "properties": {"grid_id": 460, "solar_count": 12, "solar_density": 0.4800000000000894}}, {"type": "Feature", "geometry": {"type": "Polygon", "coordinates": [[[-77.703445626, 38.815780798], [-77.703445626, 38.850769006], [-77.658529862, 38.850769006], [-77.658529862, 38.815780798], [-77.703445626, 38.815780798]]]}, "properties": {"grid_id": 461, "solar_count": 9, "solar_density": 0.36000000000006704}}, {"type": "Feature", "geometry": {"type": "Polygon", "coordinates": [[[-77.658529862, 38.815780798], [-77.658529862, 38.850769006], [-77.613614098, 38.850769006], [-77.613614098, 38.815780798], [-77.658529862, 38.815780798]]]}, "properties": {"grid_id": 462, "solar_count": 28, "solar_density": 1.1200000000006258}}, {"type": "Feature", "geometry": {"type": "Polygon", "coordinates": [[[-77.613614098, 38.815780798], [-77.613614098, 38.850769006], [-77.568698334, 38.850769006], [-77.568698334, 38.815780798], [-77.613614098, 38.815780798]]]}, "properties": {"grid_id": 463, "solar_count": 6, "solar_density": 0.2400000000000447}}, {"type": "Feature", "geometry": {"type": "Polygon", "coordinates": [[[-77.703445626, 38.815780798], [-77.703445626, 38.850769006], [-77.658529862, 38.850769006], [-77.658529862, 38.815780798], [-77.703445626, 38.815780798]]]}, "properties": {"grid_id": 464, "solar_count": 9, "solar_density": 0.36000000000006704}}, {"type": "Feature", "geometry": {"type": "Polygon", "coordinates": [[[-77.568698334, 38.815780798], [-77.568698334, 38.850769006], [-77.523782569, 38.850769006], [-77.523782569, 38.815780798], [-77.568698334, 38.815780798]]]}, "properties": {"grid_id": 465, "solar_count": 12, "solar_density": 0.4800000000000894}}, {"type": "Feature", "geometry": {"type": "Polygon", "coordinates": [[[-77.613614098, 38.850769006], [-77.613614098, 38.885740013], [-77.568698334, 38.885740013], [-77.568698334, 38.850769006], [-77.613614098, 38.850769006]]]}, "properties": {"grid_id": 466, "solar_count": 5, "solar_density": 0.2}}, {"type": "Feature", "geometry": {"type": "Polygon", "coordinates": [[[-77.568698334, 38.850769006], [-77.568698334, 38.885740013], [-77.523782569, 38.885740013], [-77.523782569, 38.850769006], [-77.568698334, 38.850769006]]]}, "properties": {"grid_id": 467, "solar_count": 26, "solar_density": 1.04}}, {"type": "Feature", "geometry": {"type": "Polygon", "coordinates": [[[-77.658529862, 38.850769006], [-77.658529862, 38.885740013], [-77.613614098, 38.885740013], [-77.613614098, 38.850769006], [-77.658529862, 38.850769006]]]}, "properties": {"grid_id": 468, "solar_count": 21, "solar_density": 0.8400000000003128}}, {"type": "Feature", "geometry": {"type": "Polygon", "coordinates": [[[-77.613614098, 38.850769006], [-77.613614098, 38.885740013], [-77.568698334, 38.885740013], [-77.568698334, 38.850769006], [-77.613614098, 38.850769006]]]}, "properties": {"grid_id": 469, "solar_count": 5, "solar_density": 0.2}}, {"type": "Feature", "geometry": {"type": "Polygon", "coordinates": [[[-77.568698334, 38.850769006], [-77.568698334, 38.885740013], [-77.523782569, 38.885740013], [-77.523782569, 38.850769006], [-77.568698334, 38.850769006]]]}, "properties": {"grid_id": 470, "solar_count": 26, "solar_density": 1.04}}, {"type": "Feature", "geometry": {"type": "Polygon", "coordinates": [[[-77.703445626, 38.850769006], [-77.703445626, 38.885740013], [-77.658529862, 38.885740013], [-77.658529862, 38.850769006], [-77.703445626, 38.850769006]]]}, "properties": {"grid_id": 471, "solar_count": 8, "solar_density": 0.32}}, {"type": "Feature", "geometry": {"type": "Polygon", "coordinates": [[[-77.658529862, 38.850769006], [-77.658529862, 38.885740013], [-77.613614098, 38.885740013], [-77.613614098, 38.850769006], [-77.658529862, 38.850769006]]]}, "properties": {"grid_id": 472, "solar_count": 21, "solar_density": 0.8400000000003128}}, {"type": "Feature", "geometry": {"type": "Polygon", "coordinates": [[[-77.613614098, 38.850769006], [-77.613614098, 38.885740013], [-77.568698334, 38.885740013], [-77.568698334, 38.850769006], [-77.613614098, 38.850769006]]]}, "properties": {"grid_id": 473, "solar_count": 5, "solar_density": 0.2}}, {"type": "Feature", "geometry": {"type": "Polygon", "coordinates": [[[-77.703445626, 38.850769006], [-77.703445626, 38.885740013], [-77.658529862, 38.885740013], [-77.658529862, 38.850769006], [-77.703445626, 38.850769006]]]}, "properties": {"grid_id": 474, "solar_count": 8, "solar_density": 0.32}}, {"type": "Feature", "geometry": {"type": "Polygon", "coordinates": [[[-77.568698334, 38.850769006], [-77.568698334, 38.885740013], [-77.523782569, 38.885740013], [-77.523782569, 38.850769006], [-77.568698334, 38.850769006]]]}, "properties": {"grid_id": 475, "solar_count": 26, "solar_density": 1.04}}, {"type": "Feature", "geometry": {"type": "Polygon", "coordinates": [[[-77.484975349, 38.489328379], [-77.484975349, 38.524476453], [-77.440059585, 38.524476453], [-77.440059585, 38.489328379], [-77.484975349, 38.489328379]]]}, "properties": {"grid_id": 476, "solar_count": 0, "solar_density": 0}}, {"type": "Feature", "geometry": {"type": "Polygon", "coordinates": [[[-77.440059585, 38.489328379], [-77.440059585, 38.524476453], [-77.395143821, 38.524476453], [-77.395143821, 38.489328379], [-77.440059585, 38.489328379]]]}, "properties": {"grid_id": 477, "solar_count": 0, "solar_density": 0}}, {"type": "Feature", "geometry": {"type": "Polygon", "coordinates": [[[-77.395143821, 38.489328379], [-77.395143821, 38.524476453], [-77.350228057, 38.524476453], [-77.350228057, 38.489328379], [-77.395143821, 38.489328379]]]}, "properties": {"grid_id": 478, "solar_count": 0, "solar_density": 0}}, {"type": "Feature", "geometry": {"type": "Polygon", "coordinates": [[[-77.529891113, 38.489328379], [-77.529891113, 38.524476453], [-77.484975349, 38.524476453], [-77.484975349, 38.489328379], [-77.529891113, 38.489328379]]]}, "properties": {"grid_id": 479, "solar_count": 7, "solar_density": 0.2799999999998957}}, {"type": "Feature", "geometry": {"type": "Polygon", "coordinates": [[[-77.484975349, 38.489328379], [-77.484975349, 38.524476453], [-77.440059585, 38.524476453], [-77.440059585, 38.489328379], [-77.484975349, 38.489328379]]]}, "properties": {"grid_id": 480, "solar_count": 0, "solar_density": 0}}, {"type": "Feature", "geometry": {"type": "Polygon", "coordinates": [[[-77.440059585, 38.489328379], [-77.440059585, 38.524476453], [-77.395143821, 38.524476453], [-77.395143821, 38.489328379], [-77.440059585, 38.489328379]]]}, "properties": {"grid_id": 481, "solar_count": 0, "solar_density": 0}}, {"type": "Feature", "geometry": {"type": "Polygon", "coordinates": [[[-77.440059585, 38.524476453], [-77.440059585, 38.559607369], [-77.395143821, 38.559607369], [-77.395143821, 38.524476453], [-77.440059585, 38.524476453]]]}, "properties": {"grid_id": 482, "solar_count": 0, "solar_density": 0}}, {"type": "Feature", "geometry": {"type": "Polygon", "coordinates": [[[-77.395143821, 38.524476453], [-77.395143821, 38.559607369], [-77.350228057, 38.559607369], [-77.350228057, 38.524476453], [-77.395143821, 38.524476453]]]}, "properties": {"grid_id": 483, "solar_count": 0, "solar_density": 0}}, {"type": "Feature", "geometry": {"type": "Polygon", "coordinates": [[[-77.529891113, 38.524476453], [-77.529891113, 38.559607369], [-77.484975349, 38.559607369], [-77.484975349, 38.524476453], [-77.529891113, 38.524476453]]]}, "properties": {"grid_id": 484, "solar_count": 0, "solar_density": 0}}, {"type": "Feature", "geometry": {"type": "Polygon", "coordinates": [[[-77.484975349, 38.524476453], [-77.484975349, 38.559607369], [-77.440059585, 38.559607369], [-77.440059585, 38.524476453], [-77.484975349, 38.524476453]]]}, "properties": {"grid_id": 485, "solar_count": 0, "solar_density": 0}}, {"type": "Feature", "geometry": {"type": "Polygon", "coordinates": [[[-77.440059585, 38.524476453], [-77.440059585, 38.559607369], [-77.395143821, 38.559607369], [-77.395143821, 38.524476453], [-77.440059585, 38.524476453]]]}, "properties": {"grid_id": 486, "solar_count": 0, "solar_density": 0}}, {"type": "Feature", "geometry": {"type": "Polygon", "coordinates": [[[-77.395143821, 38.524476453], [-77.395143821, 38.559607369], [-77.350228057, 38.559607369], [-77.350228057, 38.524476453], [-77.395143821, 38.524476453]]]}, "properties": {"grid_id": 487, "solar_count": 0, "solar_density": 0}}, {"type": "Feature", "geometry": {"type": "Polygon", "coordinates": [[[-77.529891113, 38.524476453], [-77.529891113, 38.559607369], [-77.484975349, 38.559607369], [-77.484975349, 38.524476453], [-77.529891113, 38.524476453]]]}, "properties": {"grid_id": 488, "solar_count": 0, "solar_density": 0}}, {"type": "Feature", "geometry": {"type": "Polygon", "coordinates": [[[-77.529891113, 38.524476453], [-77.529891113, 38.559607369], [-77.484975349, 38.559607369], [-77.484975349, 38.524476453], [-77.529891113, 38.524476453]]]}, "properties": {"grid_id": 489, "solar_count": 0, "solar_density": 0}}, {"type": "Feature", "geometry": {"type": "Polygon", "coordinates": [[[-77.484975349, 38.524476453], [-77.484975349, 38.559607369], [-77.440059585, 38.559607369], [-77.440059585, 38.524476453], [-77.484975349, 38.524476453]]]}, "properties": {"grid_id": 490, "solar_count": 0, "solar_density": 0}}, {"type": "Feature", "geometry": {"type": "Polygon", "coordinates": [[[-77.484975349, 38.559607369], [-77.484975349, 38.594721122], [-77.440059585, 38.594721122], [-77.440059585, 38.559607369], [-77.484975349, 38.559607369]]]}, "properties": {"grid_id": 491, "solar_count": 0, "solar_density": 0}}, {"type": "Feature", "geometry": {"type": "Polygon", "coordinates": [[[-77.440059585, 38.559607369], [-77.440059585, 38.594721122], [-77.395143821, 38.594721122], [-77.395143821, 38.559607369], [-77.440059585, 38.559607369]]]}, "properties": {"grid_id": 492, "solar_count": 0, "solar_density": 0}}, {"type": "Feature", "geometry": {"type": "Polygon", "coordinates": [[[-77.395143821, 38.559607369], [-77.395143821, 38.594721122], [-77.350228057, 38.594721122], [-77.350228057, 38.559607369], [-77.395143821, 38.559607369]]]}, "properties": {"grid_id": 493, "solar_count": 0, "solar_density": 0}}, {"type": "Feature", "geometry": {"type": "Polygon", "coordinates": [[[-77.529891113, 38.559607369], [-77.529891113, 38.594721122], [-77.484975349, 38.594721122], [-77.484975349, 38.559607369], [-77.529891113, 38.559607369]]]}, "properties": {"grid_id": 494, "solar_count": 0, "solar_density": 0}}, {"type": "Feature", "geometry": {"type": "Polygon", "coordinates": [[[-77.484975349, 38.559607369], [-77.484975349, 38.594721122], [-77.440059585, 38.594721122], [-77.440059585, 38.559607369], [-77.484975349, 38.559607369]]]}, "properties": {"grid_id": 495, "solar_count": 0, "solar_density": 0}}, {"type": "Feature", "geometry": {"type": "Polygon", "coordinates": [[[-77.440059585, 38.559607369], [-77.440059585, 38.594721122], [-77.395143821, 38.594721122], [-77.395143821, 38.559607369], [-77.440059585, 38.559607369]]]}, "properties": {"grid_id": 496, "solar_count": 0, "solar_density": 0}}, {"type": "Feature", "geometry": {"type": "Polygon", "coordinates": [[[-77.395143821, 38.559607369], [-77.395143821, 38.594721122], [-77.350228057, 38.594721122], [-77.350228057, 38.559607369], [-77.395143821, 38.559607369]]]}, "properties": {"grid_id": 497, "solar_count": 0, "solar_density": 0}}, {"type": "Feature", "geometry": {"type": "Polygon", "coordinates": [[[-77.529891113, 38.559607369], [-77.529891113, 38.594721122], [-77.484975349, 38.594721122], [-77.484975349, 38.559607369], [-77.529891113, 38.559607369]]]}, "properties": {"grid_id": 498, "solar_count": 0, "solar_density": 0}}, {"type": "Feature", "geometry": {"type": "Polygon", "coordinates": [[[-77.484975349, 38.559607369], [-77.484975349, 38.594721122], [-77.440059585, 38.594721122], [-77.440059585, 38.559607369], [-77.484975349, 38.559607369]]]}, "properties": {"grid_id": 499, "solar_count": 0, "solar_density": 0}}, {"type": "Feature", "geometry": {"type": "Polygon", "coordinates": [[[-77.395143821, 38.559607369], [-77.395143821, 38.594721122], [-77.350228057, 38.594721122], [-77.350228057, 38.559607369], [-77.395143821, 38.559607369]]]}, "properties": {"grid_id": 500, "solar_count": 0, "solar_density": 0}}, {"type": "Feature", "geometry": {"type": "Polygon", "coordinates": [[[-77.403641883, 38.603061626], [-77.403641883, 38.638154133], [-77.358726119, 38.638154133], [-77.358726119, 38.603061626], [-77.403641883, 38.603061626]]]}, "properties": {"grid_id": 501, "solar_count": 61, "solar_density": 2.4400000000004547}}, {"type": "Feature", "geometry": {"type": "Polygon", "coordinates": [[[-77.403641883, 38.603061626], [-77.403641883, 38.638154133], [-77.358726119, 38.638154133], [-77.358726119, 38.603061626], [-77.403641883, 38.603061626]]]}, "properties": {"grid_id": 502, "solar_count": 61, "solar_density": 2.4400000000004547}}, {"type": "Feature", "geometry": {"type": "Polygon", "coordinates": [[[-77.358726119, 38.603061626], [-77.358726119, 38.638154133], [-77.313810355, 38.638154133], [-77.313810355, 38.603061626], [-77.358726119, 38.603061626]]]}, "properties": {"grid_id": 503, "solar_count": 62, "solar_density": 2.480000000000462}}, {"type": "Feature", "geometry": {"type": "Polygon", "coordinates": [[[-77.313810355, 38.603061626], [-77.313810355, 38.638154133], [-77.268894591, 38.638154133], [-77.268894591, 38.603061626], [-77.313810355, 38.603061626]]]}, "properties": {"grid_id": 504, "solar_count": 21, "solar_density": 0.8400000000001565}}, {"type": "Feature", "geometry": {"type": "Polygon", "coordinates": [[[-77.313810355, 38.603061626], [-77.313810355, 38.638154133], [-77.268894591, 38.638154133], [-77.268894591, 38.603061626], [-77.313810355, 38.603061626]]]}, "properties": {"grid_id": 505, "solar_count": 21, "solar_density": 0.8400000000001565}}, {"type": "Feature", "geometry": {"type": "Polygon", "coordinates": [[[-77.403641883, 38.603061626], [-77.403641883, 38.638154133], [-77.358726119, 38.638154133], [-77.358726119, 38.603061626], [-77.403641883, 38.603061626]]]}, "properties": {"grid_id": 506, "solar_count": 61, "solar_density": 2.4400000000004547}}, {"type": "Feature", "geometry": {"type": "Polygon", "coordinates": [[[-77.358726119, 38.603061626], [-77.358726119, 38.638154133], [-77.313810355, 38.638154133], [-77.313810355, 38.603061626], [-77.358726119, 38.603061626]]]}, "properties": {"grid_id": 507, "solar_count": 62, "solar_density": 2.480000000000462}}, {"type": "Feature", "geometry": {"type": "Polygon", "coordinates": [[[-77.313810355, 38.603061626], [-77.313810355, 38.638154133], [-77.268894591, 38.638154133], [-77.268894591, 38.603061626], [-77.313810355, 38.603061626]]]}, "properties": {"grid_id": 508, "solar_count": 21, "solar_density": 0.8400000000001565}}, {"type": "Feature", "geometry": {"type": "Polygon", "coordinates": [[[-77.403641883, 38.638154133], [-77.403641883, 38.673229467], [-77.358726119, 38.673229467], [-77.358726119, 38.638154133], [-77.403641883, 38.638154133]]]}, "properties": {"grid_id": 509, "solar_count": 107, "solar_density": 4.28}}, {"type": "Feature", "geometry": {"type": "Polygon", "coordinates": [[[-77.403641883, 38.638154133], [-77.403641883, 38.673229467], [-77.358726119, 38.673229467], [-77.358726119, 38.638154133], [-77.403641883, 38.638154133]]]}, "properties": {"grid_id": 510, "solar_count": 107, "solar_density": 4.28}}, {"type": "Feature", "geometry": {"type": "Polygon", "coordinates": [[[-77.358726119, 38.638154133], [-77.358726119, 38.673229467], [-77.313810355, 38.673229467], [-77.313810355, 38.638154133], [-77.358726119, 38.638154133]]]}, "properties": {"grid_id": 511, "solar_count": 14, "solar_density": 0.56}}, {"type": "Feature", "geometry": {"type": "Polygon", "coordinates": [[[-77.313810355, 38.638154133], [-77.313810355, 38.673229467], [-77.268894591, 38.673229467], [-77.268894591, 38.638154133], [-77.313810355, 38.638154133]]]}, "properties": {"grid_id": 512, "solar_count": 2, "solar_density": 0.08}}, {"type": "Feature", "geometry": {"type": "Polygon", "coordinates": [[[-77.313810355, 38.638154133], [-77.313810355, 38.673229467], [-77.268894591, 38.673229467], [-77.268894591, 38.638154133], [-77.313810355, 38.638154133]]]}, "properties": {"grid_id": 513, "solar_count": 2, "solar_density": 0.08}}, {"type": "Feature", "geometry": {"type": "Polygon", "coordinates": [[[-77.403641883, 38.673229467], [-77.403641883, 38.708287623], [-77.358726119, 38.708287623], [-77.358726119, 38.673229467], [-77.403641883, 38.673229467]]]}, "properties": {"grid_id": 514, "solar_count": 10, "solar_density": 0.39999999999985103}}, {"type": "Feature", "geometry": {"type": "Polygon", "coordinates": [[[-77.403641883, 38.673229467], [-77.403641883, 38.708287623], [-77.358726119, 38.708287623], [-77.358726119, 38.673229467], [-77.403641883, 38.673229467]]]}, "properties": {"grid_id": 515, "solar_count": 10, "solar_density": 0.39999999999985103}}, {"type": "Feature", "geometry": {"type": "Polygon", "coordinates": [[[-77.403641883, 38.673229467], [-77.403641883, 38.708287623], [-77.358726119, 38.708287623], [-77.358726119, 38.673229467], [-77.403641883, 38.673229467]]]}, "properties": {"grid_id": 516, "solar_count": 10, "solar_density": 0.39999999999985103}}, {"type": "Feature", "geometry": {"type": "Polygon", "coordinates": [[[-77.552968833, 38.846207519], [-77.552968833, 38.881180769], [-77.508053069, 38.881180769], [-77.508053069, 38.846207519], [-77.552968833, 38.846207519]]]}, "properties": {"grid_id": 517, "solar_count": 28, "solar_density": 1.1200000000006258}}, {"type": "Feature", "geometry": {"type": "Polygon", "coordinates": [[[-77.552968833, 38.846207519], [-77.552968833, 38.881180769], [-77.508053069, 38.881180769], [-77.508053069, 38.846207519], [-77.552968833, 38.846207519]]]}, "properties": {"grid_id": 518, "solar_count": 28, "solar_density": 1.1200000000006258}}, {"type": "Feature", "geometry": {"type": "Polygon", "coordinates": [[[-77.552968833, 38.846207519], [-77.552968833, 38.881180769], [-77.508053069, 38.881180769], [-77.508053069, 38.846207519], [-77.552968833, 38.846207519]]]}, "properties": {"grid_id": 519, "solar_count": 28, "solar_density": 1.1200000000006258}}, {"type": "Feature", "geometry": {"type": "Polygon", "coordinates": [[[-77.508053069, 38.846207519], [-77.508053069, 38.881180769], [-77.463137305, 38.881180769], [-77.463137305, 38.846207519], [-77.508053069, 38.846207519]]]}, "properties": {"grid_id": 520, "solar_count": 24, "solar_density": 0.9600000000001788}}, {"type": "Feature", "geometry": {"type": "Polygon", "coordinates": [[[-77.552968833, 38.846207519], [-77.552968833, 38.881180769], [-77.508053069, 38.881180769], [-77.508053069, 38.846207519], [-77.552968833, 38.846207519]]]}, "properties": {"grid_id": 521, "solar_count": 28, "solar_density": 1.1200000000006258}}, {"type": "Feature", "geometry": {"type": "Polygon", "coordinates": [[[-77.508053069, 38.846207519], [-77.508053069, 38.881180769], [-77.463137305, 38.881180769], [-77.463137305, 38.846207519], [-77.508053069, 38.846207519]]]}, "properties": {"grid_id": 522, "solar_count": 24, "solar_density": 0.9600000000001788}}, {"type": "Feature", "geometry": {"type": "Polygon", "coordinates": [[[-77.552968833, 38.881180769], [-77.552968833, 38.916136814], [-77.508053069, 38.916136814], [-77.508053069, 38.881180769], [-77.552968833, 38.881180769]]]}, "properties": {"grid_id": 523, "solar_count": 110, "solar_density": 4.40000000000082}}, {"type": "Feature", "geometry": {"type": "Polygon", "coordinates": [[[-77.552968833, 38.881180769], [-77.552968833, 38.916136814], [-77.508053069, 38.916136814], [-77.508053069, 38.881180769], [-77.552968833, 38.881180769]]]}, "properties": {"grid_id": 524, "solar_count": 110, "solar_density": 4.40000000000082}}, {"type": "Feature", "geometry": {"type": "Polygon", "coordinates": [[[-77.508053069, 38.881180769], [-77.508053069, 38.916136814], [-77.463137305, 38.916136814], [-77.463137305, 38.881180769], [-77.508053069, 38.881180769]]]}, "properties": {"grid_id": 525, "solar_count": 52, "solar_density": 2.0799999999996124}}, {"type": "Feature", "geometry": {"type": "Polygon", "coordinates": [[[-77.552968833, 38.881180769], [-77.552968833, 38.916136814], [-77.508053069, 38.916136814], [-77.508053069, 38.881180769], [-77.552968833, 38.881180769]]]}, "properties": {"grid_id": 526, "solar_count": 110, "solar_density": 4.40000000000082}}, {"type": "Feature", "geometry": {"type": "Polygon", "coordinates": [[[-77.508053069, 38.881180769], [-77.508053069, 38.916136814], [-77.463137305, 38.916136814], [-77.463137305, 38.881180769], [-77.508053069, 38.881180769]]]}, "properties": {"grid_id": 527, "solar_count": 52, "solar_density": 2.0799999999996124}}, {"type": "Feature", "geometry": {"type": "Polygon", "coordinates": [[[-77.552968833, 38.881180769], [-77.552968833, 38.916136814], [-77.508053069, 38.916136814], [-77.508053069, 38.881180769], [-77.552968833, 38.881180769]]]}, "properties": {"grid_id": 528, "solar_count": 110, "solar_density": 4.40000000000082}}, {"type": "Feature", "geometry": {"type": "Polygon", "coordinates": [[[-77.508053069, 38.881180769], [-77.508053069, 38.916136814], [-77.463137305, 38.916136814], [-77.463137305, 38.881180769], [-77.508053069, 38.881180769]]]}, "properties": {"grid_id": 529, "solar_count": 52, "solar_density": 2.0799999999996124}}, {"type": "Feature", "geometry": {"type": "Polygon", "coordinates": [[[-77.552968833, 38.916136814], [-77.552968833, 38.951075649], [-77.508053069, 38.951075649], [-77.508053069, 38.916136814], [-77.552968833, 38.916136814]]]}, "properties": {"grid_id": 530, "solar_count": 51, "solar_density": 2.04000000000076}}, {"type": "Feature", "geometry": {"type": "Polygon", "coordinates": [[[-77.508053069, 38.916136814], [-77.508053069, 38.951075649], [-77.463137305, 38.951075649], [-77.463137305, 38.916136814], [-77.508053069, 38.916136814]]]}, "properties": {"grid_id": 531, "solar_count": 2, "solar_density": 0.08}}, {"type": "Feature", "geometry": {"type": "Polygon", "coordinates": [[[-77.552968833, 38.916136814], [-77.552968833, 38.951075649], [-77.508053069, 38.951075649], [-77.508053069, 38.916136814], [-77.552968833, 38.916136814]]]}, "properties": {"grid_id": 532, "solar_count": 51, "solar_density": 2.04000000000076}}, {"type": "Feature", "geometry": {"type": "Polygon", "coordinates": [[[-77.552968833, 38.916136814], [-77.552968833, 38.951075649], [-77.508053069, 38.951075649], [-77.508053069, 38.916136814], [-77.552968833, 38.916136814]]]}, "properties": {"grid_id": 533, "solar_count": 51, "solar_density": 2.04000000000076}}, {"type": "Feature", "geometry": {"type": "Polygon", "coordinates": [[[-77.508053069, 38.916136814], [-77.508053069, 38.951075649], [-77.463137305, 38.951075649], [-77.463137305, 38.916136814], [-77.508053069, 38.916136814]]]}, "properties": {"grid_id": 534, "solar_count": 2, "solar_density": 0.08}}, {"type": "Feature", "geometry": {"type": "Polygon", "coordinates": [[[-77.552968833, 38.916136814], [-77.552968833, 38.951075649], [-77.508053069, 38.951075649], [-77.508053069, 38.916136814], [-77.552968833, 38.916136814]]]}, "properties": {"grid_id": 535, "solar_count": 51, "solar_density": 2.04000000000076}}, {"type": "Feature", "geometry": {"type": "Polygon", "coordinates": [[[-77.508053069, 38.916136814], [-77.508053069, 38.951075649], [-77.463137305, 38.951075649], [-77.463137305, 38.916136814], [-77.508053069, 38.916136814]]]}, "properties": {"grid_id": 536, "solar_count": 2, "solar_density": 0.08}}, {"type": "Feature", "geometry": {"type": "Polygon", "coordinates": [[[-77.552968833, 38.951075649], [-77.552968833, 38.985997269], [-77.508053069, 38.985997269], [-77.508053069, 38.951075649], [-77.552968833, 38.951075649]]]}, "properties": {"grid_id": 537, "solar_count": 170, "solar_density": 6.8000000000037994}}, {"type": "Feature", "geometry": {"type": "Polygon", "coordinates": [[[-77.508053069, 38.951075649], [-77.508053069, 38.985997269], [-77.463137305, 38.985997269], [-77.463137305, 38.951075649], [-77.508053069, 38.951075649]]]}, "properties": {"grid_id": 538, "solar_count": 29, "solar_density": 1.1600000000002162}}, {"type": "Feature", "geometry": {"type": "Polygon", "coordinates": [[[-77.552968833, 38.951075649], [-77.552968833, 38.985997269], [-77.508053069, 38.985997269], [-77.508053069, 38.951075649], [-77.552968833, 38.951075649]]]}, "properties": {"grid_id": 539, "solar_count": 170, "solar_density": 6.8000000000037994}}, {"type": "Feature", "geometry": {"type": "Polygon", "coordinates": [[[-77.508053069, 38.951075649], [-77.508053069, 38.985997269], [-77.463137305, 38.985997269], [-77.463137305, 38.951075649], [-77.508053069, 38.951075649]]]}, "properties": {"grid_id": 540, "solar_count": 29, "solar_density": 1.1600000000002162}}, {"type": "Feature", "geometry": {"type": "Polygon", "coordinates": [[[-77.552968833, 38.951075649], [-77.552968833, 38.985997269], [-77.508053069, 38.985997269], [-77.508053069, 38.951075649], [-77.552968833, 38.951075649]]]}, "properties": {"grid_id": 541, "solar_count": 170, "solar_density": 6.8000000000037994}}, {"type": "Feature", "geometry": {"type": "Polygon", "coordinates": [[[-77.508053069, 38.951075649], [-77.508053069, 38.985997269], [-77.463137305, 38.985997269], [-77.463137305, 38.951075649], [-77.508053069, 38.951075649]]]}, "properties": {"grid_id": 542, "solar_count": 29, "solar_density": 1.1600000000002162}}, {"type": "Feature", "geometry": {"type": "Polygon", "coordinates": [[[-77.552968833, 38.951075649], [-77.552968833, 38.985997269], [-77.508053069, 38.985997269], [-77.508053069, 38.951075649], [-77.552968833, 38.951075649]]]}, "properties": {"grid_id": 543, "solar_count": 170, "solar_density": 6.8000000000037994}}, {"type": "Feature", "geometry": {"type": "Polygon", "coordinates": [[[-77.414394717, 38.987400759], [-77.414394717, 39.022304468], [-77.369478953, 39.022304468], [-77.369478953, 38.987400759], [-77.414394717, 38.987400759]]]}, "properties": {"grid_id": 544, "solar_count": 0, "solar_density": 0}}, {"type": "Feature", "geometry": {"type": "Polygon", "coordinates": [[[-77.414394717, 38.987400759], [-77.414394717, 39.022304468], [-77.369478953, 39.022304468], [-77.369478953, 38.987400759], [-77.414394717, 38.987400759]]]}, "properties": {"grid_id": 545, "solar_count": 0, "solar_density": 0}}, {"type": "Feature", "geometry": {"type": "Polygon", "coordinates": [[[-77.728589471, 38.681055937], [-77.728589471, 38.716110258], [-77.683673707, 38.716110258], [-77.683673707, 38.681055937], [-77.728589471, 38.681055937]]]}, "properties": {"grid_id": 546, "solar_count": 7, "solar_density": 0.28}}, {"type": "Feature", "geometry": {"type": "Polygon", "coordinates": [[[-77.683673707, 38.681055937], [-77.683673707, 38.716110258], [-77.638757943, 38.716110258], [-77.638757943, 38.681055937], [-77.683673707, 38.681055937]]]}, "properties": {"grid_id": 547, "solar_count": 5, "solar_density": 0.19999999999992552}}, {"type": "Feature", "geometry": {"type": "Polygon", "coordinates": [[[-77.773505235, 38.681055937], [-77.773505235, 38.716110258], [-77.728589471, 38.716110258], [-77.728589471, 38.681055937], [-77.773505235, 38.681055937]]]}, "properties": {"grid_id": 548, "solar_count": 1, "solar_density": 0.04}}, {"type": "Feature", "geometry": {"type": "Polygon", "coordinates": [[[-77.728589471, 38.681055937], [-77.728589471, 38.716110258], [-77.683673707, 38.716110258], [-77.683673707, 38.681055937], [-77.728589471, 38.681055937]]]}, "properties": {"grid_id": 549, "solar_count": 7, "solar_density": 0.28}}, {"type": "Feature", "geometry": {"type": "Polygon", "coordinates": [[[-77.728589471, 38.681055937], [-77.728589471, 38.716110258], [-77.683673707, 38.716110258], [-77.683673707, 38.681055937], [-77.728589471, 38.681055937]]]}, "properties": {"grid_id": 550, "solar_count": 7, "solar_density": 0.28}}, {"type": "Feature", "geometry": {"type": "Polygon", "coordinates": [[[-77.683673707, 38.681055937], [-77.683673707, 38.716110258], [-77.638757943, 38.716110258], [-77.638757943, 38.681055937], [-77.683673707, 38.681055937]]]}, "properties": {"grid_id": 551, "solar_count": 5, "solar_density": 0.19999999999992552}}, {"type": "Feature", "geometry": {"type": "Polygon", "coordinates": [[[-77.728589471, 38.716110258], [-77.728589471, 38.751147396], [-77.683673707, 38.751147396], [-77.683673707, 38.716110258], [-77.728589471, 38.716110258]]]}, "properties": {"grid_id": 552, "solar_count": 26, "solar_density": 1.04}}, {"type": "Feature", "geometry": {"type": "Polygon", "coordinates": [[[-77.683673707, 38.716110258], [-77.683673707, 38.751147396], [-77.638757943, 38.751147396], [-77.638757943, 38.716110258], [-77.683673707, 38.716110258]]]}, "properties": {"grid_id": 553, "solar_count": 13, "solar_density": 0.5199999999998063}}, {"type": "Feature", "geometry": {"type": "Polygon", "coordinates": [[[-77.773505235, 38.716110258], [-77.773505235, 38.751147396], [-77.728589471, 38.751147396], [-77.728589471, 38.716110258], [-77.773505235, 38.716110258]]]}, "properties": {"grid_id": 554, "solar_count": 8, "solar_density": 0.32}}, {"type": "Feature", "geometry": {"type": "Polygon", "coordinates": [[[-77.728589471, 38.716110258], [-77.728589471, 38.751147396], [-77.683673707, 38.751147396], [-77.683673707, 38.716110258], [-77.728589471, 38.716110258]]]}, "properties": {"grid_id": 555, "solar_count": 26, "solar_density": 1.04}}, {"type": "Feature", "geometry": {"type": "Polygon", "coordinates": [[[-77.683673707, 38.716110258], [-77.683673707, 38.751147396], [-77.638757943, 38.751147396], [-77.638757943, 38.716110258], [-77.683673707, 38.716110258]]]}, "properties": {"grid_id": 556, "solar_count": 13, "solar_density": 0.5199999999998063}}, {"type": "Feature", "geometry": {"type": "Polygon", "coordinates": [[[-77.728589471, 38.716110258], [-77.728589471, 38.751147396], [-77.683673707, 38.751147396], [-77.683673707, 38.716110258], [-77.728589471, 38.716110258]]]}, "properties": {"grid_id": 557, "solar_count": 26, "solar_density": 1.04}}, {"type": "Feature", "geometry": {"type": "Polygon", "coordinates": [[[-77.683673707, 38.716110258], [-77.683673707, 38.751147396], [-77.638757943, 38.751147396], [-77.638757943, 38.716110258], [-77.683673707, 38.716110258]]]}, "properties": {"grid_id": 558, "solar_count": 13, "solar_density": 0.5199999999998063}}, {"type": "Feature", "geometry": {"type": "Polygon", "coordinates": [[[-77.773505235, 38.751147396], [-77.773505235, 38.786167346], [-77.728589471, 38.786167346], [-77.728589471, 38.751147396], [-77.773505235, 38.751147396]]]}, "properties": {"grid_id": 559, "solar_count": 3, "solar_density": 0.12000000000002235}}, {"type": "Feature", "geometry": {"type": "Polygon", "coordinates": [[[-77.728589471, 38.751147396], [-77.728589471, 38.786167346], [-77.683673707, 38.786167346], [-77.683673707, 38.751147396], [-77.728589471, 38.751147396]]]}, "properties": {"grid_id": 560, "solar_count": 5, "solar_density": 0.20000000000003726}}, {"type": "Feature", "geometry": {"type": "Polygon", "coordinates": [[[-77.728589471, 38.751147396], [-77.728589471, 38.786167346], [-77.683673707, 38.786167346], [-77.683673707, 38.751147396], [-77.728589471, 38.751147396]]]}, "properties": {"grid_id": 561, "solar_count": 5, "solar_density": 0.20000000000003726}}, {"type": "Feature", "geometry": {"type": "Polygon", "coordinates": [[[-77.683673707, 38.751147396], [-77.683673707, 38.786167346], [-77.638757943, 38.786167346], [-77.638757943, 38.751147396], [-77.683673707, 38.751147396]]]}, "properties": {"grid_id": 562, "solar_count": 1, "solar_density": 0.03999999999999255}}, {"type": "Feature", "geometry": {"type": "Polygon", "coordinates": [[[-77.773505235, 38.751147396], [-77.773505235, 38.786167346], [-77.728589471, 38.786167346], [-77.728589471, 38.751147396], [-77.773505235, 38.751147396]]]}, "properties": {"grid_id": 563, "solar_count": 3, "solar_density": 0.12000000000002235}}, {"type": "Feature", "geometry": {"type": "Polygon", "coordinates": [[[-77.728589471, 38.751147396], [-77.728589471, 38.786167346], [-77.683673707, 38.786167346], [-77.683673707, 38.751147396], [-77.728589471, 38.751147396]]]}, "properties": {"grid_id": 564, "solar_count": 5, "solar_density": 0.20000000000003726}}, {"type": "Feature", "geometry": {"type": "Polygon", "coordinates": [[[-77.683673707, 38.751147396], [-77.683673707, 38.786167346], [-77.638757943, 38.786167346], [-77.638757943, 38.751147396], [-77.683673707, 38.751147396]]]}, "properties": {"grid_id": 565, "solar_count": 1, "solar_density": 0.03999999999999255}}, {"type": "Feature", "geometry": {"type": "Polygon", "coordinates": [[[-77.683673707, 38.751147396], [-77.683673707, 38.786167346], [-77.638757943, 38.786167346], [-77.638757943, 38.751147396], [-77.683673707, 38.751147396]]]}, "properties": {"grid_id": 566, "solar_count": 1, "solar_density": 0.03999999999999255}}, {"type": "Feature", "geometry": {"type": "Polygon", "coordinates": [[[-77.773505235, 38.786167346], [-77.773505235, 38.821170103], [-77.728589471, 38.821170103], [-77.728589471, 38.786167346], [-77.773505235, 38.786167346]]]}, "properties": {"grid_id": 567, "solar_count": 2, "solar_density": 0.0799999999999702}}, {"type": "Feature", "geometry": {"type": "Polygon", "coordinates": [[[-77.728589471, 38.786167346], [-77.728589471, 38.821170103], [-77.683673707, 38.821170103], [-77.683673707, 38.786167346], [-77.728589471, 38.786167346]]]}, "properties": {"grid_id": 568, "solar_count": 5, "solar_density": 0.19999999999992552}}, {"type": "Feature", "geometry": {"type": "Polygon", "coordinates": [[[-77.683673707, 38.786167346], [-77.683673707, 38.821170103], [-77.638757943, 38.821170103], [-77.638757943, 38.786167346], [-77.683673707, 38.786167346]]]}, "properties": {"grid_id": 569, "solar_count": 70, "solar_density": 2.799999999997914}}, {"type": "Feature", "geometry": {"type": "Polygon", "coordinates": [[[-77.728589471, 38.786167346], [-77.728589471, 38.821170103], [-77.683673707, 38.821170103], [-77.683673707, 38.786167346], [-77.728589471, 38.786167346]]]}, "properties": {"grid_id": 570, "solar_count": 5, "solar_density": 0.19999999999992552}}, {"type": "Feature", "geometry": {"type": "Polygon", "coordinates": [[[-77.683673707, 38.786167346], [-77.683673707, 38.821170103], [-77.638757943, 38.821170103], [-77.638757943, 38.786167346], [-77.683673707, 38.786167346]]]}, "properties": {"grid_id": 571, "solar_count": 70, "solar_density": 2.799999999997914}}, {"type": "Feature", "geometry": {"type": "Polygon", "coordinates": [[[-77.773505235, 38.786167346], [-77.773505235, 38.821170103], [-77.728589471, 38.821170103], [-77.728589471, 38.786167346], [-77.773505235, 38.786167346]]]}, "properties": {"grid_id": 572, "solar_count": 2, "solar_density": 0.0799999999999702}}, {"type": "Feature", "geometry": {"type": "Polygon", "coordinates": [[[-77.728589471, 38.786167346], [-77.728589471, 38.821170103], [-77.683673707, 38.821170103], [-77.683673707, 38.786167346], [-77.728589471, 38.786167346]]]}, "properties": {"grid_id": 573, "solar_count": 5, "solar_density": 0.19999999999992552}}, {"type": "Feature", "geometry": {"type": "Polygon", "coordinates": [[[-77.683673707, 38.786167346], [-77.683673707, 38.821170103], [-77.638757943, 38.821170103], [-77.638757943, 38.786167346], [-77.683673707, 38.786167346]]]}, "properties": {"grid_id": 574, "solar_count": 70, "solar_density": 2.799999999997914}}, {"type": "Feature", "geometry": {"type": "Polygon", "coordinates": [[[-77.773505235, 38.786167346], [-77.773505235, 38.821170103], [-77.728589471, 38.821170103], [-77.728589471, 38.786167346], [-77.773505235, 38.786167346]]]}, "properties": {"grid_id": 575, "solar_count": 2, "solar_density": 0.0799999999999702}}, {"type": "Feature", "geometry": {"type": "Polygon", "coordinates": [[[-77.628624946, 38.886131591], [-77.628624946, 38.921085199], [-77.583709182, 38.921085199], [-77.583709182, 38.886131591], [-77.628624946, 38.886131591]]]}, "properties": {"grid_id": 576, "solar_count": 25, "solar_density": 1.0000000000001863}}, {"type": "Feature", "geometry": {"type": "Polygon", "coordinates": [[[-77.583709182, 38.886131591], [-77.583709182, 38.921085199], [-77.538793418, 38.921085199], [-77.538793418, 38.886131591], [-77.583709182, 38.886131591]]]}, "properties": {"grid_id": 577, "solar_count": 140, "solar_density": 5.599999999998957}}, {"type": "Feature", "geometry": {"type": "Polygon", "coordinates": [[[-77.583709182, 38.886131591], [-77.583709182, 38.921085199], [-77.538793418, 38.921085199], [-77.538793418, 38.886131591], [-77.583709182, 38.886131591]]]}, "properties": {"grid_id": 578, "solar_count": 140, "solar_density": 5.599999999998957}}, {"type": "Feature", "geometry": {"type": "Polygon", "coordinates": [[[-77.628624946, 38.886131591], [-77.628624946, 38.921085199], [-77.583709182, 38.921085199], [-77.583709182, 38.886131591], [-77.628624946, 38.886131591]]]}, "properties": {"grid_id": 579, "solar_count": 25, "solar_density": 1.0000000000001863}}, {"type": "Feature", "geometry": {"type": "Polygon", "coordinates": [[[-77.583709182, 38.886131591], [-77.583709182, 38.921085199], [-77.538793418, 38.921085199], [-77.538793418, 38.886131591], [-77.583709182, 38.886131591]]]}, "properties": {"grid_id": 580, "solar_count": 140, "solar_density": 5.599999999998957}}, {"type": "Feature", "geometry": {"type": "Polygon", "coordinates": [[[-77.67354071, 38.886131591], [-77.67354071, 38.921085199], [-77.628624946, 38.921085199], [-77.628624946, 38.886131591], [-77.67354071, 38.886131591]]]}, "properties": {"grid_id": 581, "solar_count": 6, "solar_density": 0.2400000000000447}}, {"type": "Feature", "geometry": {"type": "Polygon", "coordinates": [[[-77.628624946, 38.886131591], [-77.628624946, 38.921085199], [-77.583709182, 38.921085199], [-77.583709182, 38.886131591], [-77.628624946, 38.886131591]]]}, "properties": {"grid_id": 582, "solar_count": 25, "solar_density": 1.0000000000001863}}, {"type": "Feature", "geometry": {"type": "Polygon", "coordinates": [[[-77.583709182, 38.886131591], [-77.583709182, 38.921085199], [-77.538793418, 38.921085199], [-77.538793418, 38.886131591], [-77.583709182, 38.886131591]]]}, "properties": {"grid_id": 583, "solar_count": 140, "solar_density": 5.599999999998957}}, {"type": "Feature", "geometry": {"type": "Polygon", "coordinates": [[[-77.67354071, 38.886131591], [-77.67354071, 38.921085199], [-77.628624946, 38.921085199], [-77.628624946, 38.886131591], [-77.67354071, 38.886131591]]]}, "properties": {"grid_id": 584, "solar_count": 6, "solar_density": 0.2400000000000447}}, {"type": "Feature", "geometry": {"type": "Polygon", "coordinates": [[[-77.583709182, 38.921085199], [-77.583709182, 38.956021597], [-77.538793418, 38.956021597], [-77.538793418, 38.921085199], [-77.583709182, 38.921085199]]]}, "properties": {"grid_id": 585, "solar_count": 161, "solar_density": 6.439999999997601}}, {"type": "Feature", "geometry": {"type": "Polygon", "coordinates": [[[-77.583709182, 38.921085199], [-77.583709182, 38.956021597], [-77.538793418, 38.956021597], [-77.538793418, 38.921085199], [-77.583709182, 38.921085199]]]}, "properties": {"grid_id": 586, "solar_count": 161, "solar_density": 6.439999999997601}}, {"type": "Feature", "geometry": {"type": "Polygon", "coordinates": [[[-77.67354071, 38.921085199], [-77.67354071, 38.956021597], [-77.628624946, 38.956021597], [-77.628624946, 38.921085199], [-77.67354071, 38.921085199]]]}, "properties": {"grid_id": 587, "solar_count": 8, "solar_density": 0.32}}, {"type": "Feature", "geometry": {"type": "Polygon", "coordinates": [[[-77.583709182, 38.921085199], [-77.583709182, 38.956021597], [-77.538793418, 38.956021597], [-77.538793418, 38.921085199], [-77.583709182, 38.921085199]]]}, "properties": {"grid_id": 588, "solar_count": 161, "solar_density": 6.439999999997601}}, {"type": "Feature", "geometry": {"type": "Polygon", "coordinates": [[[-77.67354071, 38.921085199], [-77.67354071, 38.956021597], [-77.628624946, 38.956021597], [-77.628624946, 38.921085199], [-77.67354071, 38.921085199]]]}, "properties": {"grid_id": 589, "solar_count": 8, "solar_density": 0.32}}, {"type": "Feature", "geometry": {"type": "Polygon", "coordinates": [[[-77.628624946, 38.921085199], [-77.628624946, 38.956021597], [-77.583709182, 38.956021597], [-77.583709182, 38.921085199], [-77.628624946, 38.921085199]]]}, "properties": {"grid_id": 590, "solar_count": 44, "solar_density": 1.76}}, {"type": "Feature", "geometry": {"type": "Polygon", "coordinates": [[[-77.583709182, 38.921085199], [-77.583709182, 38.956021597], [-77.538793418, 38.956021597], [-77.538793418, 38.921085199], [-77.583709182, 38.921085199]]]}, "properties": {"grid_id": 591, "solar_count": 161, "solar_density": 6.439999999997601}}, {"type": "Feature", "geometry": {"type": "Polygon", "coordinates": [[[-77.67354071, 38.921085199], [-77.67354071, 38.956021597], [-77.628624946, 38.956021597], [-77.628624946, 38.921085199], [-77.67354071, 38.921085199]]]}, "properties": {"grid_id": 592, "solar_count": 8, "solar_density": 0.32}}, {"type": "Feature", "geometry": {"type": "Polygon", "coordinates": [[[-77.628624946, 38.921085199], [-77.628624946, 38.956021597], [-77.583709182, 38.956021597], [-77.583709182, 38.921085199], [-77.628624946, 38.921085199]]]}, "properties": {"grid_id": 593, "solar_count": 44, "solar_density": 1.76}}, {"type": "Feature", "geometry": {"type": "Polygon", "coordinates": [[[-77.67354071, 38.921085199], [-77.67354071, 38.956021597], [-77.628624946, 38.956021597], [-77.628624946, 38.921085199], [-77.67354071, 38.921085199]]]}, "properties": {"grid_id": 594, "solar_count": 8, "solar_density": 0.32}}, {"type": "Feature", "geometry": {"type": "Polygon", "coordinates": [[[-77.628624946, 38.956021597], [-77.628624946, 38.990940779], [-77.583709182, 38.990940779], [-77.583709182, 38.956021597], [-77.628624946, 38.956021597]]]}, "properties": {"grid_id": 595, "solar_count": 6, "solar_density": 0.23999999999995528}}, {"type": "Feature", "geometry": {"type": "Polygon", "coordinates": [[[-77.583709182, 38.956021597], [-77.583709182, 38.990940779], [-77.538793418, 38.990940779], [-77.538793418, 38.956021597], [-77.583709182, 38.956021597]]]}, "properties": {"grid_id": 596, "solar_count": 69, "solar_density": 2.759999999998458}}, {"type": "Feature", "geometry": {"type": "Polygon", "coordinates": [[[-77.628624946, 38.956021597], [-77.628624946, 38.990940779], [-77.583709182, 38.990940779], [-77.583709182, 38.956021597], [-77.628624946, 38.956021597]]]}, "properties": {"grid_id": 597, "solar_count": 6, "solar_density": 0.23999999999995528}}, {"type": "Feature", "geometry": {"type": "Polygon", "coordinates": [[[-77.583709182, 38.956021597], [-77.583709182, 38.990940779], [-77.538793418, 38.990940779], [-77.538793418, 38.956021597], [-77.583709182, 38.956021597]]]}, "properties": {"grid_id": 598, "solar_count": 69, "solar_density": 2.759999999998458}}, {"type": "Feature", "geometry": {"type": "Polygon", "coordinates": [[[-77.67354071, 38.956021597], [-77.67354071, 38.990940779], [-77.628624946, 38.990940779], [-77.628624946, 38.956021597], [-77.67354071, 38.956021597]]]}, "properties": {"grid_id": 599, "solar_count": 1, "solar_density": 0.03999999999999255}}, {"type": "Feature", "geometry": {"type": "Polygon", "coordinates": [[[-77.67354071, 38.956021597], [-77.67354071, 38.990940779], [-77.628624946, 38.990940779], [-77.628624946, 38.956021597], [-77.67354071, 38.956021597]]]}, "properties": {"grid_id": 600, "solar_count": 1, "solar_density": 0.03999999999999255}}, {"type": "Feature", "geometry": {"type": "Polygon", "coordinates": [[[-77.628624946, 38.956021597], [-77.628624946, 38.990940779], [-77.583709182, 38.990940779], [-77.583709182, 38.956021597], [-77.628624946, 38.956021597]]]}, "properties": {"grid_id": 601, "solar_count": 6, "solar_density": 0.23999999999995528}}, {"type": "Feature", "geometry": {"type": "Polygon", "coordinates": [[[-77.583709182, 38.956021597], [-77.583709182, 38.990940779], [-77.538793418, 38.990940779], [-77.538793418, 38.956021597], [-77.583709182, 38.956021597]]]}, "properties": {"grid_id": 602, "solar_count": 69, "solar_density": 2.759999999998458}}, {"type": "Feature", "geometry": {"type": "Polygon", "coordinates": [[[-77.628624946, 38.990940779], [-77.628624946, 39.025842742], [-77.583709182, 39.025842742], [-77.583709182, 38.990940779], [-77.628624946, 38.990940779]]]}, "properties": {"grid_id": 603, "solar_count": 3, "solar_density": 0.12}}, {"type": "Feature", "geometry": {"type": "Polygon", "coordinates": [[[-77.583709182, 38.990940779], [-77.583709182, 39.025842742], [-77.538793418, 39.025842742], [-77.538793418, 38.990940779], [-77.583709182, 38.990940779]]]}, "properties": {"grid_id": 604, "solar_count": 25, "solar_density": 0.9999999999996275}}, {"type": "Feature", "geometry": {"type": "Polygon", "coordinates": [[[-77.583709182, 38.990940779], [-77.583709182, 39.025842742], [-77.538793418, 39.025842742], [-77.538793418, 38.990940779], [-77.583709182, 38.990940779]]]}, "properties": {"grid_id": 605, "solar_count": 25, "solar_density": 0.9999999999996275}}, {"type": "Feature", "geometry": {"type": "Polygon", "coordinates": [[[-77.67354071, 38.990940779], [-77.67354071, 39.025842742], [-77.628624946, 39.025842742], [-77.628624946, 38.990940779], [-77.67354071, 38.990940779]]]}, "properties": {"grid_id": 606, "solar_count": 0, "solar_density": 0}}, {"type": "Feature", "geometry": {"type": "Polygon", "coordinates": [[[-77.67354071, 38.990940779], [-77.67354071, 39.025842742], [-77.628624946, 39.025842742], [-77.628624946, 38.990940779], [-77.67354071, 38.990940779]]]}, "properties": {"grid_id": 607, "solar_count": 0, "solar_density": 0}}, {"type": "Feature", "geometry": {"type": "Polygon", "coordinates": [[[-77.628624946, 38.990940779], [-77.628624946, 39.025842742], [-77.583709182, 39.025842742], [-77.583709182, 38.990940779], [-77.628624946, 38.990940779]]]}, "properties": {"grid_id": 608, "solar_count": 3, "solar_density": 0.12}}, {"type": "Feature", "geometry": {"type": "Polygon", "coordinates": [[[-77.67354071, 39.025842742], [-77.67354071, 39.060727482], [-77.628624946, 39.060727482], [-77.628624946, 39.025842742], [-77.67354071, 39.025842742]]]}, "properties": {"grid_id": 609, "solar_count": 1, "solar_density": 0.04000000000000745}}, {"type": "Feature", "geometry": {"type": "Polygon", "coordinates": [[[-77.628624946, 39.025842742], [-77.628624946, 39.060727482], [-77.583709182, 39.060727482], [-77.583709182, 39.025842742], [-77.628624946, 39.025842742]]]}, "properties": {"grid_id": 610, "solar_count": 7, "solar_density": 0.28000000000005215}}, {"type": "Feature", "geometry": {"type": "Polygon", "coordinates": [[[-77.583709182, 39.025842742], [-77.583709182, 39.060727482], [-77.538793418, 39.060727482], [-77.538793418, 39.025842742], [-77.583709182, 39.025842742]]]}, "properties": {"grid_id": 611, "solar_count": 10, "solar_density": 0.39999999999992547}}, {"type": "Feature", "geometry": {"type": "Polygon", "coordinates": [[[-77.583709182, 39.025842742], [-77.583709182, 39.060727482], [-77.538793418, 39.060727482], [-77.538793418, 39.025842742], [-77.583709182, 39.025842742]]]}, "properties": {"grid_id": 612, "solar_count": 10, "solar_density": 0.39999999999992547}}, {"type": "Feature", "geometry": {"type": "Polygon", "coordinates": [[[-77.67354071, 39.025842742], [-77.67354071, 39.060727482], [-77.628624946, 39.060727482], [-77.628624946, 39.025842742], [-77.67354071, 39.025842742]]]}, "properties": {"grid_id": 613, "solar_count": 1, "solar_density": 0.04000000000000745}}, {"type": "Feature", "geometry": {"type": "Polygon", "coordinates": [[[-77.67354071, 39.025842742], [-77.67354071, 39.060727482], [-77.628624946, 39.060727482], [-77.628624946, 39.025842742], [-77.67354071, 39.025842742]]]}, "properties": {"grid_id": 614, "solar_count": 1, "solar_density": 0.04000000000000745}}, {"type": "Feature", "geometry": {"type": "Polygon", "coordinates": [[[-77.67354071, 39.025842742], [-77.67354071, 39.060727482], [-77.628624946, 39.060727482], [-77.628624946, 39.025842742], [-77.67354071, 39.025842742]]]}, "properties": {"grid_id": 615, "solar_count": 1, "solar_density": 0.04000000000000745}}, {"type": "Feature", "geometry": {"type": "Polygon", "coordinates": [[[-77.506427118, 38.776839711], [-77.506427118, 38.811847048], [-77.461511354, 38.811847048], [-77.461511354, 38.776839711], [-77.506427118, 38.776839711]]]}, "properties": {"grid_id": 616, "solar_count": 24, "solar_density": 0.96}}, {"type": "Feature", "geometry": {"type": "Polygon", "coordinates": [[[-77.461511354, 38.776839711], [-77.461511354, 38.811847048], [-77.41659559, 38.811847048], [-77.41659559, 38.776839711], [-77.461511354, 38.776839711]]]}, "properties": {"grid_id": 617, "solar_count": 14, "solar_density": 0.5599999999997914}}, {"type": "Feature", "geometry": {"type": "Polygon", "coordinates": [[[-77.461511354, 38.776839711], [-77.461511354, 38.811847048], [-77.41659559, 38.811847048], [-77.41659559, 38.776839711], [-77.461511354, 38.776839711]]]}, "properties": {"grid_id": 618, "solar_count": 14, "solar_density": 0.5599999999997914}}, {"type": "Feature", "geometry": {"type": "Polygon", "coordinates": [[[-77.506427118, 38.776839711], [-77.506427118, 38.811847048], [-77.461511354, 38.811847048], [-77.461511354, 38.776839711], [-77.506427118, 38.776839711]]]}, "properties": {"grid_id": 619, "solar_count": 24, "solar_density": 0.96}}, {"type": "Feature", "geometry": {"type": "Polygon", "coordinates": [[[-77.461511354, 38.776839711], [-77.461511354, 38.811847048], [-77.41659559, 38.811847048], [-77.41659559, 38.776839711], [-77.461511354, 38.776839711]]]}, "properties": {"grid_id": 620, "solar_count": 14, "solar_density": 0.5599999999997914}}, {"type": "Feature", "geometry": {"type": "Polygon", "coordinates": [[[-77.506427118, 38.776839711], [-77.506427118, 38.811847048], [-77.461511354, 38.811847048], [-77.461511354, 38.776839711], [-77.506427118, 38.776839711]]]}, "properties": {"grid_id": 621, "solar_count": 24, "solar_density": 0.96}}, {"type": "Feature", "geometry": {"type": "Polygon", "coordinates": [[[-77.506427118, 38.776839711], [-77.506427118, 38.811847048], [-77.461511354, 38.811847048], [-77.461511354, 38.776839711], [-77.506427118, 38.776839711]]]}, "properties": {"grid_id": 622, "solar_count": 24, "solar_density": 0.96}}, {"type": "Feature", "geometry": {"type": "Polygon", "coordinates": [[[-77.461511354, 38.811847048], [-77.461511354, 38.84683719], [-77.41659559, 38.84683719], [-77.41659559, 38.811847048], [-77.461511354, 38.811847048]]]}, "properties": {"grid_id": 623, "solar_count": 43, "solar_density": 1.7200000000003204}}, {"type": "Feature", "geometry": {"type": "Polygon", "coordinates": [[[-77.506427118, 38.811847048], [-77.506427118, 38.84683719], [-77.461511354, 38.84683719], [-77.461511354, 38.811847048], [-77.506427118, 38.811847048]]]}, "properties": {"grid_id": 624, "solar_count": 22, "solar_density": 0.8800000000004917}}, {"type": "Feature", "geometry": {"type": "Polygon", "coordinates": [[[-77.461511354, 38.811847048], [-77.461511354, 38.84683719], [-77.41659559, 38.84683719], [-77.41659559, 38.811847048], [-77.461511354, 38.811847048]]]}, "properties": {"grid_id": 625, "solar_count": 43, "solar_density": 1.7200000000003204}}, {"type": "Feature", "geometry": {"type": "Polygon", "coordinates": [[[-77.506427118, 38.811847048], [-77.506427118, 38.84683719], [-77.461511354, 38.84683719], [-77.461511354, 38.811847048], [-77.506427118, 38.811847048]]]}, "properties": {"grid_id": 626, "solar_count": 22, "solar_density": 0.8800000000004917}}, {"type": "Feature", "geometry": {"type": "Polygon", "coordinates": [[[-77.506427118, 38.811847048], [-77.506427118, 38.84683719], [-77.461511354, 38.84683719], [-77.461511354, 38.811847048], [-77.506427118, 38.811847048]]]}, "properties": {"grid_id": 627, "solar_count": 22, "solar_density": 0.8800000000004917}}, {"type": "Feature", "geometry": {"type": "Polygon", "coordinates": [[[-77.461511354, 38.811847048], [-77.461511354, 38.84683719], [-77.41659559, 38.84683719], [-77.41659559, 38.811847048], [-77.461511354, 38.811847048]]]}, "properties": {"grid_id": 628, "solar_count": 43, "solar_density": 1.7200000000003204}}, {"type": "Feature", "geometry": {"type": "Polygon", "coordinates": [[[-77.421967515, 38.961365347], [-77.421967515, 38.996281895], [-77.377051751, 38.996281895], [-77.377051751, 38.961365347], [-77.421967515, 38.961365347]]]}, "properties": {"grid_id": 629, "solar_count": 2, "solar_density": 0.0800000000000149}}, {"type": "Feature", "geometry": {"type": "Polygon", "coordinates": [[[-77.421967515, 38.961365347], [-77.421967515, 38.996281895], [-77.377051751, 38.996281895], [-77.377051751, 38.961365347], [-77.421967515, 38.961365347]]]}, "properties": {"grid_id": 630, "solar_count": 2, "solar_density": 0.0800000000000149}}, {"type": "Feature", "geometry": {"type": "Polygon", "coordinates": [[[-77.421967515, 38.961365347], [-77.421967515, 38.996281895], [-77.377051751, 38.996281895], [-77.377051751, 38.961365347], [-77.421967515, 38.961365347]]]}, "properties": {"grid_id": 631, "solar_count": 2, "solar_density": 0.0800000000000149}}, {"type": "Feature", "geometry": {"type": "Polygon", "coordinates": [[[-77.421967515, 38.961365347], [-77.421967515, 38.996281895], [-77.377051751, 38.996281895], [-77.377051751, 38.961365347], [-77.421967515, 38.961365347]]]}, "properties": {"grid_id": 632, "solar_count": 2, "solar_density": 0.0800000000000149}}, {"type": "Feature", "geometry": {"type": "Polygon", "coordinates": [[[-77.698343195, 39.207695587], [-77.698343195, 39.242490374], [-77.653427431, 39.242490374], [-77.653427431, 39.207695587], [-77.698343195, 39.207695587]]]}, "properties": {"grid_id": 633, "solar_count": 5, "solar_density": 0.20000000000003726}}, {"type": "Feature", "geometry": {"type": "Polygon", "coordinates": [[[-77.653427431, 39.207695587], [-77.653427431, 39.242490374], [-77.608511667, 39.242490374], [-77.608511667, 39.207695587], [-77.653427431, 39.207695587]]]}, "properties": {"grid_id": 634, "solar_count": 13, "solar_density": 0.5200000000002906}}, {"type": "Feature", "geometry": {"type": "Polygon", "coordinates": [[[-77.608511667, 39.207695587], [-77.608511667, 39.242490374], [-77.563595903, 39.242490374], [-77.563595903, 39.207695587], [-77.608511667, 39.207695587]]]}, "properties": {"grid_id": 635, "solar_count": 0, "solar_density": 0}}, {"type": "Feature", "geometry": {"type": "Polygon", "coordinates": [[[-77.698343195, 39.207695587], [-77.698343195, 39.242490374], [-77.653427431, 39.242490374], [-77.653427431, 39.207695587], [-77.698343195, 39.207695587]]]}, "properties": {"grid_id": 636, "solar_count": 5, "solar_density": 0.20000000000003726}}, {"type": "Feature", "geometry": {"type": "Polygon", "coordinates": [[[-77.698343195, 39.207695587], [-77.698343195, 39.242490374], [-77.653427431, 39.242490374], [-77.653427431, 39.207695587], [-77.698343195, 39.207695587]]]}, "properties": {"grid_id": 637, "solar_count": 5, "solar_density": 0.20000000000003726}}, {"type": "Feature", "geometry": {"type": "Polygon", "coordinates": [[[-77.653427431, 39.207695587], [-77.653427431, 39.242490374], [-77.608511667, 39.242490374], [-77.608511667, 39.207695587], [-77.653427431, 39.207695587]]]}, "properties": {"grid_id": 638, "solar_count": 13, "solar_density": 0.5200000000002906}}, {"type": "Feature", "geometry": {"type": "Polygon", "coordinates": [[[-77.608511667, 39.207695587], [-77.608511667, 39.242490374], [-77.563595903, 39.242490374], [-77.563595903, 39.207695587], [-77.608511667, 39.207695587]]]}, "properties": {"grid_id": 639, "solar_count": 0, "solar_density": 0}}, {"type": "Feature", "geometry": {"type": "Polygon", "coordinates": [[[-77.608511667, 39.207695587], [-77.608511667, 39.242490374], [-77.563595903, 39.242490374], [-77.563595903, 39.207695587], [-77.608511667, 39.207695587]]]}, "properties": {"grid_id": 640, "solar_count": 0, "solar_density": 0}}, {"type": "Feature", "geometry": {"type": "Polygon", "coordinates": [[[-77.563595903, 39.207695587], [-77.563595903, 39.242490374], [-77.518680139, 39.242490374], [-77.518680139, 39.207695587], [-77.563595903, 39.207695587]]]}, "properties": {"grid_id": 641, "solar_count": 6, "solar_density": 0.2400000000000447}}, {"type": "Feature", "geometry": {"type": "Polygon", "coordinates": [[[-77.698343195, 39.242490374], [-77.698343195, 39.277267909], [-77.653427431, 39.277267909], [-77.653427431, 39.242490374], [-77.698343195, 39.242490374]]]}, "properties": {"grid_id": 642, "solar_count": 7, "solar_density": 0.2799999999998957}}, {"type": "Feature", "geometry": {"type": "Polygon", "coordinates": [[[-77.653427431, 39.242490374], [-77.653427431, 39.277267909], [-77.608511667, 39.277267909], [-77.608511667, 39.242490374], [-77.653427431, 39.242490374]]]}, "properties": {"grid_id": 643, "solar_count": 3, "solar_density": 0.12}}, {"type": "Feature", "geometry": {"type": "Polygon", "coordinates": [[[-77.608511667, 39.242490374], [-77.608511667, 39.277267909], [-77.563595903, 39.277267909], [-77.563595903, 39.242490374], [-77.608511667, 39.242490374]]]}, "properties": {"grid_id": 644, "solar_count": 15, "solar_density": 0.5999999999997765}}, {"type": "Feature", "geometry": {"type": "Polygon", "coordinates": [[[-77.563595903, 39.242490374], [-77.563595903, 39.277267909], [-77.518680139, 39.277267909], [-77.518680139, 39.242490374], [-77.563595903, 39.242490374]]]}, "properties": {"grid_id": 645, "solar_count": 2, "solar_density": 0.0799999999999702}}, {"type": "Feature", "geometry": {"type": "Polygon", "coordinates": [[[-77.563595903, 39.242490374], [-77.563595903, 39.277267909], [-77.518680139, 39.277267909], [-77.518680139, 39.242490374], [-77.563595903, 39.242490374]]]}, "properties": {"grid_id": 646, "solar_count": 2, "solar_density": 0.0799999999999702}}, {"type": "Feature", "geometry": {"type": "Polygon", "coordinates": [[[-77.563595903, 39.242490374], [-77.563595903, 39.277267909], [-77.518680139, 39.277267909], [-77.518680139, 39.242490374], [-77.563595903, 39.242490374]]]}, "properties": {"grid_id": 647, "solar_count": 2, "solar_density": 0.0799999999999702}}, {"type": "Feature", "geometry": {"type": "Polygon", "coordinates": [[[-77.608511667, 39.242490374], [-77.608511667, 39.277267909], [-77.563595903, 39.277267909], [-77.563595903, 39.242490374], [-77.608511667, 39.242490374]]]}, "properties": {"grid_id": 648, "solar_count": 15, "solar_density": 0.5999999999997765}}, {"type": "Feature", "geometry": {"type": "Polygon", "coordinates": [[[-77.563595903, 39.242490374], [-77.563595903, 39.277267909], [-77.518680139, 39.277267909], [-77.518680139, 39.242490374], [-77.563595903, 39.242490374]]]}, "properties": {"grid_id": 649, "solar_count": 2, "solar_density": 0.0799999999999702}}, {"type": "Feature", "geometry": {"type": "Polygon", "coordinates": [[[-77.608511667, 39.277267909], [-77.608511667, 39.31202819], [-77.563595903, 39.31202819], [-77.563595903, 39.277267909], [-77.608511667, 39.277267909]]]}, "properties": {"grid_id": 650, "solar_count": 6, "solar_density": 0.2400000000000447}}, {"type": "Feature", "geometry": {"type": "Polygon", "coordinates": [[[-77.653427431, 39.277267909], [-77.653427431, 39.31202819], [-77.608511667, 39.31202819], [-77.608511667, 39.277267909], [-77.653427431, 39.277267909]]]}, "properties": {"grid_id": 651, "solar_count": 3, "solar_density": 0.12000000000006705}}, {"type": "Feature", "geometry": {"type": "Polygon", "coordinates": [[[-77.608511667, 39.277267909], [-77.608511667, 39.31202819], [-77.563595903, 39.31202819], [-77.563595903, 39.277267909], [-77.608511667, 39.277267909]]]}, "properties": {"grid_id": 652, "solar_count": 6, "solar_density": 0.2400000000000447}}, {"type": "Feature", "geometry": {"type": "Polygon", "coordinates": [[[-77.563595903, 39.277267909], [-77.563595903, 39.31202819], [-77.518680139, 39.31202819], [-77.518680139, 39.277267909], [-77.563595903, 39.277267909]]]}, "properties": {"grid_id": 653, "solar_count": 1, "solar_density": 0.04000000000000745}}, {"type": "Feature", "geometry": {"type": "Polygon", "coordinates": [[[-77.563595903, 39.277267909], [-77.563595903, 39.31202819], [-77.518680139, 39.31202819], [-77.518680139, 39.277267909], [-77.563595903, 39.277267909]]]}, "properties": {"grid_id": 654, "solar_count": 1, "solar_density": 0.04000000000000745}}, {"type": "Feature", "geometry": {"type": "Polygon", "coordinates": [[[-77.533906583, 39.241168487], [-77.533906583, 39.275946678], [-77.488990818, 39.275946678], [-77.488990818, 39.241168487], [-77.533906583, 39.241168487]]]}, "properties": {"grid_id": 655, "solar_count": 9, "solar_density": 0.3599999999998659}}, {"type": "Feature", "geometry": {"type": "Polygon", "coordinates": [[[-77.488990818, 39.241168487], [-77.488990818, 39.275946678], [-77.444075054, 39.275946678], [-77.444075054, 39.241168487], [-77.488990818, 39.241168487]]]}, "properties": {"grid_id": 656, "solar_count": 0, "solar_density": 0}}, {"type": "Feature", "geometry": {"type": "Polygon", "coordinates": [[[-77.488990818, 39.241168487], [-77.488990818, 39.275946678], [-77.444075054, 39.275946678], [-77.444075054, 39.241168487], [-77.488990818, 39.241168487]]]}, "properties": {"grid_id": 657, "solar_count": 0, "solar_density": 0}}, {"type": "Feature", "geometry": {"type": "Polygon", "coordinates": [[[-77.533906583, 39.241168487], [-77.533906583, 39.275946678], [-77.488990818, 39.275946678], [-77.488990818, 39.241168487], [-77.533906583, 39.241168487]]]}, "properties": {"grid_id": 658, "solar_count": 9, "solar_density": 0.3599999999998659}}, {"type": "Feature", "geometry": {"type": "Polygon", "coordinates": [[[-77.488990818, 39.241168487], [-77.488990818, 39.275946678], [-77.444075054, 39.275946678], [-77.444075054, 39.241168487], [-77.488990818, 39.241168487]]]}, "properties": {"grid_id": 659, "solar_count": 0, "solar_density": 0}}, {"type": "Feature", "geometry": {"type": "Polygon", "coordinates": [[[-77.562014868, 39.275585074], [-77.562014868, 39.31034619], [-77.517099104, 39.31034619], [-77.517099104, 39.275585074], [-77.562014868, 39.275585074]]]}, "properties": {"grid_id": 660, "solar_count": 1, "solar_density": 0.04000000000000745}}, {"type": "Feature", "geometry": {"type": "Polygon", "coordinates": [[[-77.562014868, 39.275585074], [-77.562014868, 39.31034619], [-77.517099104, 39.31034619], [-77.517099104, 39.275585074], [-77.562014868, 39.275585074]]]}, "properties": {"grid_id": 661, "solar_count": 1, "solar_density": 0.04000000000000745}}, {"type": "Feature", "geometry": {"type": "Polygon", "coordinates": [[[-77.483286516, 38.737155625], [-77.483286516, 38.77218244], [-77.438370752, 38.77218244], [-77.438370752, 38.737155625], [-77.483286516, 38.737155625]]]}, "properties": {"grid_id": 662, "solar_count": 26, "solar_density": 1.04}}, {"type": "Feature", "geometry": {"type": "Polygon", "coordinates": [[[-77.528202281, 38.737155625], [-77.528202281, 38.77218244], [-77.483286516, 38.77218244], [-77.483286516, 38.737155625], [-77.528202281, 38.737155625]]]}, "properties": {"grid_id": 663, "solar_count": 2, "solar_density": 0.0799999999999404}}, {"type": "Feature", "geometry": {"type": "Polygon", "coordinates": [[[-77.483286516, 38.737155625], [-77.483286516, 38.77218244], [-77.438370752, 38.77218244], [-77.438370752, 38.737155625], [-77.483286516, 38.737155625]]]}, "properties": {"grid_id": 664, "solar_count": 26, "solar_density": 1.04}}, {"type": "Feature", "geometry": {"type": "Polygon", "coordinates": [[[-77.528202281, 38.737155625], [-77.528202281, 38.77218244], [-77.483286516, 38.77218244], [-77.483286516, 38.737155625], [-77.528202281, 38.737155625]]]}, "properties": {"grid_id": 665, "solar_count": 2, "solar_density": 0.0799999999999404}}, {"type": "Feature", "geometry": {"type": "Polygon", "coordinates": [[[-77.528202281, 38.77218244], [-77.528202281, 38.807192064], [-77.483286516, 38.807192064], [-77.483286516, 38.77218244], [-77.528202281, 38.77218244]]]}, "properties": {"grid_id": 666, "solar_count": 23, "solar_density": 0.9199999999993145}}, {"type": "Feature", "geometry": {"type": "Polygon", "coordinates": [[[-77.483286516, 38.77218244], [-77.483286516, 38.807192064], [-77.438370752, 38.807192064], [-77.438370752, 38.77218244], [-77.483286516, 38.77218244]]]}, "properties": {"grid_id": 667, "solar_count": 20, "solar_density": 0.8}}, {"type": "Feature", "geometry": {"type": "Polygon", "coordinates": [[[-77.528202281, 38.77218244], [-77.528202281, 38.807192064], [-77.483286516, 38.807192064], [-77.483286516, 38.77218244], [-77.528202281, 38.77218244]]]}, "properties": {"grid_id": 668, "solar_count": 23, "solar_density": 0.9199999999993145}}, {"type": "Feature", "geometry": {"type": "Polygon", "coordinates": [[[-77.483286516, 38.77218244], [-77.483286516, 38.807192064], [-77.438370752, 38.807192064], [-77.438370752, 38.77218244], [-77.483286516, 38.77218244]]]}, "properties": {"grid_id": 669, "solar_count": 20, "solar_density": 0.8}}, {"type": "Feature", "geometry": {"type": "Polygon", "coordinates": [[[-77.528202281, 38.77218244], [-77.528202281, 38.807192064], [-77.483286516, 38.807192064], [-77.483286516, 38.77218244], [-77.528202281, 38.77218244]]]}, "properties": {"grid_id": 670, "solar_count": 23, "solar_density": 0.9199999999993145}}, {"type": "Feature", "geometry": {"type": "Polygon", "coordinates": [[[-77.483286516, 38.77218244], [-77.483286516, 38.807192064], [-77.438370752, 38.807192064], [-77.438370752, 38.77218244], [-77.483286516, 38.77218244]]]}, "properties": {"grid_id": 671, "solar_count": 20, "solar_density": 0.8}}, {"type": "Feature", "geometry": {"type": "Polygon", "coordinates": [[[-77.528202281, 38.77218244], [-77.528202281, 38.807192064], [-77.483286516, 38.807192064], [-77.483286516, 38.77218244], [-77.528202281, 38.77218244]]]}, "properties": {"grid_id": 672, "solar_count": 23, "solar_density": 0.9199999999993145}}, {"type": "Feature", "geometry": {"type": "Polygon", "coordinates": [[[-77.483286516, 38.77218244], [-77.483286516, 38.807192064], [-77.438370752, 38.807192064], [-77.438370752, 38.77218244], [-77.483286516, 38.77218244]]]}, "properties": {"grid_id": 673, "solar_count": 20, "solar_density": 0.8}}, {"type": "Feature", "geometry": {"type": "Polygon", "coordinates": [[[-77.621303677, 39.156724914], [-77.621303677, 39.191544948], [-77.576387912, 39.191544948], [-77.576387912, 39.156724914], [-77.621303677, 39.156724914]]]}, "properties": {"grid_id": 674, "solar_count": 0, "solar_density": 0}}, {"type": "Feature", "geometry": {"type": "Polygon", "coordinates": [[[-77.621303677, 39.156724914], [-77.621303677, 39.191544948], [-77.576387912, 39.191544948], [-77.576387912, 39.156724914], [-77.621303677, 39.156724914]]]}, "properties": {"grid_id": 675, "solar_count": 0, "solar_density": 0}}, {"type": "Feature", "geometry": {"type": "Polygon", "coordinates": [[[-77.621303677, 39.156724914], [-77.621303677, 39.191544948], [-77.576387912, 39.191544948], [-77.576387912, 39.156724914], [-77.621303677, 39.156724914]]]}, "properties": {"grid_id": 676, "solar_count": 0, "solar_density": 0}}, {"type": "Feature", "geometry": {"type": "Polygon", "coordinates": [[[-77.822876643, 39.146839847], [-77.822876643, 39.181664775], [-77.777960879, 39.181664775], [-77.777960879, 39.146839847], [-77.822876643, 39.146839847]]]}, "properties": {"grid_id": 677, "solar_count": 7, "solar_density": 0.28000000000015646}}, {"type": "Feature", "geometry": {"type": "Polygon", "coordinates": [[[-77.822876643, 39.146839847], [-77.822876643, 39.181664775], [-77.777960879, 39.181664775], [-77.777960879, 39.146839847], [-77.822876643, 39.146839847]]]}, "properties": {"grid_id": 678, "solar_count": 7, "solar_density": 0.28000000000015646}}, {"type": "Feature", "geometry": {"type": "Polygon", "coordinates": [[[-77.822876643, 39.146839847], [-77.822876643, 39.181664775], [-77.777960879, 39.181664775], [-77.777960879, 39.146839847], [-77.822876643, 39.146839847]]]}, "properties": {"grid_id": 679, "solar_count": 7, "solar_density": 0.28000000000015646}}, {"type": "Feature", "geometry": {"type": "Polygon", "coordinates": [[[-77.822876643, 39.181664775], [-77.822876643, 39.216472459], [-77.777960879, 39.216472459], [-77.777960879, 39.181664775], [-77.822876643, 39.181664775]]]}, "properties": {"grid_id": 680, "solar_count": 0, "solar_density": 0}}, {"type": "Feature", "geometry": {"type": "Polygon", "coordinates": [[[-77.822876643, 39.181664775], [-77.822876643, 39.216472459], [-77.777960879, 39.216472459], [-77.777960879, 39.181664775], [-77.822876643, 39.181664775]]]}, "properties": {"grid_id": 681, "solar_count": 0, "solar_density": 0}}, {"type": "Feature", "geometry": {"type": "Polygon", "coordinates": [[[-77.822876643, 39.181664775], [-77.822876643, 39.216472459], [-77.777960879, 39.216472459], [-77.777960879, 39.181664775], [-77.822876643, 39.181664775]]]}, "properties": {"grid_id": 682, "solar_count": 0, "solar_density": 0}}, {"type": "Feature", "geometry": {"type": "Polygon", "coordinates": [[[-77.822876643, 39.216472459], [-77.822876643, 39.251262895], [-77.777960879, 39.251262895], [-77.777960879, 39.216472459], [-77.822876643, 39.216472459]]]}, "properties": {"grid_id": 683, "solar_count": 0, "solar_density": 0}}, {"type": "Feature", "geometry": {"type": "Polygon", "coordinates": [[[-77.822876643, 39.216472459], [-77.822876643, 39.251262895], [-77.777960879, 39.251262895], [-77.777960879, 39.216472459], [-77.822876643, 39.216472459]]]}, "properties": {"grid_id": 684, "solar_count": 0, "solar_density": 0}}, {"type": "Feature", "geometry": {"type": "Polygon", "coordinates": [[[-77.51660503, 39.170731604], [-77.51660503, 39.205544703], [-77.471689266, 39.205544703], [-77.471689266, 39.170731604], [-77.51660503, 39.170731604]]]}, "properties": {"grid_id": 685, "solar_count": 3, "solar_density": 0.12000000000002235}}, {"type": "Feature", "geometry": {"type": "Polygon", "coordinates": [[[-77.51660503, 39.170731604], [-77.51660503, 39.205544703], [-77.471689266, 39.205544703], [-77.471689266, 39.170731604], [-77.51660503, 39.170731604]]]}, "properties": {"grid_id": 686, "solar_count": 3, "solar_density": 0.12000000000002235}}, {"type": "Feature", "geometry": {"type": "Polygon", "coordinates": [[[-77.51660503, 39.205544703], [-77.51660503, 39.240340556], [-77.471689266, 39.240340556], [-77.471689266, 39.205544703], [-77.51660503, 39.205544703]]]}, "properties": {"grid_id": 687, "solar_count": 8, "solar_density": 0.3199999999998808}}, {"type": "Feature", "geometry": {"type": "Polygon", "coordinates": [[[-77.471689266, 39.205544703], [-77.471689266, 39.240340556], [-77.426773502, 39.240340556], [-77.426773502, 39.205544703], [-77.471689266, 39.205544703]]]}, "properties": {"grid_id": 688, "solar_count": 0, "solar_density": 0}}, {"type": "Feature", "geometry": {"type": "Polygon", "coordinates": [[[-77.51660503, 39.205544703], [-77.51660503, 39.240340556], [-77.471689266, 39.240340556], [-77.471689266, 39.205544703], [-77.51660503, 39.205544703]]]}, "properties": {"grid_id": 689, "solar_count": 8, "solar_density": 0.3199999999998808}}, {"type": "Feature", "geometry": {"type": "Polygon", "coordinates": [[[-77.471689266, 39.205544703], [-77.471689266, 39.240340556], [-77.426773502, 39.240340556], [-77.426773502, 39.205544703], [-77.471689266, 39.205544703]]]}, "properties": {"grid_id": 690, "solar_count": 0, "solar_density": 0}}, {"type": "Feature", "geometry": {"type": "Polygon", "coordinates": [[[-77.51660503, 39.240340556], [-77.51660503, 39.275119158], [-77.471689266, 39.275119158], [-77.471689266, 39.240340556], [-77.51660503, 39.240340556]]]}, "properties": {"grid_id": 691, "solar_count": 10, "solar_density": 0.4000000000000745}}, {"type": "Feature", "geometry": {"type": "Polygon", "coordinates": [[[-77.51660503, 39.240340556], [-77.51660503, 39.275119158], [-77.471689266, 39.275119158], [-77.471689266, 39.240340556], [-77.51660503, 39.240340556]]]}, "properties": {"grid_id": 692, "solar_count": 10, "solar_density": 0.4000000000000745}}, {"type": "Feature", "geometry": {"type": "Polygon", "coordinates": [[[-77.51660503, 39.240340556], [-77.51660503, 39.275119158], [-77.471689266, 39.275119158], [-77.471689266, 39.240340556], [-77.51660503, 39.240340556]]]}, "properties": {"grid_id": 693, "solar_count": 10, "solar_density": 0.4000000000000745}}, {"type": "Feature", "geometry": {"type": "Polygon", "coordinates": [[[-77.422048364, 38.961365347], [-77.422048364, 38.996281895], [-77.377132599, 38.996281895], [-77.377132599, 38.961365347], [-77.422048364, 38.961365347]]]}, "properties": {"grid_id": 694, "solar_count": 2, "solar_density": 0.0799999999999553}}, {"type": "Feature", "geometry": {"type": "Polygon", "coordinates": [[[-77.422048364, 38.961365347], [-77.422048364, 38.996281895], [-77.377132599, 38.996281895], [-77.377132599, 38.961365347], [-77.422048364, 38.961365347]]]}, "properties": {"grid_id": 695, "solar_count": 2, "solar_density": 0.0799999999999553}}, {"type": "Feature", "geometry": {"type": "Polygon", "coordinates": [[[-77.422048364, 38.961365347], [-77.422048364, 38.996281895], [-77.377132599, 38.996281895], [-77.377132599, 38.961365347], [-77.422048364, 38.961365347]]]}, "properties": {"grid_id": 696, "solar_count": 2, "solar_density": 0.0799999999999553}}, {"type": "Feature", "geometry": {"type": "Polygon", "coordinates": [[[-77.422048364, 38.961365347], [-77.422048364, 38.996281895], [-77.377132599, 38.996281895], [-77.377132599, 38.961365347], [-77.422048364, 38.961365347]]]}, "properties": {"grid_id": 697, "solar_count": 2, "solar_density": 0.0799999999999553}}, {"type": "Feature", "geometry": {"type": "Polygon", "coordinates": [[[-77.514386192, 38.67559994], [-77.514386192, 38.710656935], [-77.469470427, 38.710656935], [-77.469470427, 38.67559994], [-77.514386192, 38.67559994]]]}, "properties": {"grid_id": 698, "solar_count": 7, "solar_density": 0.28000000000015646}}, {"type": "Feature", "geometry": {"type": "Polygon", "coordinates": [[[-77.559301956, 38.67559994], [-77.559301956, 38.710656935], [-77.514386192, 38.710656935], [-77.514386192, 38.67559994], [-77.559301956, 38.67559994]]]}, "properties": {"grid_id": 699, "solar_count": 0, "solar_density": 0}}, {"type": "Feature", "geometry": {"type": "Polygon", "coordinates": [[[-77.514386192, 38.67559994], [-77.514386192, 38.710656935], [-77.469470427, 38.710656935], [-77.469470427, 38.67559994], [-77.514386192, 38.67559994]]]}, "properties": {"grid_id": 700, "solar_count": 7, "solar_density": 0.28000000000015646}}, {"type": "Feature", "geometry": {"type": "Polygon", "coordinates": [[[-77.60421772, 38.67559994], [-77.60421772, 38.710656935], [-77.559301956, 38.710656935], [-77.559301956, 38.67559994], [-77.60421772, 38.67559994]]]}, "properties": {"grid_id": 701, "solar_count": 0, "solar_density": 0}}, {"type": "Feature", "geometry": {"type": "Polygon", "coordinates": [[[-77.559301956, 38.67559994], [-77.559301956, 38.710656935], [-77.514386192, 38.710656935], [-77.514386192, 38.67559994], [-77.559301956, 38.67559994]]]}, "properties": {"grid_id": 702, "solar_count": 0, "solar_density": 0}}, {"type": "Feature", "geometry": {"type": "Polygon", "coordinates": [[[-77.514386192, 38.67559994], [-77.514386192, 38.710656935], [-77.469470427, 38.710656935], [-77.469470427, 38.67559994], [-77.514386192, 38.67559994]]]}, "properties": {"grid_id": 703, "solar_count": 7, "solar_density": 0.28000000000015646}}, {"type": "Feature", "geometry": {"type": "Polygon", "coordinates": [[[-77.514386192, 38.710656935], [-77.514386192, 38.745696747], [-77.469470427, 38.745696747], [-77.469470427, 38.710656935], [-77.514386192, 38.710656935]]]}, "properties": {"grid_id": 704, "solar_count": 0, "solar_density": 0}}, {"type": "Feature", "geometry": {"type": "Polygon", "coordinates": [[[-77.559301956, 38.710656935], [-77.559301956, 38.745696747], [-77.514386192, 38.745696747], [-77.514386192, 38.710656935], [-77.559301956, 38.710656935]]]}, "properties": {"grid_id": 705, "solar_count": 12, "solar_density": 0.48}}, {"type": "Feature", "geometry": {"type": "Polygon", "coordinates": [[[-77.514386192, 38.710656935], [-77.514386192, 38.745696747], [-77.469470427, 38.745696747], [-77.469470427, 38.710656935], [-77.514386192, 38.710656935]]]}, "properties": {"grid_id": 706, "solar_count": 0, "solar_density": 0}}, {"type": "Feature", "geometry": {"type": "Polygon", "coordinates": [[[-77.60421772, 38.710656935], [-77.60421772, 38.745696747], [-77.559301956, 38.745696747], [-77.559301956, 38.710656935], [-77.60421772, 38.710656935]]]}, "properties": {"grid_id": 707, "solar_count": 11, "solar_density": 0.43999999999983613}}, {"type": "Feature", "geometry": {"type": "Polygon", "coordinates": [[[-77.559301956, 38.710656935], [-77.559301956, 38.745696747], [-77.514386192, 38.745696747], [-77.514386192, 38.710656935], [-77.559301956, 38.710656935]]]}, "properties": {"grid_id": 708, "solar_count": 12, "solar_density": 0.48}}, {"type": "Feature", "geometry": {"type": "Polygon", "coordinates": [[[-77.559301956, 38.710656935], [-77.559301956, 38.745696747], [-77.514386192, 38.745696747], [-77.514386192, 38.710656935], [-77.559301956, 38.710656935]]]}, "properties": {"grid_id": 709, "solar_count": 12, "solar_density": 0.48}}, {"type": "Feature", "geometry": {"type": "Polygon", "coordinates": [[[-77.60421772, 38.710656935], [-77.60421772, 38.745696747], [-77.559301956, 38.745696747], [-77.559301956, 38.710656935], [-77.60421772, 38.710656935]]]}, "properties": {"grid_id": 710, "solar_count": 11, "solar_density": 0.43999999999983613}}, {"type": "Feature", "geometry": {"type": "Polygon", "coordinates": [[[-77.559301956, 38.710656935], [-77.559301956, 38.745696747], [-77.514386192, 38.745696747], [-77.514386192, 38.710656935], [-77.559301956, 38.710656935]]]}, "properties": {"grid_id": 711, "solar_count": 12, "solar_density": 0.48}}, {"type": "Feature", "geometry": {"type": "Polygon", "coordinates": [[[-77.514386192, 38.745696747], [-77.514386192, 38.780719371], [-77.469470427, 38.780719371], [-77.469470427, 38.745696747], [-77.514386192, 38.745696747]]]}, "properties": {"grid_id": 712, "solar_count": 7, "solar_density": 0.28000000000005215}}, {"type": "Feature", "geometry": {"type": "Polygon", "coordinates": [[[-77.60421772, 38.745696747], [-77.60421772, 38.780719371], [-77.559301956, 38.780719371], [-77.559301956, 38.745696747], [-77.60421772, 38.745696747]]]}, "properties": {"grid_id": 713, "solar_count": 60, "solar_density": 2.3999999999986588}}, {"type": "Feature", "geometry": {"type": "Polygon", "coordinates": [[[-77.559301956, 38.745696747], [-77.559301956, 38.780719371], [-77.514386192, 38.780719371], [-77.514386192, 38.745696747], [-77.559301956, 38.745696747]]]}, "properties": {"grid_id": 714, "solar_count": 12, "solar_density": 0.47999999999991055}}, {"type": "Feature", "geometry": {"type": "Polygon", "coordinates": [[[-77.514386192, 38.745696747], [-77.514386192, 38.780719371], [-77.469470427, 38.780719371], [-77.469470427, 38.745696747], [-77.514386192, 38.745696747]]]}, "properties": {"grid_id": 715, "solar_count": 7, "solar_density": 0.28000000000005215}}, {"type": "Feature", "geometry": {"type": "Polygon", "coordinates": [[[-77.60421772, 38.745696747], [-77.60421772, 38.780719371], [-77.559301956, 38.780719371], [-77.559301956, 38.745696747], [-77.60421772, 38.745696747]]]}, "properties": {"grid_id": 716, "solar_count": 60, "solar_density": 2.3999999999986588}}, {"type": "Feature", "geometry": {"type": "Polygon", "coordinates": [[[-77.559301956, 38.745696747], [-77.559301956, 38.780719371], [-77.514386192, 38.780719371], [-77.514386192, 38.745696747], [-77.559301956, 38.745696747]]]}, "properties": {"grid_id": 717, "solar_count": 12, "solar_density": 0.47999999999991055}}, {"type": "Feature", "geometry": {"type": "Polygon", "coordinates": [[[-77.60421772, 38.745696747], [-77.60421772, 38.780719371], [-77.559301956, 38.780719371], [-77.559301956, 38.745696747], [-77.60421772, 38.745696747]]]}, "properties": {"grid_id": 718, "solar_count": 60, "solar_density": 2.3999999999986588}}, {"type": "Feature", "geometry": {"type": "Polygon", "coordinates": [[[-77.559301956, 38.745696747], [-77.559301956, 38.780719371], [-77.514386192, 38.780719371], [-77.514386192, 38.745696747], [-77.559301956, 38.745696747]]]}, "properties": {"grid_id": 719, "solar_count": 12, "solar_density": 0.47999999999991055}}, {"type": "Feature", "geometry": {"type": "Polygon", "coordinates": [[[-77.514386192, 38.745696747], [-77.514386192, 38.780719371], [-77.469470427, 38.780719371], [-77.469470427, 38.745696747], [-77.514386192, 38.745696747]]]}, "properties": {"grid_id": 720, "solar_count": 7, "solar_density": 0.28000000000005215}}, {"type": "Feature", "geometry": {"type": "Polygon", "coordinates": [[[-77.60421772, 38.745696747], [-77.60421772, 38.780719371], [-77.559301956, 38.780719371], [-77.559301956, 38.745696747], [-77.60421772, 38.745696747]]]}, "properties": {"grid_id": 721, "solar_count": 60, "solar_density": 2.3999999999986588}}, {"type": "Feature", "geometry": {"type": "Polygon", "coordinates": [[[-77.514386192, 38.780719371], [-77.514386192, 38.815724803], [-77.469470427, 38.815724803], [-77.469470427, 38.780719371], [-77.514386192, 38.780719371]]]}, "properties": {"grid_id": 722, "solar_count": 23, "solar_density": 0.9200000000003427}}, {"type": "Feature", "geometry": {"type": "Polygon", "coordinates": [[[-77.60421772, 38.780719371], [-77.60421772, 38.815724803], [-77.559301956, 38.815724803], [-77.559301956, 38.780719371], [-77.60421772, 38.780719371]]]}, "properties": {"grid_id": 723, "solar_count": 8, "solar_density": 0.3199999999998808}}, {"type": "Feature", "geometry": {"type": "Polygon", "coordinates": [[[-77.514386192, 38.780719371], [-77.514386192, 38.815724803], [-77.469470427, 38.815724803], [-77.469470427, 38.780719371], [-77.514386192, 38.780719371]]]}, "properties": {"grid_id": 724, "solar_count": 23, "solar_density": 0.9200000000003427}}, {"type": "Feature", "geometry": {"type": "Polygon", "coordinates": [[[-77.514386192, 38.780719371], [-77.514386192, 38.815724803], [-77.469470427, 38.815724803], [-77.469470427, 38.780719371], [-77.514386192, 38.780719371]]]}, "properties": {"grid_id": 725, "solar_count": 23, "solar_density": 0.9200000000003427}}, {"type": "Feature", "geometry": {"type": "Polygon", "coordinates": [[[-77.60421772, 38.780719371], [-77.60421772, 38.815724803], [-77.559301956, 38.815724803], [-77.559301956, 38.780719371], [-77.60421772, 38.780719371]]]}, "properties": {"grid_id": 726, "solar_count": 8, "solar_density": 0.3199999999998808}}, {"type": "Feature", "geometry": {"type": "Polygon", "coordinates": [[[-77.60421772, 38.780719371], [-77.60421772, 38.815724803], [-77.559301956, 38.815724803], [-77.559301956, 38.780719371], [-77.60421772, 38.780719371]]]}, "properties": {"grid_id": 727, "solar_count": 8, "solar_density": 0.3199999999998808}}, {"type": "Feature", "geometry": {"type": "Polygon", "coordinates": [[[-77.559301956, 38.780719371], [-77.559301956, 38.815724803], [-77.514386192, 38.815724803], [-77.514386192, 38.780719371], [-77.559301956, 38.780719371]]]}, "properties": {"grid_id": 728, "solar_count": 18, "solar_density": 0.72}}, {"type": "Feature", "geometry": {"type": "Polygon", "coordinates": [[[-77.514386192, 38.780719371], [-77.514386192, 38.815724803], [-77.469470427, 38.815724803], [-77.469470427, 38.780719371], [-77.514386192, 38.780719371]]]}, "properties": {"grid_id": 729, "solar_count": 23, "solar_density": 0.9200000000003427}}, {"type": "Feature", "geometry": {"type": "Polygon", "coordinates": [[[-77.495880897, 38.740511938], [-77.495880897, 38.775537106], [-77.450965133, 38.775537106], [-77.450965133, 38.740511938], [-77.495880897, 38.740511938]]]}, "properties": {"grid_id": 730, "solar_count": 7, "solar_density": 0.27999999999994785}}, {"type": "Feature", "geometry": {"type": "Polygon", "coordinates": [[[-77.540796661, 38.740511938], [-77.540796661, 38.775537106], [-77.495880897, 38.775537106], [-77.495880897, 38.740511938], [-77.540796661, 38.740511938]]]}, "properties": {"grid_id": 731, "solar_count": 1, "solar_density": 0.04000000000002235}}, {"type": "Feature", "geometry": {"type": "Polygon", "coordinates": [[[-77.495880897, 38.740511938], [-77.495880897, 38.775537106], [-77.450965133, 38.775537106], [-77.450965133, 38.740511938], [-77.495880897, 38.740511938]]]}, "properties": {"grid_id": 732, "solar_count": 7, "solar_density": 0.27999999999994785}}, {"type": "Feature", "geometry": {"type": "Polygon", "coordinates": [[[-77.585712425, 38.740511938], [-77.585712425, 38.775537106], [-77.540796661, 38.775537106], [-77.540796661, 38.740511938], [-77.585712425, 38.740511938]]]}, "properties": {"grid_id": 733, "solar_count": 44, "solar_density": 1.760000000000328}}, {"type": "Feature", "geometry": {"type": "Polygon", "coordinates": [[[-77.540796661, 38.740511938], [-77.540796661, 38.775537106], [-77.495880897, 38.775537106], [-77.495880897, 38.740511938], [-77.540796661, 38.740511938]]]}, "properties": {"grid_id": 734, "solar_count": 1, "solar_density": 0.04000000000002235}}, {"type": "Feature", "geometry": {"type": "Polygon", "coordinates": [[[-77.585712425, 38.740511938], [-77.585712425, 38.775537106], [-77.540796661, 38.775537106], [-77.540796661, 38.740511938], [-77.585712425, 38.740511938]]]}, "properties": {"grid_id": 735, "solar_count": 44, "solar_density": 1.760000000000328}}, {"type": "Feature", "geometry": {"type": "Polygon", "coordinates": [[[-77.540796661, 38.740511938], [-77.540796661, 38.775537106], [-77.495880897, 38.775537106], [-77.495880897, 38.740511938], [-77.540796661, 38.740511938]]]}, "properties": {"grid_id": 736, "solar_count": 1, "solar_density": 0.04000000000002235}}, {"type": "Feature", "geometry": {"type": "Polygon", "coordinates": [[[-77.495880897, 38.740511938], [-77.495880897, 38.775537106], [-77.450965133, 38.775537106], [-77.450965133, 38.740511938], [-77.495880897, 38.740511938]]]}, "properties": {"grid_id": 737, "solar_count": 7, "solar_density": 0.27999999999994785}}, {"type": "Feature", "geometry": {"type": "Polygon", "coordinates": [[[-77.585712425, 38.740511938], [-77.585712425, 38.775537106], [-77.540796661, 38.775537106], [-77.540796661, 38.740511938], [-77.585712425, 38.740511938]]]}, "properties": {"grid_id": 738, "solar_count": 44, "solar_density": 1.760000000000328}}, {"type": "Feature", "geometry": {"type": "Polygon", "coordinates": [[[-77.495880897, 38.775537106], [-77.495880897, 38.810545083], [-77.450965133, 38.810545083], [-77.450965133, 38.775537106], [-77.495880897, 38.775537106]]]}, "properties": {"grid_id": 739, "solar_count": 24, "solar_density": 0.9599999999994636}}, {"type": "Feature", "geometry": {"type": "Polygon", "coordinates": [[[-77.585712425, 38.775537106], [-77.585712425, 38.810545083], [-77.540796661, 38.810545083], [-77.540796661, 38.775537106], [-77.585712425, 38.775537106]]]}, "properties": {"grid_id": 740, "solar_count": 0, "solar_density": 0}}, {"type": "Feature", "geometry": {"type": "Polygon", "coordinates": [[[-77.495880897, 38.775537106], [-77.495880897, 38.810545083], [-77.450965133, 38.810545083], [-77.450965133, 38.775537106], [-77.495880897, 38.775537106]]]}, "properties": {"grid_id": 741, "solar_count": 24, "solar_density": 0.9599999999994636}}, {"type": "Feature", "geometry": {"type": "Polygon", "coordinates": [[[-77.495880897, 38.775537106], [-77.495880897, 38.810545083], [-77.450965133, 38.810545083], [-77.450965133, 38.775537106], [-77.495880897, 38.775537106]]]}, "properties": {"grid_id": 742, "solar_count": 24, "solar_density": 0.9599999999994636}}, {"type": "Feature", "geometry": {"type": "Polygon", "coordinates": [[[-77.585712425, 38.775537106], [-77.585712425, 38.810545083], [-77.540796661, 38.810545083], [-77.540796661, 38.775537106], [-77.585712425, 38.775537106]]]}, "properties": {"grid_id": 743, "solar_count": 0, "solar_density": 0}}, {"type": "Feature", "geometry": {"type": "Polygon", "coordinates": [[[-77.585712425, 38.775537106], [-77.585712425, 38.810545083], [-77.540796661, 38.810545083], [-77.540796661, 38.775537106], [-77.585712425, 38.775537106]]]}, "properties": {"grid_id": 744, "solar_count": 0, "solar_density": 0}}, {"type": "Feature", "geometry": {"type": "Polygon", "coordinates": [[[-77.540796661, 38.775537106], [-77.540796661, 38.810545083], [-77.495880897, 38.810545083], [-77.495880897, 38.775537106], [-77.540796661, 38.775537106]]]}, "properties": {"grid_id": 745, "solar_count": 21, "solar_density": 0.8400000000001565}}, {"type": "Feature", "geometry": {"type": "Polygon", "coordinates": [[[-77.495880897, 38.775537106], [-77.495880897, 38.810545083], [-77.450965133, 38.810545083], [-77.450965133, 38.775537106], [-77.495880897, 38.775537106]]]}, "properties": {"grid_id": 746, "solar_count": 24, "solar_density": 0.9599999999994636}}, {"type": "Feature", "geometry": {"type": "Polygon", "coordinates": [[[-77.585712425, 38.810545083], [-77.585712425, 38.845535864], [-77.540796661, 38.845535864], [-77.540796661, 38.810545083], [-77.585712425, 38.810545083]]]}, "properties": {"grid_id": 747, "solar_count": 5, "solar_density": 0.19999999999996274}}, {"type": "Feature", "geometry": {"type": "Polygon", "coordinates": [[[-77.585712425, 38.810545083], [-77.585712425, 38.845535864], [-77.540796661, 38.845535864], [-77.540796661, 38.810545083], [-77.585712425, 38.810545083]]]}, "properties": {"grid_id": 748, "solar_count": 5, "solar_density": 0.19999999999996274}}, {"type": "Feature", "geometry": {"type": "Polygon", "coordinates": [[[-77.540796661, 38.810545083], [-77.540796661, 38.845535864], [-77.495880897, 38.845535864], [-77.495880897, 38.810545083], [-77.540796661, 38.810545083]]]}, "properties": {"grid_id": 749, "solar_count": 12, "solar_density": 0.4800000000000894}}, {"type": "Feature", "geometry": {"type": "Polygon", "coordinates": [[[-77.495880897, 38.810545083], [-77.495880897, 38.845535864], [-77.450965133, 38.845535864], [-77.450965133, 38.810545083], [-77.495880897, 38.810545083]]]}, "properties": {"grid_id": 750, "solar_count": 27, "solar_density": 1.0799999999993966}}, {"type": "Feature", "geometry": {"type": "Polygon", "coordinates": [[[-77.585712425, 38.810545083], [-77.585712425, 38.845535864], [-77.540796661, 38.845535864], [-77.540796661, 38.810545083], [-77.585712425, 38.810545083]]]}, "properties": {"grid_id": 751, "solar_count": 5, "solar_density": 0.19999999999996274}}, {"type": "Feature", "geometry": {"type": "Polygon", "coordinates": [[[-77.540796661, 38.810545083], [-77.540796661, 38.845535864], [-77.495880897, 38.845535864], [-77.495880897, 38.810545083], [-77.540796661, 38.810545083]]]}, "properties": {"grid_id": 752, "solar_count": 12, "solar_density": 0.4800000000000894}}, {"type": "Feature", "geometry": {"type": "Polygon", "coordinates": [[[-77.495880897, 38.810545083], [-77.495880897, 38.845535864], [-77.450965133, 38.845535864], [-77.450965133, 38.810545083], [-77.495880897, 38.810545083]]]}, "properties": {"grid_id": 753, "solar_count": 27, "solar_density": 1.0799999999993966}}, {"type": "Feature", "geometry": {"type": "Polygon", "coordinates": [[[-77.540796661, 38.810545083], [-77.540796661, 38.845535864], [-77.495880897, 38.845535864], [-77.495880897, 38.810545083], [-77.540796661, 38.810545083]]]}, "properties": {"grid_id": 754, "solar_count": 12, "solar_density": 0.4800000000000894}}, {"type": "Feature", "geometry": {"type": "Polygon", "coordinates": [[[-77.495880897, 38.810545083], [-77.495880897, 38.845535864], [-77.450965133, 38.845535864], [-77.450965133, 38.810545083], [-77.495880897, 38.810545083]]]}, "properties": {"grid_id": 755, "solar_count": 27, "solar_density": 1.0799999999993966}}, {"type": "Feature", "geometry": {"type": "Polygon", "coordinates": [[[-77.585712425, 38.845535864], [-77.585712425, 38.880509445], [-77.540796661, 38.880509445], [-77.540796661, 38.845535864], [-77.585712425, 38.845535864]]]}, "properties": {"grid_id": 756, "solar_count": 15, "solar_density": 0.6000000000002235}}, {"type": "Feature", "geometry": {"type": "Polygon", "coordinates": [[[-77.585712425, 38.845535864], [-77.585712425, 38.880509445], [-77.540796661, 38.880509445], [-77.540796661, 38.845535864], [-77.585712425, 38.845535864]]]}, "properties": {"grid_id": 757, "solar_count": 15, "solar_density": 0.6000000000002235}}, {"type": "Feature", "geometry": {"type": "Polygon", "coordinates": [[[-77.585712425, 38.845535864], [-77.585712425, 38.880509445], [-77.540796661, 38.880509445], [-77.540796661, 38.845535864], [-77.585712425, 38.845535864]]]}, "properties": {"grid_id": 758, "solar_count": 15, "solar_density": 0.6000000000002235}}, {"type": "Feature", "geometry": {"type": "Polygon", "coordinates": [[[-77.540796661, 38.845535864], [-77.540796661, 38.880509445], [-77.495880897, 38.880509445], [-77.495880897, 38.845535864], [-77.540796661, 38.845535864]]]}, "properties": {"grid_id": 759, "solar_count": 16, "solar_density": 0.6400000000004769}}, {"type": "Feature", "geometry": {"type": "Polygon", "coordinates": [[[-77.585712425, 38.845535864], [-77.585712425, 38.880509445], [-77.540796661, 38.880509445], [-77.540796661, 38.845535864], [-77.585712425, 38.845535864]]]}, "properties": {"grid_id": 760, "solar_count": 15, "solar_density": 0.6000000000002235}}, {"type": "Feature", "geometry": {"type": "Polygon", "coordinates": [[[-77.540796661, 38.845535864], [-77.540796661, 38.880509445], [-77.495880897, 38.880509445], [-77.495880897, 38.845535864], [-77.540796661, 38.845535864]]]}, "properties": {"grid_id": 761, "solar_count": 16, "solar_density": 0.6400000000004769}}, {"type": "Feature", "geometry": {"type": "Polygon", "coordinates": [[[-77.495880897, 38.845535864], [-77.495880897, 38.880509445], [-77.450965133, 38.880509445], [-77.450965133, 38.845535864], [-77.495880897, 38.845535864]]]}, "properties": {"grid_id": 762, "solar_count": 46, "solar_density": 1.84}}, {"type": "Feature", "geometry": {"type": "Polygon", "coordinates": [[[-77.540796661, 38.845535864], [-77.540796661, 38.880509445], [-77.495880897, 38.880509445], [-77.495880897, 38.845535864], [-77.540796661, 38.845535864]]]}, "properties": {"grid_id": 763, "solar_count": 16, "solar_density": 0.6400000000004769}}, {"type": "Feature", "geometry": {"type": "Polygon", "coordinates": [[[-77.495880897, 38.845535864], [-77.495880897, 38.880509445], [-77.450965133, 38.880509445], [-77.450965133, 38.845535864], [-77.495880897, 38.845535864]]]}, "properties": {"grid_id": 764, "solar_count": 46, "solar_density": 1.84}}, {"type": "Feature", "geometry": {"type": "Polygon", "coordinates": [[[-77.918322642, 39.046036129], [-77.918322642, 39.080910897], [-77.873406878, 39.080910897], [-77.873406878, 39.046036129], [-77.918322642, 39.046036129]]]}, "properties": {"grid_id": 765, "solar_count": 1, "solar_density": 0.04}}, {"type": "Feature", "geometry": {"type": "Polygon", "coordinates": [[[-77.918322642, 39.046036129], [-77.918322642, 39.080910897], [-77.873406878, 39.080910897], [-77.873406878, 39.046036129], [-77.918322642, 39.046036129]]]}, "properties": {"grid_id": 766, "solar_count": 1, "solar_density": 0.04}}, {"type": "Feature", "geometry": {"type": "Polygon", "coordinates": [[[-77.918322642, 39.046036129], [-77.918322642, 39.080910897], [-77.873406878, 39.080910897], [-77.873406878, 39.046036129], [-77.918322642, 39.046036129]]]}, "properties": {"grid_id": 767, "solar_count": 1, "solar_density": 0.04}}, {"type": "Feature", "geometry": {"type": "Polygon", "coordinates": [[[-77.386762539, 38.627754505], [-77.386762539, 38.662834929], [-77.341846775, 38.662834929], [-77.341846775, 38.627754505], [-77.386762539, 38.627754505]]]}, "properties": {"grid_id": 768, "solar_count": 74, "solar_density": 2.9600000000005515}}, {"type": "Feature", "geometry": {"type": "Polygon", "coordinates": [[[-77.386762539, 38.627754505], [-77.386762539, 38.662834929], [-77.341846775, 38.662834929], [-77.341846775, 38.627754505], [-77.386762539, 38.627754505]]]}, "properties": {"grid_id": 769, "solar_count": 74, "solar_density": 2.9600000000005515}}, {"type": "Feature", "geometry": {"type": "Polygon", "coordinates": [[[-77.341846775, 38.627754505], [-77.341846775, 38.662834929], [-77.296931011, 38.662834929], [-77.296931011, 38.627754505], [-77.341846775, 38.627754505]]]}, "properties": {"grid_id": 770, "solar_count": 26, "solar_density": 1.0400000000005811}}, {"type": "Feature", "geometry": {"type": "Polygon", "coordinates": [[[-77.296931011, 38.627754505], [-77.296931011, 38.662834929], [-77.252015247, 38.662834929], [-77.252015247, 38.627754505], [-77.296931011, 38.627754505]]]}, "properties": {"grid_id": 771, "solar_count": 0, "solar_density": 0}}, {"type": "Feature", "geometry": {"type": "Polygon", "coordinates": [[[-77.341846775, 38.627754505], [-77.341846775, 38.662834929], [-77.296931011, 38.662834929], [-77.296931011, 38.627754505], [-77.341846775, 38.627754505]]]}, "properties": {"grid_id": 772, "solar_count": 26, "solar_density": 1.0400000000005811}}, {"type": "Feature", "geometry": {"type": "Polygon", "coordinates": [[[-77.296931011, 38.627754505], [-77.296931011, 38.662834929], [-77.252015247, 38.662834929], [-77.252015247, 38.627754505], [-77.296931011, 38.627754505]]]}, "properties": {"grid_id": 773, "solar_count": 0, "solar_density": 0}}, {"type": "Feature", "geometry": {"type": "Polygon", "coordinates": [[[-77.386762539, 38.627754505], [-77.386762539, 38.662834929], [-77.341846775, 38.662834929], [-77.341846775, 38.627754505], [-77.386762539, 38.627754505]]]}, "properties": {"grid_id": 774, "solar_count": 74, "solar_density": 2.9600000000005515}}, {"type": "Feature", "geometry": {"type": "Polygon", "coordinates": [[[-77.386762539, 38.662834929], [-77.386762539, 38.697898177], [-77.341846775, 38.697898177], [-77.341846775, 38.662834929], [-77.386762539, 38.662834929]]]}, "properties": {"grid_id": 775, "solar_count": 30, "solar_density": 1.199999999999553}}, {"type": "Feature", "geometry": {"type": "Polygon", "coordinates": [[[-77.386762539, 38.662834929], [-77.386762539, 38.697898177], [-77.341846775, 38.697898177], [-77.341846775, 38.662834929], [-77.386762539, 38.662834929]]]}, "properties": {"grid_id": 776, "solar_count": 30, "solar_density": 1.199999999999553}}, {"type": "Feature", "geometry": {"type": "Polygon", "coordinates": [[[-77.386762539, 38.662834929], [-77.386762539, 38.697898177], [-77.341846775, 38.697898177], [-77.341846775, 38.662834929], [-77.386762539, 38.662834929]]]}, "properties": {"grid_id": 777, "solar_count": 30, "solar_density": 1.199999999999553}}, {"type": "Feature", "geometry": {"type": "Polygon", "coordinates": [[[-77.386762539, 38.697898177], [-77.386762539, 38.732944244], [-77.341846775, 38.732944244], [-77.341846775, 38.697898177], [-77.386762539, 38.697898177]]]}, "properties": {"grid_id": 778, "solar_count": 0, "solar_density": 0}}, {"type": "Feature", "geometry": {"type": "Polygon", "coordinates": [[[-77.386762539, 38.697898177], [-77.386762539, 38.732944244], [-77.341846775, 38.732944244], [-77.341846775, 38.697898177], [-77.386762539, 38.697898177]]]}, "properties": {"grid_id": 779, "solar_count": 0, "solar_density": 0}}, {"type": "Feature", "geometry": {"type": "Polygon", "coordinates": [[[-77.71023689, 38.79793019], [-77.71023689, 38.832927169], [-77.665321126, 38.832927169], [-77.665321126, 38.79793019], [-77.71023689, 38.79793019]]]}, "properties": {"grid_id": 780, "solar_count": 8, "solar_density": 0.3199999999999404}}, {"type": "Feature", "geometry": {"type": "Polygon", "coordinates": [[[-77.71023689, 38.79793019], [-77.71023689, 38.832927169], [-77.665321126, 38.832927169], [-77.665321126, 38.79793019], [-77.71023689, 38.79793019]]]}, "properties": {"grid_id": 781, "solar_count": 8, "solar_density": 0.3199999999999404}}, {"type": "Feature", "geometry": {"type": "Polygon", "coordinates": [[[-77.665321126, 38.79793019], [-77.665321126, 38.832927169], [-77.620405361, 38.832927169], [-77.620405361, 38.79793019], [-77.665321126, 38.79793019]]]}, "properties": {"grid_id": 782, "solar_count": 65, "solar_density": 2.6000000000004846}}, {"type": "Feature", "geometry": {"type": "Polygon", "coordinates": [[[-77.620405361, 38.79793019], [-77.620405361, 38.832927169], [-77.575489597, 38.832927169], [-77.575489597, 38.79793019], [-77.620405361, 38.79793019]]]}, "properties": {"grid_id": 783, "solar_count": 7, "solar_density": 0.27999999999994785}}, {"type": "Feature", "geometry": {"type": "Polygon", "coordinates": [[[-77.620405361, 38.79793019], [-77.620405361, 38.832927169], [-77.575489597, 38.832927169], [-77.575489597, 38.79793019], [-77.620405361, 38.79793019]]]}, "properties": {"grid_id": 784, "solar_count": 7, "solar_density": 0.27999999999994785}}, {"type": "Feature", "geometry": {"type": "Polygon", "coordinates": [[[-77.71023689, 38.79793019], [-77.71023689, 38.832927169], [-77.665321126, 38.832927169], [-77.665321126, 38.79793019], [-77.71023689, 38.79793019]]]}, "properties": {"grid_id": 785, "solar_count": 8, "solar_density": 0.3199999999999404}}, {"type": "Feature", "geometry": {"type": "Polygon", "coordinates": [[[-77.665321126, 38.79793019], [-77.665321126, 38.832927169], [-77.620405361, 38.832927169], [-77.620405361, 38.79793019], [-77.665321126, 38.79793019]]]}, "properties": {"grid_id": 786, "solar_count": 65, "solar_density": 2.6000000000004846}}, {"type": "Feature", "geometry": {"type": "Polygon", "coordinates": [[[-77.620405361, 38.79793019], [-77.620405361, 38.832927169], [-77.575489597, 38.832927169], [-77.575489597, 38.79793019], [-77.620405361, 38.79793019]]]}, "properties": {"grid_id": 787, "solar_count": 7, "solar_density": 0.27999999999994785}}, {"type": "Feature", "geometry": {"type": "Polygon", "coordinates": [[[-77.71023689, 38.79793019], [-77.71023689, 38.832927169], [-77.665321126, 38.832927169], [-77.665321126, 38.79793019], [-77.71023689, 38.79793019]]]}, "properties": {"grid_id": 788, "solar_count": 8, "solar_density": 0.3199999999999404}}, {"type": "Feature", "geometry": {"type": "Polygon", "coordinates": [[[-77.71023689, 38.832927169], [-77.71023689, 38.867906949], [-77.665321126, 38.867906949], [-77.665321126, 38.832927169], [-77.71023689, 38.832927169]]]}, "properties": {"grid_id": 789, "solar_count": 9, "solar_density": 0.36000000000006704}}, {"type": "Feature", "geometry": {"type": "Polygon", "coordinates": [[[-77.620405361, 38.832927169], [-77.620405361, 38.867906949], [-77.575489597, 38.867906949], [-77.575489597, 38.832927169], [-77.620405361, 38.832927169]]]}, "properties": {"grid_id": 790, "solar_count": 5, "solar_density": 0.20000000000003726}}, {"type": "Feature", "geometry": {"type": "Polygon", "coordinates": [[[-77.665321126, 38.832927169], [-77.665321126, 38.867906949], [-77.620405361, 38.867906949], [-77.620405361, 38.832927169], [-77.665321126, 38.832927169]]]}, "properties": {"grid_id": 791, "solar_count": 32, "solar_density": 1.2800000000007152}}, {"type": "Feature", "geometry": {"type": "Polygon", "coordinates": [[[-77.620405361, 38.832927169], [-77.620405361, 38.867906949], [-77.575489597, 38.867906949], [-77.575489597, 38.832927169], [-77.620405361, 38.832927169]]]}, "properties": {"grid_id": 792, "solar_count": 5, "solar_density": 0.20000000000003726}}, {"type": "Feature", "geometry": {"type": "Polygon", "coordinates": [[[-77.71023689, 38.832927169], [-77.71023689, 38.867906949], [-77.665321126, 38.867906949], [-77.665321126, 38.832927169], [-77.71023689, 38.832927169]]]}, "properties": {"grid_id": 793, "solar_count": 9, "solar_density": 0.36000000000006704}}, {"type": "Feature", "geometry": {"type": "Polygon", "coordinates": [[[-77.665321126, 38.832927169], [-77.665321126, 38.867906949], [-77.620405361, 38.867906949], [-77.620405361, 38.832927169], [-77.665321126, 38.832927169]]]}, "properties": {"grid_id": 794, "solar_count": 32, "solar_density": 1.2800000000007152}}, {"type": "Feature", "geometry": {"type": "Polygon", "coordinates": [[[-77.620405361, 38.832927169], [-77.620405361, 38.867906949], [-77.575489597, 38.867906949], [-77.575489597, 38.832927169], [-77.620405361, 38.832927169]]]}, "properties": {"grid_id": 795, "solar_count": 5, "solar_density": 0.20000000000003726}}, {"type": "Feature", "geometry": {"type": "Polygon", "coordinates": [[[-77.71023689, 38.832927169], [-77.71023689, 38.867906949], [-77.665321126, 38.867906949], [-77.665321126, 38.832927169], [-77.71023689, 38.832927169]]]}, "properties": {"grid_id": 796, "solar_count": 9, "solar_density": 0.36000000000006704}}, {"type": "Feature", "geometry": {"type": "Polygon", "coordinates": [[[-77.620405361, 38.867906949], [-77.620405361, 38.902869526], [-77.575489597, 38.902869526], [-77.575489597, 38.867906949], [-77.620405361, 38.867906949]]]}, "properties": {"grid_id": 797, "solar_count": 16, "solar_density": 0.6399999999998808}}, {"type": "Feature", "geometry": {"type": "Polygon", "coordinates": [[[-77.620405361, 38.867906949], [-77.620405361, 38.902869526], [-77.575489597, 38.902869526], [-77.575489597, 38.867906949], [-77.620405361, 38.867906949]]]}, "properties": {"grid_id": 798, "solar_count": 16, "solar_density": 0.6399999999998808}}, {"type": "Feature", "geometry": {"type": "Polygon", "coordinates": [[[-77.620405361, 38.867906949], [-77.620405361, 38.902869526], [-77.575489597, 38.902869526], [-77.575489597, 38.867906949], [-77.620405361, 38.867906949]]]}, "properties": {"grid_id": 799, "solar_count": 16, "solar_density": 0.6399999999998808}}, {"type": "Feature", "geometry": {"type": "Polygon", "coordinates": [[[-77.71023689, 38.867906949], [-77.71023689, 38.902869526], [-77.665321126, 38.902869526], [-77.665321126, 38.867906949], [-77.71023689, 38.867906949]]]}, "properties": {"grid_id": 800, "solar_count": 6, "solar_density": 0.23999999999995528}}, {"type": "Feature", "geometry": {"type": "Polygon", "coordinates": [[[-77.665321126, 38.867906949], [-77.665321126, 38.902869526], [-77.620405361, 38.902869526], [-77.620405361, 38.867906949], [-77.665321126, 38.867906949]]]}, "properties": {"grid_id": 801, "solar_count": 5, "solar_density": 0.20000000000003726}}, {"type": "Feature", "geometry": {"type": "Polygon", "coordinates": [[[-77.620405361, 38.867906949], [-77.620405361, 38.902869526], [-77.575489597, 38.902869526], [-77.575489597, 38.867906949], [-77.620405361, 38.867906949]]]}, "properties": {"grid_id": 802, "solar_count": 16, "solar_density": 0.6399999999998808}}, {"type": "Feature", "geometry": {"type": "Polygon", "coordinates": [[[-77.71023689, 38.867906949], [-77.71023689, 38.902869526], [-77.665321126, 38.902869526], [-77.665321126, 38.867906949], [-77.71023689, 38.867906949]]]}, "properties": {"grid_id": 803, "solar_count": 6, "solar_density": 0.23999999999995528}}, {"type": "Feature", "geometry": {"type": "Polygon", "coordinates": [[[-77.665321126, 38.902869526], [-77.665321126, 38.937814894], [-77.620405361, 38.937814894], [-77.620405361, 38.902869526], [-77.665321126, 38.902869526]]]}, "properties": {"grid_id": 804, "solar_count": 10, "solar_density": 0.400000000000149}}, {"type": "Feature", "geometry": {"type": "Polygon", "coordinates": [[[-77.620405361, 38.902869526], [-77.620405361, 38.937814894], [-77.575489597, 38.937814894], [-77.575489597, 38.902869526], [-77.620405361, 38.902869526]]]}, "properties": {"grid_id": 805, "solar_count": 79, "solar_density": 3.16}}, {"type": "Feature", "geometry": {"type": "Polygon", "coordinates": [[[-77.71023689, 38.902869526], [-77.71023689, 38.937814894], [-77.665321126, 38.937814894], [-77.665321126, 38.902869526], [-77.71023689, 38.902869526]]]}, "properties": {"grid_id": 806, "solar_count": 1, "solar_density": 0.04}}, {"type": "Feature", "geometry": {"type": "Polygon", "coordinates": [[[-77.665321126, 38.902869526], [-77.665321126, 38.937814894], [-77.620405361, 38.937814894], [-77.620405361, 38.902869526], [-77.665321126, 38.902869526]]]}, "properties": {"grid_id": 807, "solar_count": 10, "solar_density": 0.400000000000149}}, {"type": "Feature", "geometry": {"type": "Polygon", "coordinates": [[[-77.620405361, 38.902869526], [-77.620405361, 38.937814894], [-77.575489597, 38.937814894], [-77.575489597, 38.902869526], [-77.620405361, 38.902869526]]]}, "properties": {"grid_id": 808, "solar_count": 79, "solar_density": 3.16}}, {"type": "Feature", "geometry": {"type": "Polygon", "coordinates": [[[-77.71023689, 38.902869526], [-77.71023689, 38.937814894], [-77.665321126, 38.937814894], [-77.665321126, 38.902869526], [-77.71023689, 38.902869526]]]}, "properties": {"grid_id": 809, "solar_count": 1, "solar_density": 0.04}}, {"type": "Feature", "geometry": {"type": "Polygon", "coordinates": [[[-77.665321126, 38.902869526], [-77.665321126, 38.937814894], [-77.620405361, 38.937814894], [-77.620405361, 38.902869526], [-77.665321126, 38.902869526]]]}, "properties": {"grid_id": 810, "solar_count": 10, "solar_density": 0.400000000000149}}, {"type": "Feature", "geometry": {"type": "Polygon", "coordinates": [[[-77.620405361, 38.937814894], [-77.620405361, 38.97274305], [-77.575489597, 38.97274305], [-77.575489597, 38.937814894], [-77.620405361, 38.937814894]]]}, "properties": {"grid_id": 811, "solar_count": 37, "solar_density": 1.4800000000002758}}, {"type": "Feature", "geometry": {"type": "Polygon", "coordinates": [[[-77.620405361, 38.937814894], [-77.620405361, 38.97274305], [-77.575489597, 38.97274305], [-77.575489597, 38.937814894], [-77.620405361, 38.937814894]]]}, "properties": {"grid_id": 812, "solar_count": 37, "solar_density": 1.4800000000002758}}, {"type": "Feature", "geometry": {"type": "Polygon", "coordinates": [[[-77.71023689, 38.937814894], [-77.71023689, 38.97274305], [-77.665321126, 38.97274305], [-77.665321126, 38.937814894], [-77.71023689, 38.937814894]]]}, "properties": {"grid_id": 813, "solar_count": 1, "solar_density": 0.04000000000000745}}, {"type": "Feature", "geometry": {"type": "Polygon", "coordinates": [[[-77.665321126, 38.937814894], [-77.665321126, 38.97274305], [-77.620405361, 38.97274305], [-77.620405361, 38.937814894], [-77.665321126, 38.937814894]]]}, "properties": {"grid_id": 814, "solar_count": 4, "solar_density": 0.1600000000000894}}, {"type": "Feature", "geometry": {"type": "Polygon", "coordinates": [[[-77.71023689, 38.937814894], [-77.71023689, 38.97274305], [-77.665321126, 38.97274305], [-77.665321126, 38.937814894], [-77.71023689, 38.937814894]]]}, "properties": {"grid_id": 815, "solar_count": 1, "solar_density": 0.04000000000000745}}, {"type": "Feature", "geometry": {"type": "Polygon", "coordinates": [[[-77.665321126, 38.937814894], [-77.665321126, 38.97274305], [-77.620405361, 38.97274305], [-77.620405361, 38.937814894], [-77.665321126, 38.937814894]]]}, "properties": {"grid_id": 816, "solar_count": 4, "solar_density": 0.1600000000000894}}, {"type": "Feature", "geometry": {"type": "Polygon", "coordinates": [[[-77.620405361, 38.937814894], [-77.620405361, 38.97274305], [-77.575489597, 38.97274305], [-77.575489597, 38.937814894], [-77.620405361, 38.937814894]]]}, "properties": {"grid_id": 817, "solar_count": 37, "solar_density": 1.4800000000002758}}, {"type": "Feature", "geometry": {"type": "Polygon", "coordinates": [[[-77.665321126, 38.937814894], [-77.665321126, 38.97274305], [-77.620405361, 38.97274305], [-77.620405361, 38.937814894], [-77.665321126, 38.937814894]]]}, "properties": {"grid_id": 818, "solar_count": 4, "solar_density": 0.1600000000000894}}, {"type": "Feature", "geometry": {"type": "Polygon", "coordinates": [[[-77.71023689, 38.937814894], [-77.71023689, 38.97274305], [-77.665321126, 38.97274305], [-77.665321126, 38.937814894], [-77.71023689, 38.937814894]]]}, "properties": {"grid_id": 819, "solar_count": 1, "solar_density": 0.04000000000000745}}, {"type": "Feature", "geometry": {"type": "Polygon", "coordinates": [[[-77.665321126, 38.937814894], [-77.665321126, 38.97274305], [-77.620405361, 38.97274305], [-77.620405361, 38.937814894], [-77.665321126, 38.937814894]]]}, "properties": {"grid_id": 820, "solar_count": 4, "solar_density": 0.1600000000000894}}, {"type": "Feature", "geometry": {"type": "Polygon", "coordinates": [[[-77.397093165, 38.794604583], [-77.397093165, 38.829603195], [-77.352177401, 38.829603195], [-77.352177401, 38.794604583], [-77.397093165, 38.794604583]]]}, "properties": {"grid_id": 821, "solar_count": 17, "solar_density": 0.67999999999962}}, {"type": "Feature", "geometry": {"type": "Polygon", "coordinates": [[[-77.397093165, 38.794604583], [-77.397093165, 38.829603195], [-77.352177401, 38.829603195], [-77.352177401, 38.794604583], [-77.397093165, 38.794604583]]]}, "properties": {"grid_id": 822, "solar_count": 17, "solar_density": 0.67999999999962}}, {"type": "Feature", "geometry": {"type": "Polygon", "coordinates": [[[-77.352177401, 38.794604583], [-77.352177401, 38.829603195], [-77.307261637, 38.829603195], [-77.307261637, 38.794604583], [-77.352177401, 38.794604583]]]}, "properties": {"grid_id": 823, "solar_count": 1, "solar_density": 0.03999999999999255}}, {"type": "Feature", "geometry": {"type": "Polygon", "coordinates": [[[-77.397093165, 38.794604583], [-77.397093165, 38.829603195], [-77.352177401, 38.829603195], [-77.352177401, 38.794604583], [-77.397093165, 38.794604583]]]}, "properties": {"grid_id": 824, "solar_count": 17, "solar_density": 0.67999999999962}}, {"type": "Feature", "geometry": {"type": "Polygon", "coordinates": [[[-77.352177401, 38.794604583], [-77.352177401, 38.829603195], [-77.307261637, 38.829603195], [-77.307261637, 38.794604583], [-77.352177401, 38.794604583]]]}, "properties": {"grid_id": 825, "solar_count": 1, "solar_density": 0.03999999999999255}}, {"type": "Feature", "geometry": {"type": "Polygon", "coordinates": [[[-77.397093165, 38.829603195], [-77.397093165, 38.86458461], [-77.352177401, 38.86458461], [-77.352177401, 38.829603195], [-77.397093165, 38.829603195]]]}, "properties": {"grid_id": 826, "solar_count": 8, "solar_density": 0.3199999999998808}}, {"type": "Feature", "geometry": {"type": "Polygon", "coordinates": [[[-77.397093165, 38.829603195], [-77.397093165, 38.86458461], [-77.352177401, 38.86458461], [-77.352177401, 38.829603195], [-77.397093165, 38.829603195]]]}, "properties": {"grid_id": 827, "solar_count": 8, "solar_density": 0.3199999999998808}}, {"type": "Feature", "geometry": {"type": "Polygon", "coordinates": [[[-77.352177401, 38.829603195], [-77.352177401, 38.86458461], [-77.307261637, 38.86458461], [-77.307261637, 38.829603195], [-77.352177401, 38.829603195]]]}, "properties": {"grid_id": 828, "solar_count": 0, "solar_density": 0}}, {"type": "Feature", "geometry": {"type": "Polygon", "coordinates": [[[-77.559876878, 39.170912677], [-77.559876878, 39.205725686], [-77.514961113, 39.205725686], [-77.514961113, 39.170912677], [-77.559876878, 39.170912677]]]}, "properties": {"grid_id": 829, "solar_count": 1, "solar_density": 0.0400000000000149}}, {"type": "Feature", "geometry": {"type": "Polygon", "coordinates": [[[-77.514961113, 39.170912677], [-77.514961113, 39.205725686], [-77.470045349, 39.205725686], [-77.470045349, 39.170912677], [-77.514961113, 39.170912677]]]}, "properties": {"grid_id": 830, "solar_count": 3, "solar_density": 0.12}}, {"type": "Feature", "geometry": {"type": "Polygon", "coordinates": [[[-77.559876878, 39.170912677], [-77.559876878, 39.205725686], [-77.514961113, 39.205725686], [-77.514961113, 39.170912677], [-77.559876878, 39.170912677]]]}, "properties": {"grid_id": 831, "solar_count": 1, "solar_density": 0.0400000000000149}}, {"type": "Feature", "geometry": {"type": "Polygon", "coordinates": [[[-77.514961113, 39.170912677], [-77.514961113, 39.205725686], [-77.470045349, 39.205725686], [-77.470045349, 39.170912677], [-77.514961113, 39.170912677]]]}, "properties": {"grid_id": 832, "solar_count": 3, "solar_density": 0.12}}, {"type": "Feature", "geometry": {"type": "Polygon", "coordinates": [[[-77.604792642, 39.205725686], [-77.604792642, 39.240521449], [-77.559876878, 39.240521449], [-77.559876878, 39.205725686], [-77.604792642, 39.205725686]]]}, "properties": {"grid_id": 833, "solar_count": 0, "solar_density": 0}}, {"type": "Feature", "geometry": {"type": "Polygon", "coordinates": [[[-77.604792642, 39.205725686], [-77.604792642, 39.240521449], [-77.559876878, 39.240521449], [-77.559876878, 39.205725686], [-77.604792642, 39.205725686]]]}, "properties": {"grid_id": 834, "solar_count": 0, "solar_density": 0}}, {"type": "Feature", "geometry": {"type": "Polygon", "coordinates": [[[-77.514961113, 39.205725686], [-77.514961113, 39.240521449], [-77.470045349, 39.240521449], [-77.470045349, 39.205725686], [-77.514961113, 39.205725686]]]}, "properties": {"grid_id": 835, "solar_count": 8, "solar_density": 0.32}}, {"type": "Feature", "geometry": {"type": "Polygon", "coordinates": [[[-77.470045349, 39.205725686], [-77.470045349, 39.240521449], [-77.425129585, 39.240521449], [-77.425129585, 39.205725686], [-77.470045349, 39.205725686]]]}, "properties": {"grid_id": 836, "solar_count": 0, "solar_density": 0}}, {"type": "Feature", "geometry": {"type": "Polygon", "coordinates": [[[-77.604792642, 39.205725686], [-77.604792642, 39.240521449], [-77.559876878, 39.240521449], [-77.559876878, 39.205725686], [-77.604792642, 39.205725686]]]}, "properties": {"grid_id": 837, "solar_count": 0, "solar_density": 0}}, {"type": "Feature", "geometry": {"type": "Polygon", "coordinates": [[[-77.559876878, 39.205725686], [-77.559876878, 39.240521449], [-77.514961113, 39.240521449], [-77.514961113, 39.205725686], [-77.559876878, 39.205725686]]]}, "properties": {"grid_id": 838, "solar_count": 7, "solar_density": 0.2800000000001043}}, {"type": "Feature", "geometry": {"type": "Polygon", "coordinates": [[[-77.514961113, 39.205725686], [-77.514961113, 39.240521449], [-77.470045349, 39.240521449], [-77.470045349, 39.205725686], [-77.514961113, 39.205725686]]]}, "properties": {"grid_id": 839, "solar_count": 8, "solar_density": 0.32}}, {"type": "Feature", "geometry": {"type": "Polygon", "coordinates": [[[-77.470045349, 39.205725686], [-77.470045349, 39.240521449], [-77.425129585, 39.240521449], [-77.425129585, 39.205725686], [-77.470045349, 39.205725686]]]}, "properties": {"grid_id": 840, "solar_count": 0, "solar_density": 0}}, {"type": "Feature", "geometry": {"type": "Polygon", "coordinates": [[[-77.604792642, 39.240521449], [-77.604792642, 39.275299962], [-77.559876878, 39.275299962], [-77.559876878, 39.240521449], [-77.604792642, 39.240521449]]]}, "properties": {"grid_id": 841, "solar_count": 9, "solar_density": 0.35999999999979887}}, {"type": "Feature", "geometry": {"type": "Polygon", "coordinates": [[[-77.559876878, 39.240521449], [-77.559876878, 39.275299962], [-77.514961113, 39.275299962], [-77.514961113, 39.240521449], [-77.559876878, 39.240521449]]]}, "properties": {"grid_id": 842, "solar_count": 2, "solar_density": 0.0800000000000149}}, {"type": "Feature", "geometry": {"type": "Polygon", "coordinates": [[[-77.559876878, 39.240521449], [-77.559876878, 39.275299962], [-77.514961113, 39.275299962], [-77.514961113, 39.240521449], [-77.559876878, 39.240521449]]]}, "properties": {"grid_id": 843, "solar_count": 2, "solar_density": 0.0800000000000149}}, {"type": "Feature", "geometry": {"type": "Polygon", "coordinates": [[[-77.514961113, 39.240521449], [-77.514961113, 39.275299962], [-77.470045349, 39.275299962], [-77.470045349, 39.240521449], [-77.514961113, 39.240521449]]]}, "properties": {"grid_id": 844, "solar_count": 10, "solar_density": 0.39999999999992547}}, {"type": "Feature", "geometry": {"type": "Polygon", "coordinates": [[[-77.514961113, 39.240521449], [-77.514961113, 39.275299962], [-77.470045349, 39.275299962], [-77.470045349, 39.240521449], [-77.514961113, 39.240521449]]]}, "properties": {"grid_id": 845, "solar_count": 10, "solar_density": 0.39999999999992547}}, {"type": "Feature", "geometry": {"type": "Polygon", "coordinates": [[[-77.604792642, 39.240521449], [-77.604792642, 39.275299962], [-77.559876878, 39.275299962], [-77.559876878, 39.240521449], [-77.604792642, 39.240521449]]]}, "properties": {"grid_id": 846, "solar_count": 9, "solar_density": 0.35999999999979887}}, {"type": "Feature", "geometry": {"type": "Polygon", "coordinates": [[[-77.559876878, 39.240521449], [-77.559876878, 39.275299962], [-77.514961113, 39.275299962], [-77.514961113, 39.240521449], [-77.559876878, 39.240521449]]]}, "properties": {"grid_id": 847, "solar_count": 2, "solar_density": 0.0800000000000149}}, {"type": "Feature", "geometry": {"type": "Polygon", "coordinates": [[[-77.514961113, 39.240521449], [-77.514961113, 39.275299962], [-77.470045349, 39.275299962], [-77.470045349, 39.240521449], [-77.514961113, 39.240521449]]]}, "properties": {"grid_id": 848, "solar_count": 10, "solar_density": 0.39999999999992547}}, {"type": "Feature", "geometry": {"type": "Polygon", "coordinates": [[[-77.371392365, 38.740525951], [-77.371392365, 38.775551113], [-77.3264766, 38.775551113], [-77.3264766, 38.740525951], [-77.371392365, 38.740525951]]]}, "properties": {"grid_id": 849, "solar_count": 15, "solar_density": 0.6000000000002235}}, {"type": "Feature", "geometry": {"type": "Polygon", "coordinates": [[[-77.371392365, 38.740525951], [-77.371392365, 38.775551113], [-77.3264766, 38.775551113], [-77.3264766, 38.740525951], [-77.371392365, 38.740525951]]]}, "properties": {"grid_id": 850, "solar_count": 15, "solar_density": 0.6000000000002235}}, {"type": "Feature", "geometry": {"type": "Polygon", "coordinates": [[[-77.3264766, 38.740525951], [-77.3264766, 38.775551113], [-77.281560836, 38.775551113], [-77.281560836, 38.740525951], [-77.3264766, 38.740525951]]]}, "properties": {"grid_id": 851, "solar_count": 0, "solar_density": 0}}, {"type": "Feature", "geometry": {"type": "Polygon", "coordinates": [[[-77.371392365, 38.775551113], [-77.371392365, 38.810559083], [-77.3264766, 38.810559083], [-77.3264766, 38.775551113], [-77.371392365, 38.775551113]]]}, "properties": {"grid_id": 852, "solar_count": 10, "solar_density": 0.4000000000000745}}, {"type": "Feature", "geometry": {"type": "Polygon", "coordinates": [[[-77.371392365, 38.775551113], [-77.371392365, 38.810559083], [-77.3264766, 38.810559083], [-77.3264766, 38.775551113], [-77.371392365, 38.775551113]]]}, "properties": {"grid_id": 853, "solar_count": 10, "solar_density": 0.4000000000000745}}, {"type": "Feature", "geometry": {"type": "Polygon", "coordinates": [[[-77.371392365, 38.775551113], [-77.371392365, 38.810559083], [-77.3264766, 38.810559083], [-77.3264766, 38.775551113], [-77.371392365, 38.775551113]]]}, "properties": {"grid_id": 854, "solar_count": 10, "solar_density": 0.4000000000000745}}, {"type": "Feature", "geometry": {"type": "Polygon", "coordinates": [[[-77.496824128, 38.867648162], [-77.496824128, 38.902610866], [-77.451908364, 38.902610866], [-77.451908364, 38.867648162], [-77.496824128, 38.867648162]]]}, "properties": {"grid_id": 855, "solar_count": 27, "solar_density": 1.0800000000004022}}, {"type": "Feature", "geometry": {"type": "Polygon", "coordinates": [[[-77.496824128, 38.867648162], [-77.496824128, 38.902610866], [-77.451908364, 38.902610866], [-77.451908364, 38.867648162], [-77.496824128, 38.867648162]]]}, "properties": {"grid_id": 856, "solar_count": 27, "solar_density": 1.0800000000004022}}, {"type": "Feature", "geometry": {"type": "Polygon", "coordinates": [[[-77.496824128, 38.867648162], [-77.496824128, 38.902610866], [-77.451908364, 38.902610866], [-77.451908364, 38.867648162], [-77.496824128, 38.867648162]]]}, "properties": {"grid_id": 857, "solar_count": 27, "solar_density": 1.0800000000004022}}, {"type": "Feature", "geometry": {"type": "Polygon", "coordinates": [[[-77.451908364, 38.867648162], [-77.451908364, 38.902610866], [-77.406992599, 38.902610866], [-77.406992599, 38.867648162], [-77.451908364, 38.867648162]]]}, "properties": {"grid_id": 858, "solar_count": 1, "solar_density": 0.04}}, {"type": "Feature", "geometry": {"type": "Polygon", "coordinates": [[[-77.496824128, 38.902610866], [-77.496824128, 38.937556361], [-77.451908364, 38.937556361], [-77.451908364, 38.902610866], [-77.496824128, 38.902610866]]]}, "properties": {"grid_id": 859, "solar_count": 11, "solar_density": 0.44}}, {"type": "Feature", "geometry": {"type": "Polygon", "coordinates": [[[-77.496824128, 38.902610866], [-77.496824128, 38.937556361], [-77.451908364, 38.937556361], [-77.451908364, 38.902610866], [-77.496824128, 38.902610866]]]}, "properties": {"grid_id": 860, "solar_count": 11, "solar_density": 0.44}}, {"type": "Feature", "geometry": {"type": "Polygon", "coordinates": [[[-77.496824128, 38.902610866], [-77.496824128, 38.937556361], [-77.451908364, 38.937556361], [-77.451908364, 38.902610866], [-77.496824128, 38.902610866]]]}, "properties": {"grid_id": 861, "solar_count": 11, "solar_density": 0.44}}, {"type": "Feature", "geometry": {"type": "Polygon", "coordinates": [[[-77.451908364, 38.902610866], [-77.451908364, 38.937556361], [-77.406992599, 38.937556361], [-77.406992599, 38.902610866], [-77.451908364, 38.902610866]]]}, "properties": {"grid_id": 862, "solar_count": 0, "solar_density": 0}}, {"type": "Feature", "geometry": {"type": "Polygon", "coordinates": [[[-77.472255205, 38.556544636], [-77.472255205, 38.591659886], [-77.427339441, 38.591659886], [-77.427339441, 38.556544636], [-77.472255205, 38.556544636]]]}, "properties": {"grid_id": 863, "solar_count": 0, "solar_density": 0}}, {"type": "Feature", "geometry": {"type": "Polygon", "coordinates": [[[-77.651918262, 38.556544636], [-77.651918262, 38.591659886], [-77.607002497, 38.591659886], [-77.607002497, 38.556544636], [-77.651918262, 38.556544636]]]}, "properties": {"grid_id": 864, "solar_count": 1, "solar_density": 0.04}}, {"type": "Feature", "geometry": {"type": "Polygon", "coordinates": [[[-77.607002497, 38.556544636], [-77.607002497, 38.591659886], [-77.562086733, 38.591659886], [-77.562086733, 38.556544636], [-77.607002497, 38.556544636]]]}, "properties": {"grid_id": 865, "solar_count": 4, "solar_density": 0.1599999999999404}}, {"type": "Feature", "geometry": {"type": "Polygon", "coordinates": [[[-77.651918262, 38.556544636], [-77.651918262, 38.591659886], [-77.607002497, 38.591659886], [-77.607002497, 38.556544636], [-77.651918262, 38.556544636]]]}, "properties": {"grid_id": 866, "solar_count": 1, "solar_density": 0.04}}, {"type": "Feature", "geometry": {"type": "Polygon", "coordinates": [[[-77.607002497, 38.556544636], [-77.607002497, 38.591659886], [-77.562086733, 38.591659886], [-77.562086733, 38.556544636], [-77.607002497, 38.556544636]]]}, "properties": {"grid_id": 867, "solar_count": 4, "solar_density": 0.1599999999999404}}, {"type": "Feature", "geometry": {"type": "Polygon", "coordinates": [[[-77.562086733, 38.556544636], [-77.562086733, 38.591659886], [-77.517170969, 38.591659886], [-77.517170969, 38.556544636], [-77.562086733, 38.556544636]]]}, "properties": {"grid_id": 868, "solar_count": 0, "solar_density": 0}}, {"type": "Feature", "geometry": {"type": "Polygon", "coordinates": [[[-77.562086733, 38.556544636], [-77.562086733, 38.591659886], [-77.517170969, 38.591659886], [-77.517170969, 38.556544636], [-77.562086733, 38.556544636]]]}, "properties": {"grid_id": 869, "solar_count": 0, "solar_density": 0}}, {"type": "Feature", "geometry": {"type": "Polygon", "coordinates": [[[-77.517170969, 38.556544636], [-77.517170969, 38.591659886], [-77.472255205, 38.591659886], [-77.472255205, 38.556544636], [-77.517170969, 38.556544636]]]}, "properties": {"grid_id": 870, "solar_count": 0, "solar_density": 0}}, {"type": "Feature", "geometry": {"type": "Polygon", "coordinates": [[[-77.472255205, 38.556544636], [-77.472255205, 38.591659886], [-77.427339441, 38.591659886], [-77.427339441, 38.556544636], [-77.472255205, 38.556544636]]]}, "properties": {"grid_id": 871, "solar_count": 0, "solar_density": 0}}, {"type": "Feature", "geometry": {"type": "Polygon", "coordinates": [[[-77.562086733, 38.556544636], [-77.562086733, 38.591659886], [-77.517170969, 38.591659886], [-77.517170969, 38.556544636], [-77.562086733, 38.556544636]]]}, "properties": {"grid_id": 872, "solar_count": 0, "solar_density": 0}}, {"type": "Feature", "geometry": {"type": "Polygon", "coordinates": [[[-77.517170969, 38.556544636], [-77.517170969, 38.591659886], [-77.472255205, 38.591659886], [-77.472255205, 38.556544636], [-77.517170969, 38.556544636]]]}, "properties": {"grid_id": 873, "solar_count": 0, "solar_density": 0}}, {"type": "Feature", "geometry": {"type": "Polygon", "coordinates": [[[-77.472255205, 38.556544636], [-77.472255205, 38.591659886], [-77.427339441, 38.591659886], [-77.427339441, 38.556544636], [-77.472255205, 38.556544636]]]}, "properties": {"grid_id": 874, "solar_count": 0, "solar_density": 0}}, {"type": "Feature", "geometry": {"type": "Polygon", "coordinates": [[[-77.562086733, 38.556544636], [-77.562086733, 38.591659886], [-77.517170969, 38.591659886], [-77.517170969, 38.556544636], [-77.562086733, 38.556544636]]]}, "properties": {"grid_id": 875, "solar_count": 0, "solar_density": 0}}, {"type": "Feature", "geometry": {"type": "Polygon", "coordinates": [[[-77.472255205, 38.591659886], [-77.472255205, 38.62675797], [-77.427339441, 38.62675797], [-77.427339441, 38.591659886], [-77.472255205, 38.591659886]]]}, "properties": {"grid_id": 876, "solar_count": 0, "solar_density": 0}}, {"type": "Feature", "geometry": {"type": "Polygon", "coordinates": [[[-77.472255205, 38.591659886], [-77.472255205, 38.62675797], [-77.427339441, 38.62675797], [-77.427339441, 38.591659886], [-77.472255205, 38.591659886]]]}, "properties": {"grid_id": 877, "solar_count": 0, "solar_density": 0}}, {"type": "Feature", "geometry": {"type": "Polygon", "coordinates": [[[-77.607002497, 38.591659886], [-77.607002497, 38.62675797], [-77.562086733, 38.62675797], [-77.562086733, 38.591659886], [-77.607002497, 38.591659886]]]}, "properties": {"grid_id": 878, "solar_count": 0, "solar_density": 0}}, {"type": "Feature", "geometry": {"type": "Polygon", "coordinates": [[[-77.562086733, 38.591659886], [-77.562086733, 38.62675797], [-77.517170969, 38.62675797], [-77.517170969, 38.591659886], [-77.562086733, 38.591659886]]]}, "properties": {"grid_id": 879, "solar_count": 0, "solar_density": 0}}, {"type": "Feature", "geometry": {"type": "Polygon", "coordinates": [[[-77.517170969, 38.591659886], [-77.517170969, 38.62675797], [-77.472255205, 38.62675797], [-77.472255205, 38.591659886], [-77.517170969, 38.591659886]]]}, "properties": {"grid_id": 880, "solar_count": 0, "solar_density": 0}}, {"type": "Feature", "geometry": {"type": "Polygon", "coordinates": [[[-77.607002497, 38.591659886], [-77.607002497, 38.62675797], [-77.562086733, 38.62675797], [-77.562086733, 38.591659886], [-77.607002497, 38.591659886]]]}, "properties": {"grid_id": 881, "solar_count": 0, "solar_density": 0}}, {"type": "Feature", "geometry": {"type": "Polygon", "coordinates": [[[-77.562086733, 38.591659886], [-77.562086733, 38.62675797], [-77.517170969, 38.62675797], [-77.517170969, 38.591659886], [-77.562086733, 38.591659886]]]}, "properties": {"grid_id": 882, "solar_count": 0, "solar_density": 0}}, {"type": "Feature", "geometry": {"type": "Polygon", "coordinates": [[[-77.517170969, 38.591659886], [-77.517170969, 38.62675797], [-77.472255205, 38.62675797], [-77.472255205, 38.591659886], [-77.517170969, 38.591659886]]]}, "properties": {"grid_id": 883, "solar_count": 0, "solar_density": 0}}, {"type": "Feature", "geometry": {"type": "Polygon", "coordinates": [[[-77.472255205, 38.591659886], [-77.472255205, 38.62675797], [-77.427339441, 38.62675797], [-77.427339441, 38.591659886], [-77.472255205, 38.591659886]]]}, "properties": {"grid_id": 884, "solar_count": 0, "solar_density": 0}}, {"type": "Feature", "geometry": {"type": "Polygon", "coordinates": [[[-77.472255205, 38.62675797], [-77.472255205, 38.661838882], [-77.427339441, 38.661838882], [-77.427339441, 38.62675797], [-77.472255205, 38.62675797]]]}, "properties": {"grid_id": 885, "solar_count": 3, "solar_density": 0.11999999999993295}}, {"type": "Feature", "geometry": {"type": "Polygon", "coordinates": [[[-77.607002497, 38.62675797], [-77.607002497, 38.661838882], [-77.562086733, 38.661838882], [-77.562086733, 38.62675797], [-77.607002497, 38.62675797]]]}, "properties": {"grid_id": 886, "solar_count": 0, "solar_density": 0}}, {"type": "Feature", "geometry": {"type": "Polygon", "coordinates": [[[-77.607002497, 38.62675797], [-77.607002497, 38.661838882], [-77.562086733, 38.661838882], [-77.562086733, 38.62675797], [-77.607002497, 38.62675797]]]}, "properties": {"grid_id": 887, "solar_count": 0, "solar_density": 0}}, {"type": "Feature", "geometry": {"type": "Polygon", "coordinates": [[[-77.562086733, 38.62675797], [-77.562086733, 38.661838882], [-77.517170969, 38.661838882], [-77.517170969, 38.62675797], [-77.562086733, 38.62675797]]]}, "properties": {"grid_id": 888, "solar_count": 5, "solar_density": 0.19999999999996274}}, {"type": "Feature", "geometry": {"type": "Polygon", "coordinates": [[[-77.517170969, 38.62675797], [-77.517170969, 38.661838882], [-77.472255205, 38.661838882], [-77.472255205, 38.62675797], [-77.517170969, 38.62675797]]]}, "properties": {"grid_id": 889, "solar_count": 3, "solar_density": 0.11999999999993295}}, {"type": "Feature", "geometry": {"type": "Polygon", "coordinates": [[[-77.472255205, 38.62675797], [-77.472255205, 38.661838882], [-77.427339441, 38.661838882], [-77.427339441, 38.62675797], [-77.472255205, 38.62675797]]]}, "properties": {"grid_id": 890, "solar_count": 3, "solar_density": 0.11999999999993295}}, {"type": "Feature", "geometry": {"type": "Polygon", "coordinates": [[[-77.517170969, 38.661838882], [-77.517170969, 38.696902618], [-77.472255205, 38.696902618], [-77.472255205, 38.661838882], [-77.517170969, 38.661838882]]]}, "properties": {"grid_id": 891, "solar_count": 8, "solar_density": 0.3200000000001192}}, {"type": "Feature", "geometry": {"type": "Polygon", "coordinates": [[[-77.472255205, 38.661838882], [-77.472255205, 38.696902618], [-77.427339441, 38.696902618], [-77.427339441, 38.661838882], [-77.472255205, 38.661838882]]]}, "properties": {"grid_id": 892, "solar_count": 11, "solar_density": 0.44000000000016387}}, {"type": "Feature", "geometry": {"type": "Polygon", "coordinates": [[[-77.696834026, 38.661838882], [-77.696834026, 38.696902618], [-77.651918262, 38.696902618], [-77.651918262, 38.661838882], [-77.696834026, 38.661838882]]]}, "properties": {"grid_id": 893, "solar_count": 0, "solar_density": 0}}, {"type": "Feature", "geometry": {"type": "Polygon", "coordinates": [[[-77.651918262, 38.661838882], [-77.651918262, 38.696902618], [-77.607002497, 38.696902618], [-77.607002497, 38.661838882], [-77.651918262, 38.661838882]]]}, "properties": {"grid_id": 894, "solar_count": 0, "solar_density": 0}}, {"type": "Feature", "geometry": {"type": "Polygon", "coordinates": [[[-77.696834026, 38.661838882], [-77.696834026, 38.696902618], [-77.651918262, 38.696902618], [-77.651918262, 38.661838882], [-77.696834026, 38.661838882]]]}, "properties": {"grid_id": 895, "solar_count": 0, "solar_density": 0}}, {"type": "Feature", "geometry": {"type": "Polygon", "coordinates": [[[-77.562086733, 38.661838882], [-77.562086733, 38.696902618], [-77.517170969, 38.696902618], [-77.517170969, 38.661838882], [-77.562086733, 38.661838882]]]}, "properties": {"grid_id": 896, "solar_count": 0, "solar_density": 0}}, {"type": "Feature", "geometry": {"type": "Polygon", "coordinates": [[[-77.517170969, 38.661838882], [-77.517170969, 38.696902618], [-77.472255205, 38.696902618], [-77.472255205, 38.661838882], [-77.517170969, 38.661838882]]]}, "properties": {"grid_id": 897, "solar_count": 8, "solar_density": 0.3200000000001192}}, {"type": "Feature", "geometry": {"type": "Polygon", "coordinates": [[[-77.651918262, 38.661838882], [-77.651918262, 38.696902618], [-77.607002497, 38.696902618], [-77.607002497, 38.661838882], [-77.651918262, 38.661838882]]]}, "properties": {"grid_id": 898, "solar_count": 0, "solar_density": 0}}, {"type": "Feature", "geometry": {"type": "Polygon", "coordinates": [[[-77.562086733, 38.661838882], [-77.562086733, 38.696902618], [-77.517170969, 38.696902618], [-77.517170969, 38.661838882], [-77.562086733, 38.661838882]]]}, "properties": {"grid_id": 899, "solar_count": 0, "solar_density": 0}}, {"type": "Feature", "geometry": {"type": "Polygon", "coordinates": [[[-77.517170969, 38.661838882], [-77.517170969, 38.696902618], [-77.472255205, 38.696902618], [-77.472255205, 38.661838882], [-77.517170969, 38.661838882]]]}, "properties": {"grid_id": 900, "solar_count": 8, "solar_density": 0.3200000000001192}}, {"type": "Feature", "geometry": {"type": "Polygon", "coordinates": [[[-77.472255205, 38.661838882], [-77.472255205, 38.696902618], [-77.427339441, 38.696902618], [-77.427339441, 38.661838882], [-77.472255205, 38.661838882]]]}, "properties": {"grid_id": 901, "solar_count": 11, "solar_density": 0.44000000000016387}}, {"type": "Feature", "geometry": {"type": "Polygon", "coordinates": [[[-77.517170969, 38.696902618], [-77.517170969, 38.731949173], [-77.472255205, 38.731949173], [-77.472255205, 38.696902618], [-77.517170969, 38.696902618]]]}, "properties": {"grid_id": 902, "solar_count": 1, "solar_density": 0.04000000000000745}}, {"type": "Feature", "geometry": {"type": "Polygon", "coordinates": [[[-77.472255205, 38.696902618], [-77.472255205, 38.731949173], [-77.427339441, 38.731949173], [-77.427339441, 38.696902618], [-77.472255205, 38.696902618]]]}, "properties": {"grid_id": 903, "solar_count": 4, "solar_density": 0.1600000000000298}}, {"type": "Feature", "geometry": {"type": "Polygon", "coordinates": [[[-77.472255205, 38.696902618], [-77.472255205, 38.731949173], [-77.427339441, 38.731949173], [-77.427339441, 38.696902618], [-77.472255205, 38.696902618]]]}, "properties": {"grid_id": 904, "solar_count": 4, "solar_density": 0.1600000000000298}}, {"type": "Feature", "geometry": {"type": "Polygon", "coordinates": [[[-77.696834026, 38.696902618], [-77.696834026, 38.731949173], [-77.651918262, 38.731949173], [-77.651918262, 38.696902618], [-77.696834026, 38.696902618]]]}, "properties": {"grid_id": 905, "solar_count": 9, "solar_density": 0.36000000000006704}}, {"type": "Feature", "geometry": {"type": "Polygon", "coordinates": [[[-77.651918262, 38.696902618], [-77.651918262, 38.731949173], [-77.607002497, 38.731949173], [-77.607002497, 38.696902618], [-77.651918262, 38.696902618]]]}, "properties": {"grid_id": 906, "solar_count": 2, "solar_density": 0.0800000000000149}}, {"type": "Feature", "geometry": {"type": "Polygon", "coordinates": [[[-77.696834026, 38.696902618], [-77.696834026, 38.731949173], [-77.651918262, 38.731949173], [-77.651918262, 38.696902618], [-77.696834026, 38.696902618]]]}, "properties": {"grid_id": 907, "solar_count": 9, "solar_density": 0.36000000000006704}}, {"type": "Feature", "geometry": {"type": "Polygon", "coordinates": [[[-77.607002497, 38.696902618], [-77.607002497, 38.731949173], [-77.562086733, 38.731949173], [-77.562086733, 38.696902618], [-77.607002497, 38.696902618]]]}, "properties": {"grid_id": 908, "solar_count": 0, "solar_density": 0}}, {"type": "Feature", "geometry": {"type": "Polygon", "coordinates": [[[-77.562086733, 38.696902618], [-77.562086733, 38.731949173], [-77.517170969, 38.731949173], [-77.517170969, 38.696902618], [-77.562086733, 38.696902618]]]}, "properties": {"grid_id": 909, "solar_count": 13, "solar_density": 0.5200000000002906}}, {"type": "Feature", "geometry": {"type": "Polygon", "coordinates": [[[-77.696834026, 38.696902618], [-77.696834026, 38.731949173], [-77.651918262, 38.731949173], [-77.651918262, 38.696902618], [-77.696834026, 38.696902618]]]}, "properties": {"grid_id": 910, "solar_count": 9, "solar_density": 0.36000000000006704}}, {"type": "Feature", "geometry": {"type": "Polygon", "coordinates": [[[-77.651918262, 38.696902618], [-77.651918262, 38.731949173], [-77.607002497, 38.731949173], [-77.607002497, 38.696902618], [-77.651918262, 38.696902618]]]}, "properties": {"grid_id": 911, "solar_count": 2, "solar_density": 0.0800000000000149}}, {"type": "Feature", "geometry": {"type": "Polygon", "coordinates": [[[-77.607002497, 38.696902618], [-77.607002497, 38.731949173], [-77.562086733, 38.731949173], [-77.562086733, 38.696902618], [-77.607002497, 38.696902618]]]}, "properties": {"grid_id": 912, "solar_count": 0, "solar_density": 0}}, {"type": "Feature", "geometry": {"type": "Polygon", "coordinates": [[[-77.562086733, 38.696902618], [-77.562086733, 38.731949173], [-77.517170969, 38.731949173], [-77.517170969, 38.696902618], [-77.562086733, 38.696902618]]]}, "properties": {"grid_id": 913, "solar_count": 13, "solar_density": 0.5200000000002906}}, {"type": "Feature", "geometry": {"type": "Polygon", "coordinates": [[[-77.472255205, 38.731949173], [-77.472255205, 38.766978542], [-77.427339441, 38.766978542], [-77.427339441, 38.731949173], [-77.472255205, 38.731949173]]]}, "properties": {"grid_id": 914, "solar_count": 37, "solar_density": 1.48}}, {"type": "Feature", "geometry": {"type": "Polygon", "coordinates": [[[-77.472255205, 38.731949173], [-77.472255205, 38.766978542], [-77.427339441, 38.766978542], [-77.427339441, 38.731949173], [-77.472255205, 38.731949173]]]}, "properties": {"grid_id": 915, "solar_count": 37, "solar_density": 1.48}}, {"type": "Feature", "geometry": {"type": "Polygon", "coordinates": [[[-77.696834026, 38.731949173], [-77.696834026, 38.766978542], [-77.651918262, 38.766978542], [-77.651918262, 38.731949173], [-77.696834026, 38.731949173]]]}, "properties": {"grid_id": 916, "solar_count": 18, "solar_density": 0.72}}, {"type": "Feature", "geometry": {"type": "Polygon", "coordinates": [[[-77.651918262, 38.731949173], [-77.651918262, 38.766978542], [-77.607002497, 38.766978542], [-77.607002497, 38.731949173], [-77.651918262, 38.731949173]]]}, "properties": {"grid_id": 917, "solar_count": 18, "solar_density": 0.72}}, {"type": "Feature", "geometry": {"type": "Polygon", "coordinates": [[[-77.607002497, 38.731949173], [-77.607002497, 38.766978542], [-77.562086733, 38.766978542], [-77.562086733, 38.731949173], [-77.607002497, 38.731949173]]]}, "properties": {"grid_id": 918, "solar_count": 51, "solar_density": 2.03999999999924}}, {"type": "Feature", "geometry": {"type": "Polygon", "coordinates": [[[-77.696834026, 38.731949173], [-77.696834026, 38.766978542], [-77.651918262, 38.766978542], [-77.651918262, 38.731949173], [-77.696834026, 38.731949173]]]}, "properties": {"grid_id": 919, "solar_count": 18, "solar_density": 0.72}}, {"type": "Feature", "geometry": {"type": "Polygon", "coordinates": [[[-77.562086733, 38.731949173], [-77.562086733, 38.766978542], [-77.517170969, 38.766978542], [-77.517170969, 38.731949173], [-77.562086733, 38.731949173]]]}, "properties": {"grid_id": 920, "solar_count": 11, "solar_density": 0.44000000000016387}}, {"type": "Feature", "geometry": {"type": "Polygon", "coordinates": [[[-77.517170969, 38.731949173], [-77.517170969, 38.766978542], [-77.472255205, 38.766978542], [-77.472255205, 38.731949173], [-77.517170969, 38.731949173]]]}, "properties": {"grid_id": 921, "solar_count": 0, "solar_density": 0}}, {"type": "Feature", "geometry": {"type": "Polygon", "coordinates": [[[-77.472255205, 38.731949173], [-77.472255205, 38.766978542], [-77.427339441, 38.766978542], [-77.427339441, 38.731949173], [-77.472255205, 38.731949173]]]}, "properties": {"grid_id": 922, "solar_count": 37, "solar_density": 1.48}}, {"type": "Feature", "geometry": {"type": "Polygon", "coordinates": [[[-77.607002497, 38.731949173], [-77.607002497, 38.766978542], [-77.562086733, 38.766978542], [-77.562086733, 38.731949173], [-77.607002497, 38.731949173]]]}, "properties": {"grid_id": 923, "solar_count": 51, "solar_density": 2.03999999999924}}, {"type": "Feature", "geometry": {"type": "Polygon", "coordinates": [[[-77.562086733, 38.731949173], [-77.562086733, 38.766978542], [-77.517170969, 38.766978542], [-77.517170969, 38.731949173], [-77.562086733, 38.731949173]]]}, "properties": {"grid_id": 924, "solar_count": 11, "solar_density": 0.44000000000016387}}, {"type": "Feature", "geometry": {"type": "Polygon", "coordinates": [[[-77.562086733, 38.731949173], [-77.562086733, 38.766978542], [-77.517170969, 38.766978542], [-77.517170969, 38.731949173], [-77.562086733, 38.731949173]]]}, "properties": {"grid_id": 925, "solar_count": 11, "solar_density": 0.44000000000016387}}, {"type": "Feature", "geometry": {"type": "Polygon", "coordinates": [[[-77.517170969, 38.731949173], [-77.517170969, 38.766978542], [-77.472255205, 38.766978542], [-77.472255205, 38.731949173], [-77.517170969, 38.731949173]]]}, "properties": {"grid_id": 926, "solar_count": 0, "solar_density": 0}}, {"type": "Feature", "geometry": {"type": "Polygon", "coordinates": [[[-77.696834026, 38.731949173], [-77.696834026, 38.766978542], [-77.651918262, 38.766978542], [-77.651918262, 38.731949173], [-77.696834026, 38.731949173]]]}, "properties": {"grid_id": 927, "solar_count": 18, "solar_density": 0.72}}, {"type": "Feature", "geometry": {"type": "Polygon", "coordinates": [[[-77.651918262, 38.731949173], [-77.651918262, 38.766978542], [-77.607002497, 38.766978542], [-77.607002497, 38.731949173], [-77.651918262, 38.731949173]]]}, "properties": {"grid_id": 928, "solar_count": 18, "solar_density": 0.72}}, {"type": "Feature", "geometry": {"type": "Polygon", "coordinates": [[[-77.607002497, 38.731949173], [-77.607002497, 38.766978542], [-77.562086733, 38.766978542], [-77.562086733, 38.731949173], [-77.607002497, 38.731949173]]]}, "properties": {"grid_id": 929, "solar_count": 51, "solar_density": 2.03999999999924}}, {"type": "Feature", "geometry": {"type": "Polygon", "coordinates": [[[-77.562086733, 38.731949173], [-77.562086733, 38.766978542], [-77.517170969, 38.766978542], [-77.517170969, 38.731949173], [-77.562086733, 38.731949173]]]}, "properties": {"grid_id": 930, "solar_count": 11, "solar_density": 0.44000000000016387}}, {"type": "Feature", "geometry": {"type": "Polygon", "coordinates": [[[-77.696834026, 38.766978542], [-77.696834026, 38.801990721], [-77.651918262, 38.801990721], [-77.651918262, 38.766978542], [-77.696834026, 38.766978542]]]}, "properties": {"grid_id": 931, "solar_count": 12, "solar_density": 0.47999999999991055}}, {"type": "Feature", "geometry": {"type": "Polygon", "coordinates": [[[-77.517170969, 38.766978542], [-77.517170969, 38.801990721], [-77.472255205, 38.801990721], [-77.472255205, 38.766978542], [-77.517170969, 38.766978542]]]}, "properties": {"grid_id": 932, "solar_count": 27, "solar_density": 1.079999999999799}}, {"type": "Feature", "geometry": {"type": "Polygon", "coordinates": [[[-77.472255205, 38.766978542], [-77.472255205, 38.801990721], [-77.427339441, 38.801990721], [-77.427339441, 38.766978542], [-77.472255205, 38.766978542]]]}, "properties": {"grid_id": 933, "solar_count": 15, "solar_density": 0.5999999999998882}}, {"type": "Feature", "geometry": {"type": "Polygon", "coordinates": [[[-77.472255205, 38.766978542], [-77.472255205, 38.801990721], [-77.427339441, 38.801990721], [-77.427339441, 38.766978542], [-77.472255205, 38.766978542]]]}, "properties": {"grid_id": 934, "solar_count": 15, "solar_density": 0.5999999999998882}}, {"type": "Feature", "geometry": {"type": "Polygon", "coordinates": [[[-77.696834026, 38.766978542], [-77.696834026, 38.801990721], [-77.651918262, 38.801990721], [-77.651918262, 38.766978542], [-77.696834026, 38.766978542]]]}, "properties": {"grid_id": 935, "solar_count": 12, "solar_density": 0.47999999999991055}}, {"type": "Feature", "geometry": {"type": "Polygon", "coordinates": [[[-77.651918262, 38.766978542], [-77.651918262, 38.801990721], [-77.607002497, 38.801990721], [-77.607002497, 38.766978542], [-77.651918262, 38.766978542]]]}, "properties": {"grid_id": 936, "solar_count": 29, "solar_density": 1.1599999999997839}}, {"type": "Feature", "geometry": {"type": "Polygon", "coordinates": [[[-77.607002497, 38.766978542], [-77.607002497, 38.801990721], [-77.562086733, 38.801990721], [-77.562086733, 38.766978542], [-77.607002497, 38.766978542]]]}, "properties": {"grid_id": 937, "solar_count": 27, "solar_density": 1.0799999999993966}}, {"type": "Feature", "geometry": {"type": "Polygon", "coordinates": [[[-77.696834026, 38.766978542], [-77.696834026, 38.801990721], [-77.651918262, 38.801990721], [-77.651918262, 38.766978542], [-77.696834026, 38.766978542]]]}, "properties": {"grid_id": 938, "solar_count": 12, "solar_density": 0.47999999999991055}}, {"type": "Feature", "geometry": {"type": "Polygon", "coordinates": [[[-77.517170969, 38.766978542], [-77.517170969, 38.801990721], [-77.472255205, 38.801990721], [-77.472255205, 38.766978542], [-77.517170969, 38.766978542]]]}, "properties": {"grid_id": 939, "solar_count": 27, "solar_density": 1.079999999999799}}, {"type": "Feature", "geometry": {"type": "Polygon", "coordinates": [[[-77.472255205, 38.766978542], [-77.472255205, 38.801990721], [-77.427339441, 38.801990721], [-77.427339441, 38.766978542], [-77.472255205, 38.766978542]]]}, "properties": {"grid_id": 940, "solar_count": 15, "solar_density": 0.5999999999998882}}, {"type": "Feature", "geometry": {"type": "Polygon", "coordinates": [[[-77.517170969, 38.766978542], [-77.517170969, 38.801990721], [-77.472255205, 38.801990721], [-77.472255205, 38.766978542], [-77.517170969, 38.766978542]]]}, "properties": {"grid_id": 941, "solar_count": 27, "solar_density": 1.079999999999799}}, {"type": "Feature", "geometry": {"type": "Polygon", "coordinates": [[[-77.472255205, 38.766978542], [-77.472255205, 38.801990721], [-77.427339441, 38.801990721], [-77.427339441, 38.766978542], [-77.472255205, 38.766978542]]]}, "properties": {"grid_id": 942, "solar_count": 15, "solar_density": 0.5999999999998882}}, {"type": "Feature", "geometry": {"type": "Polygon", "coordinates": [[[-77.607002497, 38.766978542], [-77.607002497, 38.801990721], [-77.562086733, 38.801990721], [-77.562086733, 38.766978542], [-77.607002497, 38.766978542]]]}, "properties": {"grid_id": 943, "solar_count": 27, "solar_density": 1.0799999999993966}}, {"type": "Feature", "geometry": {"type": "Polygon", "coordinates": [[[-77.562086733, 38.766978542], [-77.562086733, 38.801990721], [-77.517170969, 38.801990721], [-77.517170969, 38.766978542], [-77.562086733, 38.766978542]]]}, "properties": {"grid_id": 944, "solar_count": 24, "solar_density": 0.9600000000001788}}, {"type": "Feature", "geometry": {"type": "Polygon", "coordinates": [[[-77.607002497, 38.766978542], [-77.607002497, 38.801990721], [-77.562086733, 38.801990721], [-77.562086733, 38.766978542], [-77.607002497, 38.766978542]]]}, "properties": {"grid_id": 945, "solar_count": 27, "solar_density": 1.0799999999993966}}, {"type": "Feature", "geometry": {"type": "Polygon", "coordinates": [[[-77.562086733, 38.766978542], [-77.562086733, 38.801990721], [-77.517170969, 38.801990721], [-77.517170969, 38.766978542], [-77.562086733, 38.766978542]]]}, "properties": {"grid_id": 946, "solar_count": 24, "solar_density": 0.9600000000001788}}, {"type": "Feature", "geometry": {"type": "Polygon", "coordinates": [[[-77.517170969, 38.766978542], [-77.517170969, 38.801990721], [-77.472255205, 38.801990721], [-77.472255205, 38.766978542], [-77.517170969, 38.766978542]]]}, "properties": {"grid_id": 947, "solar_count": 27, "solar_density": 1.079999999999799}}, {"type": "Feature", "geometry": {"type": "Polygon", "coordinates": [[[-77.472255205, 38.766978542], [-77.472255205, 38.801990721], [-77.427339441, 38.801990721], [-77.427339441, 38.766978542], [-77.472255205, 38.766978542]]]}, "properties": {"grid_id": 948, "solar_count": 15, "solar_density": 0.5999999999998882}}, {"type": "Feature", "geometry": {"type": "Polygon", "coordinates": [[[-77.696834026, 38.766978542], [-77.696834026, 38.801990721], [-77.651918262, 38.801990721], [-77.651918262, 38.766978542], [-77.696834026, 38.766978542]]]}, "properties": {"grid_id": 949, "solar_count": 12, "solar_density": 0.47999999999991055}}, {"type": "Feature", "geometry": {"type": "Polygon", "coordinates": [[[-77.651918262, 38.766978542], [-77.651918262, 38.801990721], [-77.607002497, 38.801990721], [-77.607002497, 38.766978542], [-77.651918262, 38.766978542]]]}, "properties": {"grid_id": 950, "solar_count": 29, "solar_density": 1.1599999999997839}}, {"type": "Feature", "geometry": {"type": "Polygon", "coordinates": [[[-77.696834026, 38.766978542], [-77.696834026, 38.801990721], [-77.651918262, 38.801990721], [-77.651918262, 38.766978542], [-77.696834026, 38.766978542]]]}, "properties": {"grid_id": 951, "solar_count": 12, "solar_density": 0.47999999999991055}}, {"type": "Feature", "geometry": {"type": "Polygon", "coordinates": [[[-77.651918262, 38.766978542], [-77.651918262, 38.801990721], [-77.607002497, 38.801990721], [-77.607002497, 38.766978542], [-77.651918262, 38.766978542]]]}, "properties": {"grid_id": 952, "solar_count": 29, "solar_density": 1.1599999999997839}}, {"type": "Feature", "geometry": {"type": "Polygon", "coordinates": [[[-77.89834411, 39.023246629], [-77.89834411, 39.05813265], [-77.853428346, 39.05813265], [-77.853428346, 39.023246629], [-77.89834411, 39.023246629]]]}, "properties": {"grid_id": 953, "solar_count": 0, "solar_density": 0}}, {"type": "Feature", "geometry": {"type": "Polygon", "coordinates": [[[-77.853428346, 39.023246629], [-77.853428346, 39.05813265], [-77.808512582, 39.05813265], [-77.808512582, 39.023246629], [-77.853428346, 39.023246629]]]}, "properties": {"grid_id": 954, "solar_count": 1, "solar_density": 0.04}}, {"type": "Feature", "geometry": {"type": "Polygon", "coordinates": [[[-77.853428346, 39.023246629], [-77.853428346, 39.05813265], [-77.808512582, 39.05813265], [-77.808512582, 39.023246629], [-77.853428346, 39.023246629]]]}, "properties": {"grid_id": 955, "solar_count": 1, "solar_density": 0.04}}, {"type": "Feature", "geometry": {"type": "Polygon", "coordinates": [[[-77.89834411, 39.023246629], [-77.89834411, 39.05813265], [-77.853428346, 39.05813265], [-77.853428346, 39.023246629], [-77.89834411, 39.023246629]]]}, "properties": {"grid_id": 956, "solar_count": 0, "solar_density": 0}}, {"type": "Feature", "geometry": {"type": "Polygon", "coordinates": [[[-77.89834411, 39.023246629], [-77.89834411, 39.05813265], [-77.853428346, 39.05813265], [-77.853428346, 39.023246629], [-77.89834411, 39.023246629]]]}, "properties": {"grid_id": 957, "solar_count": 0, "solar_density": 0}}, {"type": "Feature", "geometry": {"type": "Polygon", "coordinates": [[[-77.853428346, 39.023246629], [-77.853428346, 39.05813265], [-77.808512582, 39.05813265], [-77.808512582, 39.023246629], [-77.853428346, 39.023246629]]]}, "properties": {"grid_id": 958, "solar_count": 1, "solar_density": 0.04}}, {"type": "Feature", "geometry": {"type": "Polygon", "coordinates": [[[-77.89834411, 39.05813265], [-77.89834411, 39.093001443], [-77.853428346, 39.093001443], [-77.853428346, 39.05813265], [-77.89834411, 39.05813265]]]}, "properties": {"grid_id": 959, "solar_count": 0, "solar_density": 0}}, {"type": "Feature", "geometry": {"type": "Polygon", "coordinates": [[[-77.853428346, 39.05813265], [-77.853428346, 39.093001443], [-77.808512582, 39.093001443], [-77.808512582, 39.05813265], [-77.853428346, 39.05813265]]]}, "properties": {"grid_id": 960, "solar_count": 6, "solar_density": 0.23999999999991062}}, {"type": "Feature", "geometry": {"type": "Polygon", "coordinates": [[[-77.853428346, 39.05813265], [-77.853428346, 39.093001443], [-77.808512582, 39.093001443], [-77.808512582, 39.05813265], [-77.853428346, 39.05813265]]]}, "properties": {"grid_id": 961, "solar_count": 6, "solar_density": 0.23999999999991062}}, {"type": "Feature", "geometry": {"type": "Polygon", "coordinates": [[[-77.89834411, 39.05813265], [-77.89834411, 39.093001443], [-77.853428346, 39.093001443], [-77.853428346, 39.05813265], [-77.89834411, 39.05813265]]]}, "properties": {"grid_id": 962, "solar_count": 0, "solar_density": 0}}, {"type": "Feature", "geometry": {"type": "Polygon", "coordinates": [[[-77.89834411, 39.05813265], [-77.89834411, 39.093001443], [-77.853428346, 39.093001443], [-77.853428346, 39.05813265], [-77.89834411, 39.05813265]]]}, "properties": {"grid_id": 963, "solar_count": 0, "solar_density": 0}}, {"type": "Feature", "geometry": {"type": "Polygon", "coordinates": [[[-77.408142443, 38.564826358], [-77.408142443, 38.599937561], [-77.363226679, 38.599937561], [-77.363226679, 38.564826358], [-77.408142443, 38.564826358]]]}, "properties": {"grid_id": 964, "solar_count": 0, "solar_density": 0}}, {"type": "Feature", "geometry": {"type": "Polygon", "coordinates": [[[-77.408142443, 38.564826358], [-77.408142443, 38.599937561], [-77.363226679, 38.599937561], [-77.363226679, 38.564826358], [-77.408142443, 38.564826358]]]}, "properties": {"grid_id": 965, "solar_count": 0, "solar_density": 0}}, {"type": "Feature", "geometry": {"type": "Polygon", "coordinates": [[[-77.363226679, 38.564826358], [-77.363226679, 38.599937561], [-77.318310915, 38.599937561], [-77.318310915, 38.564826358], [-77.363226679, 38.564826358]]]}, "properties": {"grid_id": 966, "solar_count": 23, "solar_density": 0.92}}, {"type": "Feature", "geometry": {"type": "Polygon", "coordinates": [[[-77.408142443, 38.564826358], [-77.408142443, 38.599937561], [-77.363226679, 38.599937561], [-77.363226679, 38.564826358], [-77.408142443, 38.564826358]]]}, "properties": {"grid_id": 967, "solar_count": 0, "solar_density": 0}}, {"type": "Feature", "geometry": {"type": "Polygon", "coordinates": [[[-77.363226679, 38.564826358], [-77.363226679, 38.599937561], [-77.318310915, 38.599937561], [-77.318310915, 38.564826358], [-77.363226679, 38.564826358]]]}, "properties": {"grid_id": 968, "solar_count": 23, "solar_density": 0.92}}, {"type": "Feature", "geometry": {"type": "Polygon", "coordinates": [[[-77.318310915, 38.564826358], [-77.318310915, 38.599937561], [-77.27339515, 38.599937561], [-77.27339515, 38.564826358], [-77.318310915, 38.564826358]]]}, "properties": {"grid_id": 969, "solar_count": 0, "solar_density": 0}}, {"type": "Feature", "geometry": {"type": "Polygon", "coordinates": [[[-77.408142443, 38.599937561], [-77.408142443, 38.635031596], [-77.363226679, 38.635031596], [-77.363226679, 38.599937561], [-77.408142443, 38.599937561]]]}, "properties": {"grid_id": 970, "solar_count": 57, "solar_density": 2.2800000000008493}}, {"type": "Feature", "geometry": {"type": "Polygon", "coordinates": [[[-77.408142443, 38.599937561], [-77.408142443, 38.635031596], [-77.363226679, 38.635031596], [-77.363226679, 38.599937561], [-77.408142443, 38.599937561]]]}, "properties": {"grid_id": 971, "solar_count": 57, "solar_density": 2.2800000000008493}}, {"type": "Feature", "geometry": {"type": "Polygon", "coordinates": [[[-77.363226679, 38.599937561], [-77.363226679, 38.635031596], [-77.318310915, 38.635031596], [-77.318310915, 38.599937561], [-77.363226679, 38.599937561]]]}, "properties": {"grid_id": 972, "solar_count": 53, "solar_density": 2.1200000000015797}}, {"type": "Feature", "geometry": {"type": "Polygon", "coordinates": [[[-77.318310915, 38.599937561], [-77.318310915, 38.635031596], [-77.27339515, 38.635031596], [-77.27339515, 38.599937561], [-77.318310915, 38.599937561]]]}, "properties": {"grid_id": 973, "solar_count": 29, "solar_density": 1.16}}, {"type": "Feature", "geometry": {"type": "Polygon", "coordinates": [[[-77.318310915, 38.599937561], [-77.318310915, 38.635031596], [-77.27339515, 38.635031596], [-77.27339515, 38.599937561], [-77.318310915, 38.599937561]]]}, "properties": {"grid_id": 974, "solar_count": 29, "solar_density": 1.16}}, {"type": "Feature", "geometry": {"type": "Polygon", "coordinates": [[[-77.408142443, 38.599937561], [-77.408142443, 38.635031596], [-77.363226679, 38.635031596], [-77.363226679, 38.599937561], [-77.408142443, 38.599937561]]]}, "properties": {"grid_id": 975, "solar_count": 57, "solar_density": 2.2800000000008493}}, {"type": "Feature", "geometry": {"type": "Polygon", "coordinates": [[[-77.363226679, 38.599937561], [-77.363226679, 38.635031596], [-77.318310915, 38.635031596], [-77.318310915, 38.599937561], [-77.363226679, 38.599937561]]]}, "properties": {"grid_id": 976, "solar_count": 53, "solar_density": 2.1200000000015797}}, {"type": "Feature", "geometry": {"type": "Polygon", "coordinates": [[[-77.318310915, 38.599937561], [-77.318310915, 38.635031596], [-77.27339515, 38.635031596], [-77.27339515, 38.599937561], [-77.318310915, 38.599937561]]]}, "properties": {"grid_id": 977, "solar_count": 29, "solar_density": 1.16}}, {"type": "Feature", "geometry": {"type": "Polygon", "coordinates": [[[-77.785776222, 38.792539127], [-77.785776222, 38.827538755], [-77.740860458, 38.827538755], [-77.740860458, 38.792539127], [-77.785776222, 38.792539127]]]}, "properties": {"grid_id": 978, "solar_count": 1, "solar_density": 0.04000000000000745}}, {"type": "Feature", "geometry": {"type": "Polygon", "coordinates": [[[-77.740860458, 38.792539127], [-77.740860458, 38.827538755], [-77.695944694, 38.827538755], [-77.695944694, 38.792539127], [-77.740860458, 38.792539127]]]}, "properties": {"grid_id": 979, "solar_count": 6, "solar_density": 0.23999999999995528}}, {"type": "Feature", "geometry": {"type": "Polygon", "coordinates": [[[-77.695944694, 38.792539127], [-77.695944694, 38.827538755], [-77.651028929, 38.827538755], [-77.651028929, 38.792539127], [-77.695944694, 38.792539127]]]}, "properties": {"grid_id": 980, "solar_count": 42, "solar_density": 1.6800000000009387}}, {"type": "Feature", "geometry": {"type": "Polygon", "coordinates": [[[-77.740860458, 38.792539127], [-77.740860458, 38.827538755], [-77.695944694, 38.827538755], [-77.695944694, 38.792539127], [-77.740860458, 38.792539127]]]}, "properties": {"grid_id": 981, "solar_count": 6, "solar_density": 0.23999999999995528}}, {"type": "Feature", "geometry": {"type": "Polygon", "coordinates": [[[-77.695944694, 38.792539127], [-77.695944694, 38.827538755], [-77.651028929, 38.827538755], [-77.651028929, 38.792539127], [-77.695944694, 38.792539127]]]}, "properties": {"grid_id": 982, "solar_count": 42, "solar_density": 1.6800000000009387}}, {"type": "Feature", "geometry": {"type": "Polygon", "coordinates": [[[-77.785776222, 38.792539127], [-77.785776222, 38.827538755], [-77.740860458, 38.827538755], [-77.740860458, 38.792539127], [-77.785776222, 38.792539127]]]}, "properties": {"grid_id": 983, "solar_count": 1, "solar_density": 0.04000000000000745}}, {"type": "Feature", "geometry": {"type": "Polygon", "coordinates": [[[-77.740860458, 38.792539127], [-77.740860458, 38.827538755], [-77.695944694, 38.827538755], [-77.695944694, 38.792539127], [-77.740860458, 38.792539127]]]}, "properties": {"grid_id": 984, "solar_count": 6, "solar_density": 0.23999999999995528}}, {"type": "Feature", "geometry": {"type": "Polygon", "coordinates": [[[-77.695944694, 38.792539127], [-77.695944694, 38.827538755], [-77.651028929, 38.827538755], [-77.651028929, 38.792539127], [-77.695944694, 38.792539127]]]}, "properties": {"grid_id": 985, "solar_count": 42, "solar_density": 1.6800000000009387}}, {"type": "Feature", "geometry": {"type": "Polygon", "coordinates": [[[-77.695944694, 38.792539127], [-77.695944694, 38.827538755], [-77.651028929, 38.827538755], [-77.651028929, 38.792539127], [-77.695944694, 38.792539127]]]}, "properties": {"grid_id": 986, "solar_count": 42, "solar_density": 1.6800000000009387}}, {"type": "Feature", "geometry": {"type": "Polygon", "coordinates": [[[-77.830691986, 38.792539127], [-77.830691986, 38.827538755], [-77.785776222, 38.827538755], [-77.785776222, 38.792539127], [-77.830691986, 38.792539127]]]}, "properties": {"grid_id": 987, "solar_count": 0, "solar_density": 0}}, {"type": "Feature", "geometry": {"type": "Polygon", "coordinates": [[[-77.785776222, 38.792539127], [-77.785776222, 38.827538755], [-77.740860458, 38.827538755], [-77.740860458, 38.792539127], [-77.785776222, 38.792539127]]]}, "properties": {"grid_id": 988, "solar_count": 1, "solar_density": 0.04000000000000745}}, {"type": "Feature", "geometry": {"type": "Polygon", "coordinates": [[[-77.740860458, 38.792539127], [-77.740860458, 38.827538755], [-77.695944694, 38.827538755], [-77.695944694, 38.792539127], [-77.740860458, 38.792539127]]]}, "properties": {"grid_id": 989, "solar_count": 6, "solar_density": 0.23999999999995528}}, {"type": "Feature", "geometry": {"type": "Polygon", "coordinates": [[[-77.785776222, 38.827538755], [-77.785776222, 38.862521184], [-77.740860458, 38.862521184], [-77.740860458, 38.827538755], [-77.785776222, 38.827538755]]]}, "properties": {"grid_id": 990, "solar_count": 0, "solar_density": 0}}, {"type": "Feature", "geometry": {"type": "Polygon", "coordinates": [[[-77.740860458, 38.827538755], [-77.740860458, 38.862521184], [-77.695944694, 38.862521184], [-77.695944694, 38.827538755], [-77.740860458, 38.827538755]]]}, "properties": {"grid_id": 991, "solar_count": 6, "solar_density": 0.23999999999991062}}, {"type": "Feature", "geometry": {"type": "Polygon", "coordinates": [[[-77.695944694, 38.827538755], [-77.695944694, 38.862521184], [-77.651028929, 38.862521184], [-77.651028929, 38.827538755], [-77.695944694, 38.827538755]]]}, "properties": {"grid_id": 992, "solar_count": 18, "solar_density": 0.7200000000002682}}, {"type": "Feature", "geometry": {"type": "Polygon", "coordinates": [[[-77.740860458, 38.827538755], [-77.740860458, 38.862521184], [-77.695944694, 38.862521184], [-77.695944694, 38.827538755], [-77.740860458, 38.827538755]]]}, "properties": {"grid_id": 993, "solar_count": 6, "solar_density": 0.23999999999991062}}, {"type": "Feature", "geometry": {"type": "Polygon", "coordinates": [[[-77.695944694, 38.827538755], [-77.695944694, 38.862521184], [-77.651028929, 38.862521184], [-77.651028929, 38.827538755], [-77.695944694, 38.827538755]]]}, "properties": {"grid_id": 994, "solar_count": 18, "solar_density": 0.7200000000002682}}, {"type": "Feature", "geometry": {"type": "Polygon", "coordinates": [[[-77.830691986, 38.827538755], [-77.830691986, 38.862521184], [-77.785776222, 38.862521184], [-77.785776222, 38.827538755], [-77.830691986, 38.827538755]]]}, "properties": {"grid_id": 995, "solar_count": 0, "solar_density": 0}}, {"type": "Feature", "geometry": {"type": "Polygon", "coordinates": [[[-77.785776222, 38.827538755], [-77.785776222, 38.862521184], [-77.740860458, 38.862521184], [-77.740860458, 38.827538755], [-77.785776222, 38.827538755]]]}, "properties": {"grid_id": 996, "solar_count": 0, "solar_density": 0}}, {"type": "Feature", "geometry": {"type": "Polygon", "coordinates": [[[-77.740860458, 38.827538755], [-77.740860458, 38.862521184], [-77.695944694, 38.862521184], [-77.695944694, 38.827538755], [-77.740860458, 38.827538755]]]}, "properties": {"grid_id": 997, "solar_count": 6, "solar_density": 0.23999999999991062}}, {"type": "Feature", "geometry": {"type": "Polygon", "coordinates": [[[-77.830691986, 38.827538755], [-77.830691986, 38.862521184], [-77.785776222, 38.862521184], [-77.785776222, 38.827538755], [-77.830691986, 38.827538755]]]}, "properties": {"grid_id": 998, "solar_count": 0, "solar_density": 0}}, {"type": "Feature", "geometry": {"type": "Polygon", "coordinates": [[[-77.740860458, 38.862521184], [-77.740860458, 38.89748641], [-77.695944694, 38.89748641], [-77.695944694, 38.862521184], [-77.740860458, 38.862521184]]]}, "properties": {"grid_id": 999, "solar_count": 2, "solar_density": 0.0799999999999851}}, {"type": "Feature", "geometry": {"type": "Polygon", "coordinates": [[[-77.695944694, 38.862521184], [-77.695944694, 38.89748641], [-77.651028929, 38.89748641], [-77.651028929, 38.862521184], [-77.695944694, 38.862521184]]]}, "properties": {"grid_id": 1000, "solar_count": 10, "solar_density": 0.4000000000002235}}, {"type": "Feature", "geometry": {"type": "Polygon", "coordinates": [[[-77.830691986, 38.862521184], [-77.830691986, 38.89748641], [-77.785776222, 38.89748641], [-77.785776222, 38.862521184], [-77.830691986, 38.862521184]]]}, "properties": {"grid_id": 1001, "solar_count": 2, "solar_density": 0.0800000000000149}}, {"type": "Feature", "geometry": {"type": "Polygon", "coordinates": [[[-77.785776222, 38.862521184], [-77.785776222, 38.89748641], [-77.740860458, 38.89748641], [-77.740860458, 38.862521184], [-77.785776222, 38.862521184]]]}, "properties": {"grid_id": 1002, "solar_count": 0, "solar_density": 0}}, {"type": "Feature", "geometry": {"type": "Polygon", "coordinates": [[[-77.740860458, 38.862521184], [-77.740860458, 38.89748641], [-77.695944694, 38.89748641], [-77.695944694, 38.862521184], [-77.740860458, 38.862521184]]]}, "properties": {"grid_id": 1003, "solar_count": 2, "solar_density": 0.0799999999999851}}, {"type": "Feature", "geometry": {"type": "Polygon", "coordinates": [[[-77.695944694, 38.862521184], [-77.695944694, 38.89748641], [-77.651028929, 38.89748641], [-77.651028929, 38.862521184], [-77.695944694, 38.862521184]]]}, "properties": {"grid_id": 1004, "solar_count": 10, "solar_density": 0.4000000000002235}}, {"type": "Feature", "geometry": {"type": "Polygon", "coordinates": [[[-77.830691986, 38.862521184], [-77.830691986, 38.89748641], [-77.785776222, 38.89748641], [-77.785776222, 38.862521184], [-77.830691986, 38.862521184]]]}, "properties": {"grid_id": 1005, "solar_count": 2, "solar_density": 0.0800000000000149}}, {"type": "Feature", "geometry": {"type": "Polygon", "coordinates": [[[-77.695944694, 38.89748641], [-77.695944694, 38.932434428], [-77.651028929, 38.932434428], [-77.651028929, 38.89748641], [-77.695944694, 38.89748641]]]}, "properties": {"grid_id": 1006, "solar_count": 6, "solar_density": 0.2400000000000894}}, {"type": "Feature", "geometry": {"type": "Polygon", "coordinates": [[[-77.740860458, 38.89748641], [-77.740860458, 38.932434428], [-77.695944694, 38.932434428], [-77.695944694, 38.89748641], [-77.740860458, 38.89748641]]]}, "properties": {"grid_id": 1007, "solar_count": 0, "solar_density": 0}}, {"type": "Feature", "geometry": {"type": "Polygon", "coordinates": [[[-77.695944694, 38.89748641], [-77.695944694, 38.932434428], [-77.651028929, 38.932434428], [-77.651028929, 38.89748641], [-77.695944694, 38.89748641]]]}, "properties": {"grid_id": 1008, "solar_count": 6, "solar_density": 0.2400000000000894}}, {"type": "Feature", "geometry": {"type": "Polygon", "coordinates": [[[-77.695944694, 38.932434428], [-77.695944694, 38.967365235], [-77.651028929, 38.967365235], [-77.651028929, 38.932434428], [-77.695944694, 38.932434428]]]}, "properties": {"grid_id": 1009, "solar_count": 1, "solar_density": 0.04000000000000745}}, {"type": "Feature", "geometry": {"type": "Polygon", "coordinates": [[[-77.695944694, 38.932434428], [-77.695944694, 38.967365235], [-77.651028929, 38.967365235], [-77.651028929, 38.932434428], [-77.695944694, 38.932434428]]]}, "properties": {"grid_id": 1010, "solar_count": 1, "solar_density": 0.04000000000000745}}, {"type": "Feature", "geometry": {"type": "Polygon", "coordinates": [[[-77.695944694, 38.932434428], [-77.695944694, 38.967365235], [-77.651028929, 38.967365235], [-77.651028929, 38.932434428], [-77.695944694, 38.932434428]]]}, "properties": {"grid_id": 1011, "solar_count": 1, "solar_density": 0.04000000000000745}}, {"type": "Feature", "geometry": {"type": "Polygon", "coordinates": [[[-77.695944694, 38.932434428], [-77.695944694, 38.967365235], [-77.651028929, 38.967365235], [-77.651028929, 38.932434428], [-77.695944694, 38.932434428]]]}, "properties": {"grid_id": 1012, "solar_count": 1, "solar_density": 0.04000000000000745}}, {"type": "Feature", "geometry": {"type": "Polygon", "coordinates": [[[-77.505421005, 38.408373449], [-77.505421005, 38.443560991], [-77.460505241, 38.443560991], [-77.460505241, 38.408373449], [-77.505421005, 38.408373449]]]}, "properties": {"grid_id": 1013, "solar_count": 0, "solar_density": 0}}, {"type": "Feature", "geometry": {"type": "Polygon", "coordinates": [[[-77.595252533, 38.408373449], [-77.595252533, 38.443560991], [-77.550336769, 38.443560991], [-77.550336769, 38.408373449], [-77.595252533, 38.408373449]]]}, "properties": {"grid_id": 1014, "solar_count": 1, "solar_density": 0.0400000000000149}}, {"type": "Feature", "geometry": {"type": "Polygon", "coordinates": [[[-77.550336769, 38.408373449], [-77.550336769, 38.443560991], [-77.505421005, 38.443560991], [-77.505421005, 38.408373449], [-77.550336769, 38.408373449]]]}, "properties": {"grid_id": 1015, "solar_count": 24, "solar_density": 0.9600000000003576}}, {"type": "Feature", "geometry": {"type": "Polygon", "coordinates": [[[-77.505421005, 38.408373449], [-77.505421005, 38.443560991], [-77.460505241, 38.443560991], [-77.460505241, 38.408373449], [-77.505421005, 38.408373449]]]}, "properties": {"grid_id": 1016, "solar_count": 0, "solar_density": 0}}, {"type": "Feature", "geometry": {"type": "Polygon", "coordinates": [[[-77.595252533, 38.408373449], [-77.595252533, 38.443560991], [-77.550336769, 38.443560991], [-77.550336769, 38.408373449], [-77.595252533, 38.408373449]]]}, "properties": {"grid_id": 1017, "solar_count": 1, "solar_density": 0.0400000000000149}}, {"type": "Feature", "geometry": {"type": "Polygon", "coordinates": [[[-77.550336769, 38.408373449], [-77.550336769, 38.443560991], [-77.505421005, 38.443560991], [-77.505421005, 38.408373449], [-77.550336769, 38.408373449]]]}, "properties": {"grid_id": 1018, "solar_count": 24, "solar_density": 0.9600000000003576}}, {"type": "Feature", "geometry": {"type": "Polygon", "coordinates": [[[-77.595252533, 38.443560991], [-77.595252533, 38.478731386], [-77.550336769, 38.478731386], [-77.550336769, 38.443560991], [-77.595252533, 38.443560991]]]}, "properties": {"grid_id": 1019, "solar_count": 2, "solar_density": 0.08}}, {"type": "Feature", "geometry": {"type": "Polygon", "coordinates": [[[-77.550336769, 38.443560991], [-77.550336769, 38.478731386], [-77.505421005, 38.478731386], [-77.505421005, 38.443560991], [-77.550336769, 38.443560991]]]}, "properties": {"grid_id": 1020, "solar_count": 17, "solar_density": 0.68}}, {"type": "Feature", "geometry": {"type": "Polygon", "coordinates": [[[-77.505421005, 38.443560991], [-77.505421005, 38.478731386], [-77.460505241, 38.478731386], [-77.460505241, 38.443560991], [-77.505421005, 38.443560991]]]}, "properties": {"grid_id": 1021, "solar_count": 7, "solar_density": 0.2799999999998957}}, {"type": "Feature", "geometry": {"type": "Polygon", "coordinates": [[[-77.595252533, 38.443560991], [-77.595252533, 38.478731386], [-77.550336769, 38.478731386], [-77.550336769, 38.443560991], [-77.595252533, 38.443560991]]]}, "properties": {"grid_id": 1022, "solar_count": 2, "solar_density": 0.08}}, {"type": "Feature", "geometry": {"type": "Polygon", "coordinates": [[[-77.550336769, 38.443560991], [-77.550336769, 38.478731386], [-77.505421005, 38.478731386], [-77.505421005, 38.443560991], [-77.550336769, 38.443560991]]]}, "properties": {"grid_id": 1023, "solar_count": 17, "solar_density": 0.68}}, {"type": "Feature", "geometry": {"type": "Polygon", "coordinates": [[[-77.595252533, 38.478731386], [-77.595252533, 38.513884629], [-77.550336769, 38.513884629], [-77.550336769, 38.478731386], [-77.595252533, 38.478731386]]]}, "properties": {"grid_id": 1024, "solar_count": 21, "solar_density": 0.84}}, {"type": "Feature", "geometry": {"type": "Polygon", "coordinates": [[[-77.505421005, 38.478731386], [-77.505421005, 38.513884629], [-77.460505241, 38.513884629], [-77.460505241, 38.478731386], [-77.505421005, 38.478731386]]]}, "properties": {"grid_id": 1025, "solar_count": 4, "solar_density": 0.1599999999999404}}, {"type": "Feature", "geometry": {"type": "Polygon", "coordinates": [[[-77.460505241, 38.478731386], [-77.460505241, 38.513884629], [-77.415589477, 38.513884629], [-77.415589477, 38.478731386], [-77.460505241, 38.478731386]]]}, "properties": {"grid_id": 1026, "solar_count": 0, "solar_density": 0}}, {"type": "Feature", "geometry": {"type": "Polygon", "coordinates": [[[-77.415589477, 38.478731386], [-77.415589477, 38.513884629], [-77.370673712, 38.513884629], [-77.370673712, 38.478731386], [-77.415589477, 38.478731386]]]}, "properties": {"grid_id": 1027, "solar_count": 0, "solar_density": 0}}, {"type": "Feature", "geometry": {"type": "Polygon", "coordinates": [[[-77.595252533, 38.478731386], [-77.595252533, 38.513884629], [-77.550336769, 38.513884629], [-77.550336769, 38.478731386], [-77.595252533, 38.478731386]]]}, "properties": {"grid_id": 1028, "solar_count": 21, "solar_density": 0.84}}, {"type": "Feature", "geometry": {"type": "Polygon", "coordinates": [[[-77.550336769, 38.478731386], [-77.550336769, 38.513884629], [-77.505421005, 38.513884629], [-77.505421005, 38.478731386], [-77.550336769, 38.478731386]]]}, "properties": {"grid_id": 1029, "solar_count": 14, "solar_density": 0.56}}, {"type": "Feature", "geometry": {"type": "Polygon", "coordinates": [[[-77.505421005, 38.478731386], [-77.505421005, 38.513884629], [-77.460505241, 38.513884629], [-77.460505241, 38.478731386], [-77.505421005, 38.478731386]]]}, "properties": {"grid_id": 1030, "solar_count": 4, "solar_density": 0.1599999999999404}}, {"type": "Feature", "geometry": {"type": "Polygon", "coordinates": [[[-77.460505241, 38.478731386], [-77.460505241, 38.513884629], [-77.415589477, 38.513884629], [-77.415589477, 38.478731386], [-77.460505241, 38.478731386]]]}, "properties": {"grid_id": 1031, "solar_count": 0, "solar_density": 0}}, {"type": "Feature", "geometry": {"type": "Polygon", "coordinates": [[[-77.415589477, 38.478731386], [-77.415589477, 38.513884629], [-77.370673712, 38.513884629], [-77.370673712, 38.478731386], [-77.415589477, 38.478731386]]]}, "properties": {"grid_id": 1032, "solar_count": 0, "solar_density": 0}}, {"type": "Feature", "geometry": {"type": "Polygon", "coordinates": [[[-77.595252533, 38.478731386], [-77.595252533, 38.513884629], [-77.550336769, 38.513884629], [-77.550336769, 38.478731386], [-77.595252533, 38.478731386]]]}, "properties": {"grid_id": 1033, "solar_count": 21, "solar_density": 0.84}}, {"type": "Feature", "geometry": {"type": "Polygon", "coordinates": [[[-77.415589477, 38.513884629], [-77.415589477, 38.549020717], [-77.370673712, 38.549020717], [-77.370673712, 38.513884629], [-77.415589477, 38.513884629]]]}, "properties": {"grid_id": 1034, "solar_count": 0, "solar_density": 0}}, {"type": "Feature", "geometry": {"type": "Polygon", "coordinates": [[[-77.595252533, 38.513884629], [-77.595252533, 38.549020717], [-77.550336769, 38.549020717], [-77.550336769, 38.513884629], [-77.595252533, 38.513884629]]]}, "properties": {"grid_id": 1035, "solar_count": 10, "solar_density": 0.39999999999992547}}, {"type": "Feature", "geometry": {"type": "Polygon", "coordinates": [[[-77.595252533, 38.513884629], [-77.595252533, 38.549020717], [-77.550336769, 38.549020717], [-77.550336769, 38.513884629], [-77.595252533, 38.513884629]]]}, "properties": {"grid_id": 1036, "solar_count": 10, "solar_density": 0.39999999999992547}}, {"type": "Feature", "geometry": {"type": "Polygon", "coordinates": [[[-77.550336769, 38.513884629], [-77.550336769, 38.549020717], [-77.505421005, 38.549020717], [-77.505421005, 38.513884629], [-77.550336769, 38.513884629]]]}, "properties": {"grid_id": 1037, "solar_count": 0, "solar_density": 0}}, {"type": "Feature", "geometry": {"type": "Polygon", "coordinates": [[[-77.550336769, 38.513884629], [-77.550336769, 38.549020717], [-77.505421005, 38.549020717], [-77.505421005, 38.513884629], [-77.550336769, 38.513884629]]]}, "properties": {"grid_id": 1038, "solar_count": 0, "solar_density": 0}}, {"type": "Feature", "geometry": {"type": "Polygon", "coordinates": [[[-77.505421005, 38.513884629], [-77.505421005, 38.549020717], [-77.460505241, 38.549020717], [-77.460505241, 38.513884629], [-77.505421005, 38.513884629]]]}, "properties": {"grid_id": 1039, "solar_count": 0, "solar_density": 0}}, {"type": "Feature", "geometry": {"type": "Polygon", "coordinates": [[[-77.460505241, 38.513884629], [-77.460505241, 38.549020717], [-77.415589477, 38.549020717], [-77.415589477, 38.513884629], [-77.460505241, 38.513884629]]]}, "properties": {"grid_id": 1040, "solar_count": 0, "solar_density": 0}}, {"type": "Feature", "geometry": {"type": "Polygon", "coordinates": [[[-77.415589477, 38.513884629], [-77.415589477, 38.549020717], [-77.370673712, 38.549020717], [-77.370673712, 38.513884629], [-77.415589477, 38.513884629]]]}, "properties": {"grid_id": 1041, "solar_count": 0, "solar_density": 0}}, {"type": "Feature", "geometry": {"type": "Polygon", "coordinates": [[[-77.595252533, 38.513884629], [-77.595252533, 38.549020717], [-77.550336769, 38.549020717], [-77.550336769, 38.513884629], [-77.595252533, 38.513884629]]]}, "properties": {"grid_id": 1042, "solar_count": 10, "solar_density": 0.39999999999992547}}, {"type": "Feature", "geometry": {"type": "Polygon", "coordinates": [[[-77.550336769, 38.513884629], [-77.550336769, 38.549020717], [-77.505421005, 38.549020717], [-77.505421005, 38.513884629], [-77.550336769, 38.513884629]]]}, "properties": {"grid_id": 1043, "solar_count": 0, "solar_density": 0}}, {"type": "Feature", "geometry": {"type": "Polygon", "coordinates": [[[-77.505421005, 38.513884629], [-77.505421005, 38.549020717], [-77.460505241, 38.549020717], [-77.460505241, 38.513884629], [-77.505421005, 38.513884629]]]}, "properties": {"grid_id": 1044, "solar_count": 0, "solar_density": 0}}, {"type": "Feature", "geometry": {"type": "Polygon", "coordinates": [[[-77.460505241, 38.549020717], [-77.460505241, 38.584139644], [-77.415589477, 38.584139644], [-77.415589477, 38.549020717], [-77.460505241, 38.549020717]]]}, "properties": {"grid_id": 1045, "solar_count": 0, "solar_density": 0}}, {"type": "Feature", "geometry": {"type": "Polygon", "coordinates": [[[-77.415589477, 38.549020717], [-77.415589477, 38.584139644], [-77.370673712, 38.584139644], [-77.370673712, 38.549020717], [-77.415589477, 38.549020717]]]}, "properties": {"grid_id": 1046, "solar_count": 0, "solar_density": 0}}, {"type": "Feature", "geometry": {"type": "Polygon", "coordinates": [[[-77.595252533, 38.549020717], [-77.595252533, 38.584139644], [-77.550336769, 38.584139644], [-77.550336769, 38.549020717], [-77.595252533, 38.549020717]]]}, "properties": {"grid_id": 1047, "solar_count": 1, "solar_density": 0.04000000000000745}}, {"type": "Feature", "geometry": {"type": "Polygon", "coordinates": [[[-77.595252533, 38.549020717], [-77.595252533, 38.584139644], [-77.550336769, 38.584139644], [-77.550336769, 38.549020717], [-77.595252533, 38.549020717]]]}, "properties": {"grid_id": 1048, "solar_count": 1, "solar_density": 0.04000000000000745}}, {"type": "Feature", "geometry": {"type": "Polygon", "coordinates": [[[-77.550336769, 38.549020717], [-77.550336769, 38.584139644], [-77.505421005, 38.584139644], [-77.505421005, 38.549020717], [-77.550336769, 38.549020717]]]}, "properties": {"grid_id": 1049, "solar_count": 0, "solar_density": 0}}, {"type": "Feature", "geometry": {"type": "Polygon", "coordinates": [[[-77.550336769, 38.549020717], [-77.550336769, 38.584139644], [-77.505421005, 38.584139644], [-77.505421005, 38.549020717], [-77.550336769, 38.549020717]]]}, "properties": {"grid_id": 1050, "solar_count": 0, "solar_density": 0}}, {"type": "Feature", "geometry": {"type": "Polygon", "coordinates": [[[-77.505421005, 38.549020717], [-77.505421005, 38.584139644], [-77.460505241, 38.584139644], [-77.460505241, 38.549020717], [-77.505421005, 38.549020717]]]}, "properties": {"grid_id": 1051, "solar_count": 0, "solar_density": 0}}, {"type": "Feature", "geometry": {"type": "Polygon", "coordinates": [[[-77.460505241, 38.549020717], [-77.460505241, 38.584139644], [-77.415589477, 38.584139644], [-77.415589477, 38.549020717], [-77.460505241, 38.549020717]]]}, "properties": {"grid_id": 1052, "solar_count": 0, "solar_density": 0}}, {"type": "Feature", "geometry": {"type": "Polygon", "coordinates": [[[-77.415589477, 38.549020717], [-77.415589477, 38.584139644], [-77.370673712, 38.584139644], [-77.370673712, 38.549020717], [-77.415589477, 38.549020717]]]}, "properties": {"grid_id": 1053, "solar_count": 0, "solar_density": 0}}, {"type": "Feature", "geometry": {"type": "Polygon", "coordinates": [[[-77.595252533, 38.549020717], [-77.595252533, 38.584139644], [-77.550336769, 38.584139644], [-77.550336769, 38.549020717], [-77.595252533, 38.549020717]]]}, "properties": {"grid_id": 1054, "solar_count": 1, "solar_density": 0.04000000000000745}}, {"type": "Feature", "geometry": {"type": "Polygon", "coordinates": [[[-77.550336769, 38.549020717], [-77.550336769, 38.584139644], [-77.505421005, 38.584139644], [-77.505421005, 38.549020717], [-77.550336769, 38.549020717]]]}, "properties": {"grid_id": 1055, "solar_count": 0, "solar_density": 0}}, {"type": "Feature", "geometry": {"type": "Polygon", "coordinates": [[[-77.505421005, 38.549020717], [-77.505421005, 38.584139644], [-77.460505241, 38.584139644], [-77.460505241, 38.549020717], [-77.505421005, 38.549020717]]]}, "properties": {"grid_id": 1056, "solar_count": 0, "solar_density": 0}}, {"type": "Feature", "geometry": {"type": "Polygon", "coordinates": [[[-77.460505241, 38.549020717], [-77.460505241, 38.584139644], [-77.415589477, 38.584139644], [-77.415589477, 38.549020717], [-77.460505241, 38.549020717]]]}, "properties": {"grid_id": 1057, "solar_count": 0, "solar_density": 0}}, {"type": "Feature", "geometry": {"type": "Polygon", "coordinates": [[[-77.550336769, 38.549020717], [-77.550336769, 38.584139644], [-77.505421005, 38.584139644], [-77.505421005, 38.549020717], [-77.550336769, 38.549020717]]]}, "properties": {"grid_id": 1058, "solar_count": 0, "solar_density": 0}}, {"type": "Feature", "geometry": {"type": "Polygon", "coordinates": [[[-77.635038917, 38.385330401], [-77.635038917, 38.420529164], [-77.590123153, 38.420529164], [-77.590123153, 38.385330401], [-77.635038917, 38.385330401]]]}, "properties": {"grid_id": 1059, "solar_count": 2, "solar_density": 0.0800000000000149}}, {"type": "Feature", "geometry": {"type": "Polygon", "coordinates": [[[-77.545207389, 38.385330401], [-77.545207389, 38.420529164], [-77.500291625, 38.420529164], [-77.500291625, 38.385330401], [-77.545207389, 38.385330401]]]}, "properties": {"grid_id": 1060, "solar_count": 2, "solar_density": 0.0800000000000149}}, {"type": "Feature", "geometry": {"type": "Polygon", "coordinates": [[[-77.635038917, 38.385330401], [-77.635038917, 38.420529164], [-77.590123153, 38.420529164], [-77.590123153, 38.385330401], [-77.635038917, 38.385330401]]]}, "properties": {"grid_id": 1061, "solar_count": 2, "solar_density": 0.0800000000000149}}, {"type": "Feature", "geometry": {"type": "Polygon", "coordinates": [[[-77.590123153, 38.385330401], [-77.590123153, 38.420529164], [-77.545207389, 38.420529164], [-77.545207389, 38.385330401], [-77.590123153, 38.385330401]]]}, "properties": {"grid_id": 1062, "solar_count": 0, "solar_density": 0}}, {"type": "Feature", "geometry": {"type": "Polygon", "coordinates": [[[-77.545207389, 38.385330401], [-77.545207389, 38.420529164], [-77.500291625, 38.420529164], [-77.500291625, 38.385330401], [-77.545207389, 38.385330401]]]}, "properties": {"grid_id": 1063, "solar_count": 2, "solar_density": 0.0800000000000149}}, {"type": "Feature", "geometry": {"type": "Polygon", "coordinates": [[[-77.545207389, 38.420529164], [-77.545207389, 38.455710784], [-77.500291625, 38.455710784], [-77.500291625, 38.420529164], [-77.545207389, 38.420529164]]]}, "properties": {"grid_id": 1064, "solar_count": 24, "solar_density": 0.9599999999996425}}, {"type": "Feature", "geometry": {"type": "Polygon", "coordinates": [[[-77.590123153, 38.420529164], [-77.590123153, 38.455710784], [-77.545207389, 38.455710784], [-77.545207389, 38.420529164], [-77.590123153, 38.420529164]]]}, "properties": {"grid_id": 1065, "solar_count": 5, "solar_density": 0.19999999999992552}}, {"type": "Feature", "geometry": {"type": "Polygon", "coordinates": [[[-77.545207389, 38.420529164], [-77.545207389, 38.455710784], [-77.500291625, 38.455710784], [-77.500291625, 38.420529164], [-77.545207389, 38.420529164]]]}, "properties": {"grid_id": 1066, "solar_count": 24, "solar_density": 0.9599999999996425}}, {"type": "Feature", "geometry": {"type": "Polygon", "coordinates": [[[-77.635038917, 38.420529164], [-77.635038917, 38.455710784], [-77.590123153, 38.455710784], [-77.590123153, 38.420529164], [-77.635038917, 38.420529164]]]}, "properties": {"grid_id": 1067, "solar_count": 3, "solar_density": 0.11999999999995531}}, {"type": "Feature", "geometry": {"type": "Polygon", "coordinates": [[[-77.590123153, 38.420529164], [-77.590123153, 38.455710784], [-77.545207389, 38.455710784], [-77.545207389, 38.420529164], [-77.590123153, 38.420529164]]]}, "properties": {"grid_id": 1068, "solar_count": 5, "solar_density": 0.19999999999992552}}, {"type": "Feature", "geometry": {"type": "Polygon", "coordinates": [[[-77.545207389, 38.420529164], [-77.545207389, 38.455710784], [-77.500291625, 38.455710784], [-77.500291625, 38.420529164], [-77.545207389, 38.420529164]]]}, "properties": {"grid_id": 1069, "solar_count": 24, "solar_density": 0.9599999999996425}}, {"type": "Feature", "geometry": {"type": "Polygon", "coordinates": [[[-77.590123153, 38.455710784], [-77.590123153, 38.490875255], [-77.545207389, 38.490875255], [-77.545207389, 38.455710784], [-77.590123153, 38.455710784]]]}, "properties": {"grid_id": 1070, "solar_count": 12, "solar_density": 0.4800000000001788}}, {"type": "Feature", "geometry": {"type": "Polygon", "coordinates": [[[-77.545207389, 38.455710784], [-77.545207389, 38.490875255], [-77.500291625, 38.490875255], [-77.500291625, 38.455710784], [-77.545207389, 38.455710784]]]}, "properties": {"grid_id": 1071, "solar_count": 10, "solar_density": 0.400000000000149}}, {"type": "Feature", "geometry": {"type": "Polygon", "coordinates": [[[-77.635038917, 38.455710784], [-77.635038917, 38.490875255], [-77.590123153, 38.490875255], [-77.590123153, 38.455710784], [-77.635038917, 38.455710784]]]}, "properties": {"grid_id": 1072, "solar_count": 9, "solar_density": 0.3600000000001341}}, {"type": "Feature", "geometry": {"type": "Polygon", "coordinates": [[[-77.590123153, 38.455710784], [-77.590123153, 38.490875255], [-77.545207389, 38.490875255], [-77.545207389, 38.455710784], [-77.590123153, 38.455710784]]]}, "properties": {"grid_id": 1073, "solar_count": 12, "solar_density": 0.4800000000001788}}, {"type": "Feature", "geometry": {"type": "Polygon", "coordinates": [[[-77.635038917, 38.455710784], [-77.635038917, 38.490875255], [-77.590123153, 38.490875255], [-77.590123153, 38.455710784], [-77.635038917, 38.455710784]]]}, "properties": {"grid_id": 1074, "solar_count": 9, "solar_density": 0.3600000000001341}}, {"type": "Feature", "geometry": {"type": "Polygon", "coordinates": [[[-77.635038917, 38.490875255], [-77.635038917, 38.526022574], [-77.590123153, 38.526022574], [-77.590123153, 38.490875255], [-77.635038917, 38.490875255]]]}, "properties": {"grid_id": 1075, "solar_count": 3, "solar_density": 0.11999999999997764}}, {"type": "Feature", "geometry": {"type": "Polygon", "coordinates": [[[-77.590123153, 38.490875255], [-77.590123153, 38.526022574], [-77.545207389, 38.526022574], [-77.545207389, 38.490875255], [-77.590123153, 38.490875255]]]}, "properties": {"grid_id": 1076, "solar_count": 22, "solar_density": 0.879999999999836}}, {"type": "Feature", "geometry": {"type": "Polygon", "coordinates": [[[-77.635038917, 38.490875255], [-77.635038917, 38.526022574], [-77.590123153, 38.526022574], [-77.590123153, 38.490875255], [-77.635038917, 38.490875255]]]}, "properties": {"grid_id": 1077, "solar_count": 3, "solar_density": 0.11999999999997764}}, {"type": "Feature", "geometry": {"type": "Polygon", "coordinates": [[[-77.590123153, 38.490875255], [-77.590123153, 38.526022574], [-77.545207389, 38.526022574], [-77.545207389, 38.490875255], [-77.590123153, 38.490875255]]]}, "properties": {"grid_id": 1078, "solar_count": 22, "solar_density": 0.879999999999836}}, {"type": "Feature", "geometry": {"type": "Polygon", "coordinates": [[[-77.545207389, 38.490875255], [-77.545207389, 38.526022574], [-77.500291625, 38.526022574], [-77.500291625, 38.490875255], [-77.545207389, 38.490875255]]]}, "properties": {"grid_id": 1079, "solar_count": 11, "solar_density": 0.439999999999918}}, {"type": "Feature", "geometry": {"type": "Polygon", "coordinates": [[[-77.635038917, 38.490875255], [-77.635038917, 38.526022574], [-77.590123153, 38.526022574], [-77.590123153, 38.490875255], [-77.635038917, 38.490875255]]]}, "properties": {"grid_id": 1080, "solar_count": 3, "solar_density": 0.11999999999997764}}, {"type": "Feature", "geometry": {"type": "Polygon", "coordinates": [[[-77.590123153, 38.490875255], [-77.590123153, 38.526022574], [-77.545207389, 38.526022574], [-77.545207389, 38.490875255], [-77.590123153, 38.490875255]]]}, "properties": {"grid_id": 1081, "solar_count": 22, "solar_density": 0.879999999999836}}, {"type": "Feature", "geometry": {"type": "Polygon", "coordinates": [[[-77.635038917, 38.490875255], [-77.635038917, 38.526022574], [-77.590123153, 38.526022574], [-77.590123153, 38.490875255], [-77.635038917, 38.490875255]]]}, "properties": {"grid_id": 1082, "solar_count": 3, "solar_density": 0.11999999999997764}}, {"type": "Feature", "geometry": {"type": "Polygon", "coordinates": [[[-77.827044826, 38.80414691], [-77.827044826, 38.839140834], [-77.782129062, 38.839140834], [-77.782129062, 38.80414691], [-77.827044826, 38.80414691]]]}, "properties": {"grid_id": 1083, "solar_count": 0, "solar_density": 0}}, {"type": "Feature", "geometry": {"type": "Polygon", "coordinates": [[[-77.916876355, 38.80414691], [-77.916876355, 38.839140834], [-77.87196059, 38.839140834], [-77.87196059, 38.80414691], [-77.916876355, 38.80414691]]]}, "properties": {"grid_id": 1084, "solar_count": 2, "solar_density": 0.0799999999999702}}, {"type": "Feature", "geometry": {"type": "Polygon", "coordinates": [[[-77.87196059, 38.80414691], [-77.87196059, 38.839140834], [-77.827044826, 38.839140834], [-77.827044826, 38.80414691], [-77.87196059, 38.80414691]]]}, "properties": {"grid_id": 1085, "solar_count": 0, "solar_density": 0}}, {"type": "Feature", "geometry": {"type": "Polygon", "coordinates": [[[-77.87196059, 38.839140834], [-77.87196059, 38.874117559], [-77.827044826, 38.874117559], [-77.827044826, 38.839140834], [-77.87196059, 38.839140834]]]}, "properties": {"grid_id": 1086, "solar_count": 0, "solar_density": 0}}, {"type": "Feature", "geometry": {"type": "Polygon", "coordinates": [[[-77.827044826, 38.839140834], [-77.827044826, 38.874117559], [-77.782129062, 38.874117559], [-77.782129062, 38.839140834], [-77.827044826, 38.839140834]]]}, "properties": {"grid_id": 1087, "solar_count": 2, "solar_density": 0.0800000000000298}}, {"type": "Feature", "geometry": {"type": "Polygon", "coordinates": [[[-77.916876355, 38.839140834], [-77.916876355, 38.874117559], [-77.87196059, 38.874117559], [-77.87196059, 38.839140834], [-77.916876355, 38.839140834]]]}, "properties": {"grid_id": 1088, "solar_count": 0, "solar_density": 0}}, {"type": "Feature", "geometry": {"type": "Polygon", "coordinates": [[[-77.87196059, 38.839140834], [-77.87196059, 38.874117559], [-77.827044826, 38.874117559], [-77.827044826, 38.839140834], [-77.87196059, 38.839140834]]]}, "properties": {"grid_id": 1089, "solar_count": 0, "solar_density": 0}}, {"type": "Feature", "geometry": {"type": "Polygon", "coordinates": [[[-77.827044826, 38.839140834], [-77.827044826, 38.874117559], [-77.782129062, 38.874117559], [-77.782129062, 38.839140834], [-77.827044826, 38.839140834]]]}, "properties": {"grid_id": 1090, "solar_count": 2, "solar_density": 0.0800000000000298}}, {"type": "Feature", "geometry": {"type": "Polygon", "coordinates": [[[-77.827044826, 38.874117559], [-77.827044826, 38.90907708], [-77.782129062, 38.90907708], [-77.782129062, 38.874117559], [-77.827044826, 38.874117559]]]}, "properties": {"grid_id": 1091, "solar_count": 0, "solar_density": 0}}, {"type": "Feature", "geometry": {"type": "Polygon", "coordinates": [[[-77.87196059, 38.874117559], [-77.87196059, 38.90907708], [-77.827044826, 38.90907708], [-77.827044826, 38.874117559], [-77.87196059, 38.874117559]]]}, "properties": {"grid_id": 1092, "solar_count": 0, "solar_density": 0}}, {"type": "Feature", "geometry": {"type": "Polygon", "coordinates": [[[-77.827044826, 38.874117559], [-77.827044826, 38.90907708], [-77.782129062, 38.90907708], [-77.782129062, 38.874117559], [-77.827044826, 38.874117559]]]}, "properties": {"grid_id": 1093, "solar_count": 0, "solar_density": 0}}, {"type": "Feature", "geometry": {"type": "Polygon", "coordinates": [[[-77.448126456, 38.824039566], [-77.448126456, 38.859023715], [-77.403210692, 38.859023715], [-77.403210692, 38.824039566], [-77.448126456, 38.824039566]]]}, "properties": {"grid_id": 1094, "solar_count": 17, "solar_density": 0.6799999999994933}}, {"type": "Feature", "geometry": {"type": "Polygon", "coordinates": [[[-77.537957985, 38.824039566], [-77.537957985, 38.859023715], [-77.49304222, 38.859023715], [-77.49304222, 38.824039566], [-77.537957985, 38.824039566]]]}, "properties": {"grid_id": 1095, "solar_count": 16, "solar_density": 0.6399999999997616}}, {"type": "Feature", "geometry": {"type": "Polygon", "coordinates": [[[-77.537957985, 38.824039566], [-77.537957985, 38.859023715], [-77.49304222, 38.859023715], [-77.49304222, 38.824039566], [-77.537957985, 38.824039566]]]}, "properties": {"grid_id": 1096, "solar_count": 16, "solar_density": 0.6399999999997616}}, {"type": "Feature", "geometry": {"type": "Polygon", "coordinates": [[[-77.49304222, 38.824039566], [-77.49304222, 38.859023715], [-77.448126456, 38.859023715], [-77.448126456, 38.824039566], [-77.49304222, 38.824039566]]]}, "properties": {"grid_id": 1097, "solar_count": 56, "solar_density": 2.2399999999991658}}, {"type": "Feature", "geometry": {"type": "Polygon", "coordinates": [[[-77.448126456, 38.824039566], [-77.448126456, 38.859023715], [-77.403210692, 38.859023715], [-77.403210692, 38.824039566], [-77.448126456, 38.824039566]]]}, "properties": {"grid_id": 1098, "solar_count": 17, "solar_density": 0.6799999999994933}}, {"type": "Feature", "geometry": {"type": "Polygon", "coordinates": [[[-77.537957985, 38.824039566], [-77.537957985, 38.859023715], [-77.49304222, 38.859023715], [-77.49304222, 38.824039566], [-77.537957985, 38.824039566]]]}, "properties": {"grid_id": 1099, "solar_count": 16, "solar_density": 0.6399999999997616}}, {"type": "Feature", "geometry": {"type": "Polygon", "coordinates": [[[-77.537957985, 38.824039566], [-77.537957985, 38.859023715], [-77.49304222, 38.859023715], [-77.49304222, 38.824039566], [-77.537957985, 38.824039566]]]}, "properties": {"grid_id": 1100, "solar_count": 16, "solar_density": 0.6399999999997616}}, {"type": "Feature", "geometry": {"type": "Polygon", "coordinates": [[[-77.49304222, 38.824039566], [-77.49304222, 38.859023715], [-77.448126456, 38.859023715], [-77.448126456, 38.824039566], [-77.49304222, 38.824039566]]]}, "properties": {"grid_id": 1101, "solar_count": 56, "solar_density": 2.2399999999991658}}, {"type": "Feature", "geometry": {"type": "Polygon", "coordinates": [[[-77.448126456, 38.824039566], [-77.448126456, 38.859023715], [-77.403210692, 38.859023715], [-77.403210692, 38.824039566], [-77.448126456, 38.824039566]]]}, "properties": {"grid_id": 1102, "solar_count": 17, "solar_density": 0.6799999999994933}}, {"type": "Feature", "geometry": {"type": "Polygon", "coordinates": [[[-77.537957985, 38.859023715], [-77.537957985, 38.893990661], [-77.49304222, 38.893990661], [-77.49304222, 38.859023715], [-77.537957985, 38.859023715]]]}, "properties": {"grid_id": 1103, "solar_count": 20, "solar_density": 0.8}}, {"type": "Feature", "geometry": {"type": "Polygon", "coordinates": [[[-77.49304222, 38.859023715], [-77.49304222, 38.893990661], [-77.448126456, 38.893990661], [-77.448126456, 38.859023715], [-77.49304222, 38.859023715]]]}, "properties": {"grid_id": 1104, "solar_count": 18, "solar_density": 0.72}}, {"type": "Feature", "geometry": {"type": "Polygon", "coordinates": [[[-77.537957985, 38.859023715], [-77.537957985, 38.893990661], [-77.49304222, 38.893990661], [-77.49304222, 38.859023715], [-77.537957985, 38.859023715]]]}, "properties": {"grid_id": 1105, "solar_count": 20, "solar_density": 0.8}}, {"type": "Feature", "geometry": {"type": "Polygon", "coordinates": [[[-77.49304222, 38.859023715], [-77.49304222, 38.893990661], [-77.448126456, 38.893990661], [-77.448126456, 38.859023715], [-77.49304222, 38.859023715]]]}, "properties": {"grid_id": 1106, "solar_count": 18, "solar_density": 0.72}}, {"type": "Feature", "geometry": {"type": "Polygon", "coordinates": [[[-77.537957985, 38.859023715], [-77.537957985, 38.893990661], [-77.49304222, 38.893990661], [-77.49304222, 38.859023715], [-77.537957985, 38.859023715]]]}, "properties": {"grid_id": 1107, "solar_count": 20, "solar_density": 0.8}}, {"type": "Feature", "geometry": {"type": "Polygon", "coordinates": [[[-77.49304222, 38.859023715], [-77.49304222, 38.893990661], [-77.448126456, 38.893990661], [-77.448126456, 38.859023715], [-77.49304222, 38.859023715]]]}, "properties": {"grid_id": 1108, "solar_count": 18, "solar_density": 0.72}}, {"type": "Feature", "geometry": {"type": "Polygon", "coordinates": [[[-77.448126456, 38.859023715], [-77.448126456, 38.893990661], [-77.403210692, 38.893990661], [-77.403210692, 38.859023715], [-77.448126456, 38.859023715]]]}, "properties": {"grid_id": 1109, "solar_count": 1, "solar_density": 0.0399999999999851}}, {"type": "Feature", "geometry": {"type": "Polygon", "coordinates": [[[-77.49304222, 38.893990661], [-77.49304222, 38.928940401], [-77.448126456, 38.928940401], [-77.448126456, 38.893990661], [-77.49304222, 38.893990661]]]}, "properties": {"grid_id": 1110, "solar_count": 19, "solar_density": 0.76}}, {"type": "Feature", "geometry": {"type": "Polygon", "coordinates": [[[-77.537957985, 38.893990661], [-77.537957985, 38.928940401], [-77.49304222, 38.928940401], [-77.49304222, 38.893990661], [-77.537957985, 38.893990661]]]}, "properties": {"grid_id": 1111, "solar_count": 88, "solar_density": 3.52}}, {"type": "Feature", "geometry": {"type": "Polygon", "coordinates": [[[-77.49304222, 38.893990661], [-77.49304222, 38.928940401], [-77.448126456, 38.928940401], [-77.448126456, 38.893990661], [-77.49304222, 38.893990661]]]}, "properties": {"grid_id": 1112, "solar_count": 19, "solar_density": 0.76}}, {"type": "Feature", "geometry": {"type": "Polygon", "coordinates": [[[-77.49304222, 38.893990661], [-77.49304222, 38.928940401], [-77.448126456, 38.928940401], [-77.448126456, 38.893990661], [-77.49304222, 38.893990661]]]}, "properties": {"grid_id": 1113, "solar_count": 19, "solar_density": 0.76}}, {"type": "Feature", "geometry": {"type": "Polygon", "coordinates": [[[-77.448126456, 38.893990661], [-77.448126456, 38.928940401], [-77.403210692, 38.928940401], [-77.403210692, 38.893990661], [-77.448126456, 38.893990661]]]}, "properties": {"grid_id": 1114, "solar_count": 0, "solar_density": 0}}, {"type": "Feature", "geometry": {"type": "Polygon", "coordinates": [[[-77.537957985, 38.893990661], [-77.537957985, 38.928940401], [-77.49304222, 38.928940401], [-77.49304222, 38.893990661], [-77.537957985, 38.893990661]]]}, "properties": {"grid_id": 1115, "solar_count": 88, "solar_density": 3.52}}, {"type": "Feature", "geometry": {"type": "Polygon", "coordinates": [[[-77.644246649, 38.478105502], [-77.644246649, 38.513259052], [-77.599330885, 38.513259052], [-77.599330885, 38.478105502], [-77.644246649, 38.478105502]]]}, "properties": {"grid_id": 1116, "solar_count": 3, "solar_density": 0.11999999999995531}}, {"type": "Feature", "geometry": {"type": "Polygon", "coordinates": [[[-77.644246649, 38.478105502], [-77.644246649, 38.513259052], [-77.599330885, 38.513259052], [-77.599330885, 38.478105502], [-77.644246649, 38.478105502]]]}, "properties": {"grid_id": 1117, "solar_count": 3, "solar_density": 0.11999999999995531}}, {"type": "Feature", "geometry": {"type": "Polygon", "coordinates": [[[-77.644246649, 38.478105502], [-77.644246649, 38.513259052], [-77.599330885, 38.513259052], [-77.599330885, 38.478105502], [-77.644246649, 38.478105502]]]}, "properties": {"grid_id": 1118, "solar_count": 3, "solar_density": 0.11999999999995531}}, {"type": "Feature", "geometry": {"type": "Polygon", "coordinates": [[[-77.644246649, 38.513259052], [-77.644246649, 38.548395445], [-77.599330885, 38.548395445], [-77.599330885, 38.513259052], [-77.644246649, 38.513259052]]]}, "properties": {"grid_id": 1119, "solar_count": 1, "solar_density": 0.0400000000000149}}, {"type": "Feature", "geometry": {"type": "Polygon", "coordinates": [[[-77.644246649, 38.513259052], [-77.644246649, 38.548395445], [-77.599330885, 38.548395445], [-77.599330885, 38.513259052], [-77.644246649, 38.513259052]]]}, "properties": {"grid_id": 1120, "solar_count": 1, "solar_density": 0.0400000000000149}}, {"type": "Feature", "geometry": {"type": "Polygon", "coordinates": [[[-77.644246649, 38.513259052], [-77.644246649, 38.548395445], [-77.599330885, 38.548395445], [-77.599330885, 38.513259052], [-77.644246649, 38.513259052]]]}, "properties": {"grid_id": 1121, "solar_count": 1, "solar_density": 0.0400000000000149}}]}
